{
"type": "FeatureCollection",
"name": "Jeepney_Routes",
"crs": { "type": "name", "properties": { "name": "urn:ogc:def:crs:OGC:1.3:CRS84" } },
"features": [
{ "type": "Feature", "properties": { "Agency": "LTFRB", "Type": "PUJ", "Route_Code": "PUJ55B", "Route_Name": "Proj. 2 & 3- Pantranco via Kamuning", "Route_Begi": "Banuyo Intersection, Quezon City", "Route_End": "Hayundai, Quezon Avenue, Quezon City", "Schedule_T": "04:00-22:00", "Trip_Code": "T210", "Schedule_D": "Mondays to Sundays" }, "geometry": { "type": "MultiLineString", "coordinates": [ [ [ 121.069053616764208, 14.630224430523858 ], [ 121.069871036830321, 14.630651283244534 ], [ 121.069562053839263, 14.631289226757625 ], [ 121.069216301207547, 14.63194574528649 ], [ 121.069152319528968, 14.632054503640138 ], [ 121.069058386846308, 14.632207031695696 ], [ 121.068926322982207, 14.632374157148417 ], [ 121.068784712418605, 14.632496197277739 ], [ 121.06860496648352, 14.63261824747711 ], [ 121.068498751632291, 14.632685907427062 ], [ 121.068358485911929, 14.632748271914574 ], [ 121.068196422991733, 14.632790750409454 ], [ 121.06805205643353, 14.632800071331507 ], [ 121.067902237551479, 14.632793480259712 ], [ 121.067518129678191, 14.63267953545224 ], [ 121.067095885901665, 14.632561621583347 ], [ 121.06626637132976, 14.632288656575742 ], [ 121.066168302334304, 14.632262159446087 ], [ 121.066075673381718, 14.632206486427101 ], [ 121.065805939767202, 14.631969181149085 ], [ 121.065624749803789, 14.631788875935985 ], [ 121.065502126435419, 14.631615186332263 ], [ 121.065330412562759, 14.63121607002649 ], [ 121.065273159708667, 14.631026450455266 ], [ 121.065074178719556, 14.630518599623317 ], [ 121.064714374944316, 14.629581791525213 ], [ 121.064202297954012, 14.629648887384613 ], [ 121.063419193127032, 14.62972135283956 ], [ 121.063261207115929, 14.629724043549187 ], [ 121.063198554500957, 14.629713449884857 ], [ 121.062971083438057, 14.629616698862929 ], [ 121.062446639072263, 14.629252144352929 ], [ 121.062197438696799, 14.629398076306034 ], [ 121.061906039695103, 14.629632867529482 ], [ 121.061749454758555, 14.629792038113395 ], [ 121.060709385725843, 14.631687296164481 ], [ 121.060626353799336, 14.631883580006724 ], [ 121.060562368546016, 14.631994988242301 ], [ 121.060452077575448, 14.632111711619451 ], [ 121.059241569759536, 14.633297532391561 ], [ 121.059011561042681, 14.633993792944908 ], [ 121.058895922749016, 14.634542829182514 ], [ 121.056478240926424, 14.633835215970917 ], [ 121.054233558561663, 14.633188543390272 ], [ 121.048259608395242, 14.631473699736517 ], [ 121.046083074776959, 14.630842849478821 ], [ 121.045783420643417, 14.630715593304979 ], [ 121.045295812192364, 14.630564498025937 ], [ 121.044740116538904, 14.630471761827501 ], [ 121.040509681481623, 14.629239131580755 ], [ 121.038156133299381, 14.628571101573932 ], [ 121.036340585231869, 14.62803824315197 ], [ 121.034045627276669, 14.627382099023654 ], [ 121.033814100676153, 14.627408648446545 ], [ 121.03363433653405, 14.627506801732553 ], [ 121.034402851732523, 14.630527595971786 ], [ 121.035307707661588, 14.634484605233778 ], [ 121.035373101228714, 14.634625165038017 ], [ 121.035477980671601, 14.634675544309259 ], [ 121.035561072567972, 14.634757752933046 ], [ 121.035571986559944, 14.634895667224786 ], [ 121.035520244792963, 14.635000436506665 ], [ 121.035438533695427, 14.635062773907116 ], [ 121.035310509261791, 14.635081355299514 ], [ 121.035179751728549, 14.635029653021373 ], [ 121.035127989001793, 14.634973962666358 ], [ 121.03482835062772, 14.634964716408966 ], [ 121.033161322704004, 14.635333571723576 ], [ 121.030950868815097, 14.635832431561768 ], [ 121.027611335738911, 14.636596597469349 ], [ 121.026554364886891, 14.63592302562191 ], [ 121.023917420962334, 14.634329250023132 ], [ 121.020218130847454, 14.632008799254811 ], [ 121.018188733930842, 14.630810103381696 ], [ 121.017562276870493, 14.631722499192366 ], [ 121.017916398853799, 14.631926703572175 ], [ 121.019229384551124, 14.632764739102901 ], [ 121.020716717244028, 14.633661105591989 ], [ 121.021885343322765, 14.634351936258588 ], [ 121.021755969007529, 14.634557492110916 ], [ 121.019228040338092, 14.633075049476002 ] ] ] } },
{ "type": "Feature", "properties": { "Agency": "LTFRB", "Type": "MPUJ", "Route_Code": "PUJ57B", "Route_Name": "Parang, Marikina - Cubao", "Route_Begi": "Araneta City Modern Jeepney Terminal", "Route_End": "Jeepney Terminal, Fortune Tobacco Corporation, Marikina City", "Schedule_T": "04:00-22:00", "Trip_Code": "203", "Schedule_D": "Mondays to Sundays" }, "geometry": { "type": "MultiLineString", "coordinates": [ [ [ 121.055391734181015, 14.621084077723138 ], [ 121.054899487984699, 14.6222576113072 ], [ 121.054836481499862, 14.622323220802945 ], [ 121.054763688270569, 14.622353918067276 ], [ 121.054665904227647, 14.622385678471899 ], [ 121.054596368124933, 14.622404736933106 ], [ 121.054123809166057, 14.622857660850206 ], [ 121.053880499992971, 14.62324176693334 ], [ 121.055703947922936, 14.62406346130382 ], [ 121.057047112931201, 14.624759342961747 ], [ 121.058935809331459, 14.625704784516744 ], [ 121.060881025941953, 14.626656545508297 ], [ 121.062443735088337, 14.627434869048759 ], [ 121.063137035343303, 14.627650535165316 ], [ 121.064419273680159, 14.62787874985794 ], [ 121.066516496417805, 14.628240058099326 ], [ 121.066953325161762, 14.628304483726648 ], [ 121.067333660214899, 14.628401721468411 ], [ 121.06880943878069, 14.629046715912647 ], [ 121.070304811013287, 14.629782684116375 ], [ 121.07111552389182, 14.630150647136839 ], [ 121.072736985608586, 14.630979669169621 ], [ 121.073493375765125, 14.631345523248422 ], [ 121.073678094950665, 14.631330658036482 ], [ 121.073821510699872, 14.631275600373865 ], [ 121.073910589462159, 14.63119939821228 ], [ 121.073919068802553, 14.630498995744979 ], [ 121.07425156756473, 14.630490435357926 ], [ 121.074277952869437, 14.631491301413176 ], [ 121.074367127677604, 14.631728268824665 ], [ 121.075008351875667, 14.632125891598118 ], [ 121.075599566282776, 14.632434654910613 ], [ 121.076049482891221, 14.632618614196208 ], [ 121.076253790086028, 14.632692613588832 ], [ 121.076523280353655, 14.632722156993578 ], [ 121.076786228119985, 14.632679757661041 ], [ 121.077253432539848, 14.632552655686078 ], [ 121.077829188022406, 14.632084841714079 ], [ 121.078181223336571, 14.632000093310287 ], [ 121.078468085728872, 14.631989424906418 ], [ 121.079678639082033, 14.632190069308139 ], [ 121.080865291922407, 14.632399179073438 ], [ 121.08168682891889, 14.632563964543873 ], [ 121.082897441640483, 14.63291906098871 ], [ 121.084334103314276, 14.633354484192205 ], [ 121.085175240198978, 14.633616587283193 ], [ 121.086251174934972, 14.634115600359923 ], [ 121.087879233301706, 14.63492123791802 ], [ 121.090439800903795, 14.636168776253951 ], [ 121.090598465454889, 14.63621103927496 ], [ 121.090911410213891, 14.636196114091769 ], [ 121.091526405584716, 14.636094322086242 ], [ 121.092808597547233, 14.636004978444721 ], [ 121.094247253329684, 14.635890176780316 ], [ 121.094421115244018, 14.635892227279056 ], [ 121.094484188747543, 14.636014932073989 ], [ 121.094512507766495, 14.636182086189118 ], [ 121.094484325233438, 14.636357725672655 ], [ 121.094288953047524, 14.636916426006069 ], [ 121.094206559312383, 14.637396791299683 ], [ 121.094163244860596, 14.63777768938567 ], [ 121.094172198275814, 14.638433649073573 ], [ 121.094248511292335, 14.639057843226819 ], [ 121.094279386382667, 14.640187780714115 ], [ 121.09415803308022, 14.641074434332648 ], [ 121.094143118766468, 14.641827739237234 ], [ 121.094240993899774, 14.642018143227519 ], [ 121.094856314539413, 14.642692917599044 ], [ 121.095704416765216, 14.643938923642066 ], [ 121.096354748141962, 14.645172306725224 ], [ 121.096539657577694, 14.645599669028448 ], [ 121.096992540093439, 14.647609701298732 ], [ 121.097462366514776, 14.648523633690195 ], [ 121.09804944793791, 14.64916666999849 ], [ 121.098158133449047, 14.649204715385711 ], [ 121.099340552481138, 14.649424311797283 ], [ 121.099662213358954, 14.649419951326117 ], [ 121.100609758210339, 14.649288377874102 ], [ 121.10104878942812, 14.649300896086526 ], [ 121.10144438555173, 14.64938960745002 ], [ 121.102022615077274, 14.649634827839622 ], [ 121.102357426843469, 14.649884379121705 ], [ 121.102574884805662, 14.650155138431872 ], [ 121.102896814656035, 14.650764415442319 ], [ 121.103044780504177, 14.651162163463164 ], [ 121.103123225332439, 14.651623420440842 ], [ 121.103149688138075, 14.652495204273581 ], [ 121.10320264968739, 14.654319179961046 ], [ 121.103451104806936, 14.655872225222089 ], [ 121.103627155039618, 14.655872151829275 ], [ 121.103944506316026, 14.655931267364105 ], [ 121.104301000689929, 14.656036918154445 ], [ 121.104968357168218, 14.656269397455118 ], [ 121.105366135119624, 14.656345405051887 ], [ 121.105844315344271, 14.656385405563183 ], [ 121.106170357014463, 14.656433934311263 ], [ 121.10649425796899, 14.656554407719062 ], [ 121.106642103616394, 14.656664376457776 ], [ 121.106692143335991, 14.656774387223454 ], [ 121.106705246620663, 14.656911921956823 ], [ 121.106787867327355, 14.656975366543646 ], [ 121.107011759835444, 14.657030286112311 ], [ 121.107268271922393, 14.65712327944615 ], [ 121.108116037005701, 14.657364135494804 ], [ 121.108529069496456, 14.657520539204652 ], [ 121.108618212360952, 14.657586096279267 ], [ 121.108681255913083, 14.657613576680392 ], [ 121.1096638295585, 14.657960168096647 ], [ 121.110389906350974, 14.658245505823169 ], [ 121.111281172910296, 14.658537114960444 ], [ 121.112544185604023, 14.658989367935549 ], [ 121.113511574354121, 14.65937192197495 ], [ 121.114865886357663, 14.659830468253773 ], [ 121.116283255524195, 14.66032918093121 ], [ 121.116409330279936, 14.660352397462125 ], [ 121.116515828755183, 14.660345999118356 ], [ 121.117059099437341, 14.660136257170162 ], [ 121.117202531365351, 14.660098100893235 ], [ 121.117361186252253, 14.660076865311591 ], [ 121.117728509903117, 14.660080922019969 ], [ 121.11874793313801, 14.660182000683928 ], [ 121.118737230403269, 14.660505754513226 ], [ 121.118696094230529, 14.660821058993589 ], [ 121.118589820391605, 14.661269703114451 ], [ 121.11856819388835, 14.661483429954634 ], [ 121.118670707486274, 14.662188009915059 ], [ 121.11879716612745, 14.662962406354135 ], [ 121.118944961745868, 14.662953870948503 ], [ 121.119136208459906, 14.662907226345675 ], [ 121.119349136215561, 14.662754770876283 ], [ 121.119718505310829, 14.662500670943084 ], [ 121.120092296901731, 14.662394688537701 ], [ 121.120613935787759, 14.662381737229817 ], [ 121.121113936172449, 14.662555003748743 ], [ 121.121344362807292, 14.662618370224001 ], [ 121.121852956550214, 14.662596958557572 ], [ 121.122787576580322, 14.662604957264355 ], [ 121.123196226083252, 14.662655536721573 ], [ 121.124222308410069, 14.662989348303594 ], [ 121.125648417376425, 14.663496463048107 ], [ 121.125935440679086, 14.663712148189628 ], [ 121.126252963030495, 14.664054777459526 ], [ 121.12646188066114, 14.664528654505354 ], [ 121.126514172417288, 14.664761387864662 ], [ 121.126527287426242, 14.664896805289487 ] ] ] } },
{ "type": "Feature", "properties": { "Agency": "LTFRB", "Type": "PUJ", "Route_Code": "PUJ58B", "Route_Name": "Philcoa-Pier South via Quezon Avenue", "Route_Begi": "Philcoa, Commonwealth Avenue, Quezon City", "Route_End": "Bonifacio Drive, City of Manila", "Schedule_T": "04:00-22:00", "Trip_Code": "T3130", "Schedule_D": "Mondays to Sundays" }, "geometry": { "type": "MultiLineString", "coordinates": [ [ [ 121.053357374469314, 14.654284818501919 ], [ 121.051848773974726, 14.653172096363804 ], [ 121.051605335348455, 14.653104431324357 ], [ 121.051351041299398, 14.653093900359897 ], [ 121.051125014323745, 14.653144727965225 ], [ 121.050718677199598, 14.653620907419606 ], [ 121.050364463179108, 14.653906635553646 ], [ 121.049818983762279, 14.654186050750223 ], [ 121.049353902492427, 14.654372345509671 ], [ 121.048747525578051, 14.654450748550357 ], [ 121.048212847676737, 14.654400060654051 ], [ 121.047639026683811, 14.654235113964546 ], [ 121.047219494987885, 14.653928366355078 ], [ 121.046780364144041, 14.653405788449785 ], [ 121.046632503467578, 14.653037628383197 ], [ 121.046506364185731, 14.65259540416265 ], [ 121.046510586132385, 14.65190558443453 ], [ 121.046549606886188, 14.651349067281515 ], [ 121.046708165515497, 14.650794645519461 ], [ 121.04684068573097, 14.650477221201463 ], [ 121.046618909243634, 14.649988461259397 ], [ 121.045649467379178, 14.649404607381932 ], [ 121.044104014526198, 14.648427265172156 ], [ 121.042888970147416, 14.647699550463551 ], [ 121.042669427058058, 14.647507027689207 ], [ 121.04085448332556, 14.646404860689005 ], [ 121.040513231465908, 14.646191193637975 ], [ 121.040143733601326, 14.646024082386909 ], [ 121.039993764643839, 14.645979667744061 ], [ 121.038041906778503, 14.644746305548979 ], [ 121.037396365353715, 14.644348581869627 ], [ 121.036335685918814, 14.643718148607103 ], [ 121.035088090811655, 14.642973468825302 ], [ 121.034846819924311, 14.642734388980497 ], [ 121.034018720857745, 14.642259443520027 ], [ 121.030207529487001, 14.639835970187089 ], [ 121.027734158458571, 14.638270359113243 ], [ 121.024456679192454, 14.636311206263143 ], [ 121.023709036465476, 14.635824579534429 ], [ 121.023030942951976, 14.635359105607796 ], [ 121.021755969007529, 14.634557492110916 ], [ 121.018401748544093, 14.632583177329758 ], [ 121.017436800565804, 14.631927260123922 ], [ 121.016306689999453, 14.631190937310363 ], [ 121.015672089570103, 14.630700047757594 ], [ 121.015137457999913, 14.630166832531717 ], [ 121.015052699488407, 14.63008007906145 ], [ 121.01497011722202, 14.630071617991256 ], [ 121.014363771952276, 14.629504547304352 ], [ 121.013168477047444, 14.628395792784479 ], [ 121.011162583165557, 14.626599344657592 ], [ 121.010956127832927, 14.626411023329293 ], [ 121.010856158239577, 14.626222699890912 ], [ 121.009734788403478, 14.625272627157237 ], [ 121.007944092601107, 14.623562904425032 ], [ 121.00656414567149, 14.622373707841456 ], [ 121.005903515116515, 14.621741018251109 ], [ 121.004102011523372, 14.620075701754926 ], [ 121.00286987599435, 14.618992285258587 ], [ 121.001755194410947, 14.617998197972335 ], [ 121.001594020685388, 14.617963446951643 ], [ 121.001522148601481, 14.617891032825353 ], [ 121.001488163650265, 14.617837451987405 ], [ 121.001461736821483, 14.617714184860404 ], [ 121.001442853298045, 14.617642041227237 ], [ 120.999925407618022, 14.616266790877621 ], [ 120.997991440664734, 14.614512549844832 ], [ 120.996967972182233, 14.613572998394039 ], [ 120.995292630441682, 14.612059971068472 ], [ 120.993947594243522, 14.610826263957751 ], [ 120.992802477813498, 14.6097840604616 ], [ 120.991537865065865, 14.608626520606062 ], [ 120.990664376961178, 14.607832955906929 ], [ 120.989354350701902, 14.606654383979482 ], [ 120.98825688346993, 14.605663860550825 ], [ 120.987872292665472, 14.605371819477508 ], [ 120.985625938901094, 14.604870174741995 ], [ 120.985370261808043, 14.604729897683006 ], [ 120.985265083969736, 14.604613272457787 ], [ 120.984982011624894, 14.603294228987961 ], [ 120.984642172770904, 14.601783656280711 ], [ 120.984263537801127, 14.600003162393747 ], [ 120.983608600550227, 14.596787155926057 ], [ 120.983516947199149, 14.596662952971323 ], [ 120.983097439875706, 14.596377376703956 ], [ 120.980950972193654, 14.594962463068006 ], [ 120.980731539273265, 14.594737082711541 ], [ 120.980607674974223, 14.594832289855029 ], [ 120.980293653570669, 14.595191978082742 ], [ 120.980272997373874, 14.595309414864246 ], [ 120.980312093153458, 14.595442728530152 ], [ 120.980607534208701, 14.596031015158699 ], [ 120.980614046745416, 14.596082858370682 ], [ 120.98056514424141, 14.59619182794316 ], [ 120.980499952347458, 14.596239431108192 ], [ 120.980281574992702, 14.59626691484249 ], [ 120.980109907221674, 14.596354710243412 ], [ 120.979944766486796, 14.596371619599585 ], [ 120.979304878911989, 14.596169465748719 ], [ 120.97854114125191, 14.595947193096661 ], [ 120.978356463469609, 14.595818093609282 ], [ 120.978218515246098, 14.595590604735557 ], [ 120.977926284644965, 14.595432925532142 ], [ 120.977678590629935, 14.595333442033349 ], [ 120.977391794174906, 14.595166240741685 ], [ 120.977158220380701, 14.595096382735841 ], [ 120.976942026673385, 14.595048744915232 ], [ 120.976832304119043, 14.594995830447326 ], [ 120.976008814177646, 14.594810572219872 ], [ 120.975141867505968, 14.594631653294217 ], [ 120.974911548220646, 14.594604113879102 ], [ 120.974350951491644, 14.594595573019781 ], [ 120.974227112693214, 14.594498218954573 ], [ 120.974179328693324, 14.594369135097638 ], [ 120.974190999253238, 14.593765225804225 ], [ 120.973004063633795, 14.59271424108794 ], [ 120.971515876282751, 14.591393625399634 ], [ 120.970996605597236, 14.591173480644338 ], [ 120.97074853586065, 14.5911624220506 ], [ 120.970507745485023, 14.591014704033908 ], [ 120.970469383991528, 14.590828160533373 ], [ 120.970490662565098, 14.590677571874648 ], [ 120.970652829531545, 14.590483515437747 ], [ 120.970833758107105, 14.590464588825482 ], [ 120.970938052767849, 14.590468836820936 ], [ 120.971616142004123, 14.589396116840751 ], [ 120.973974997911526, 14.585579440889733 ] ] ] } },
{ "type": "Feature", "properties": { "Agency": "LTFRB", "Type": "PUJ", "Route_Code": "PUJ59B", "Route_Name": "Pintong Bukawe, San Mateo-Robinsons (Marcos Highway) via Marikina", "Route_Begi": "Robinsons Transport Terminal", "Route_End": "Kambal Road", "Schedule_T": "04:00-22:00", "Trip_Code": "T292", "Schedule_D": "Mondays to Sundays" }, "geometry": { "type": "MultiLineString", "coordinates": [ [ [ 121.100604373593882, 14.620022598587036 ], [ 121.100635267889558, 14.620358380873519 ], [ 121.101940113613367, 14.620601676264435 ], [ 121.104782680975333, 14.621165144588081 ], [ 121.104694938978042, 14.621434672804355 ], [ 121.101962189720183, 14.620858325618432 ], [ 121.102050513158133, 14.621927699339675 ], [ 121.102019813201537, 14.62204748581105 ], [ 121.102310749099559, 14.624335903278526 ], [ 121.102333237559279, 14.625542188006117 ], [ 121.102127535588068, 14.627338880245748 ], [ 121.101825477890344, 14.629828588583749 ], [ 121.101519018428164, 14.632314020201433 ], [ 121.101457738227637, 14.63284019433438 ], [ 121.101444640977263, 14.63303269326005 ], [ 121.101695284875831, 14.63355446254338 ], [ 121.101985835973849, 14.634923186860405 ], [ 121.101678673274535, 14.635787394641982 ], [ 121.101507589237784, 14.636386333228488 ], [ 121.101542776793622, 14.636480426832394 ], [ 121.102110010461757, 14.637605212525136 ], [ 121.102545383778818, 14.638584611548497 ], [ 121.103583144586793, 14.640658833383055 ], [ 121.100455594751281, 14.642071734168193 ], [ 121.101537383722473, 14.644368383587862 ], [ 121.10255321520772, 14.646489671763092 ], [ 121.103630629827862, 14.64873070294694 ], [ 121.104624560024604, 14.650911876977654 ], [ 121.10431263385972, 14.650967617388339 ], [ 121.103904027791444, 14.650980621559844 ], [ 121.103649168290573, 14.650920841233155 ], [ 121.103152617599491, 14.650771330872621 ], [ 121.102959296085643, 14.650771411036697 ], [ 121.102896814656035, 14.650764415442319 ], [ 121.103044780504177, 14.651162163463164 ], [ 121.103123225332439, 14.651623420440842 ], [ 121.103149688138075, 14.652495204273581 ], [ 121.10320264968739, 14.654319179961046 ], [ 121.103451104806936, 14.655872225222089 ], [ 121.103713583825879, 14.657512638068454 ], [ 121.10416218562159, 14.658492026593574 ], [ 121.104975818523712, 14.660228399612272 ], [ 121.106150111535626, 14.662734587593496 ], [ 121.106928955657949, 14.665198163773002 ], [ 121.107606623759892, 14.6673751800449 ], [ 121.108354695117612, 14.669736100734328 ], [ 121.108873993617536, 14.671459753854453 ], [ 121.10906767372451, 14.672191141562614 ], [ 121.109353673411391, 14.673012318248434 ], [ 121.109653031885344, 14.674205641469101 ], [ 121.109948019575697, 14.675441742294627 ], [ 121.110062346210242, 14.675608518521013 ], [ 121.111341832075325, 14.677254828002356 ], [ 121.112779653274885, 14.67915771475155 ], [ 121.113606237654139, 14.680119799048846 ], [ 121.114278925000889, 14.680868070898594 ], [ 121.11467466773378, 14.681394033787903 ], [ 121.115439913730668, 14.682689793821655 ], [ 121.115853386407323, 14.683510901710218 ], [ 121.115985375621008, 14.683831660673226 ], [ 121.116087007355901, 14.684960903047179 ], [ 121.116245858746439, 14.686274055638357 ], [ 121.116514721860071, 14.687886588820062 ], [ 121.116858680676728, 14.690269056040696 ], [ 121.117255417806319, 14.692724216440951 ], [ 121.117638883077746, 14.694986889462104 ], [ 121.117691812309133, 14.695371849069002 ], [ 121.118339987959715, 14.695328761594318 ], [ 121.118770672082718, 14.695362774584684 ], [ 121.118939903033905, 14.695441828468507 ], [ 121.120023637836894, 14.696363125969723 ], [ 121.120613326135384, 14.696874545879371 ], [ 121.12096028265745, 14.6964594469177 ], [ 121.121324856356622, 14.69612133569338 ], [ 121.121730657967873, 14.695840416463401 ] ] ] } },
{ "type": "Feature", "properties": { "Agency": "LTFRB", "Type": "PUJ", "Route_Code": "PUJ61B", "Route_Name": "Project 2 and 3-Welcome Rotonda via Kamias", "Route_Begi": "Proj. 2 & 3 Terminal, Narra, Quezon City", "Route_End": "Apo / Quezon Avenue Intersection, Quezon City", "Schedule_T": "04:00-22:00", "Trip_Code": "T3115", "Schedule_D": "Mondays to Sundays" }, "geometry": { "type": "MultiLineString", "coordinates": [ [ [ 121.06935563425705, 14.631681899404949 ], [ 121.069216301207547, 14.63194574528649 ], [ 121.069058386846308, 14.632207031695696 ], [ 121.068926322982207, 14.632374157148417 ], [ 121.068784712418605, 14.632496197277739 ], [ 121.068498751632291, 14.632685907427062 ], [ 121.068358485911929, 14.632748271914574 ], [ 121.068196422991733, 14.632790750409454 ], [ 121.06805205643353, 14.632800071331507 ], [ 121.067902237551479, 14.632793480259712 ], [ 121.067095885901665, 14.632561621583347 ], [ 121.066168302334304, 14.632262159446087 ], [ 121.066075673381718, 14.632206486427101 ], [ 121.065805939767202, 14.631969181149085 ], [ 121.065624749803789, 14.631788875935985 ], [ 121.065502126435419, 14.631615186332263 ], [ 121.065330412562759, 14.63121607002649 ], [ 121.065074178719556, 14.630518599623317 ], [ 121.064714374944316, 14.629581791525213 ], [ 121.064202297954012, 14.629648887384613 ], [ 121.063419193127032, 14.62972135283956 ], [ 121.063261207115929, 14.629724043549187 ], [ 121.063198554500957, 14.629713449884857 ], [ 121.062971083438057, 14.629616698862929 ], [ 121.062446639072263, 14.629252144352929 ], [ 121.062197438696799, 14.629398076306034 ], [ 121.061906039695103, 14.629632867529482 ], [ 121.061749454758555, 14.629792038113395 ], [ 121.060709385725843, 14.631687296164481 ], [ 121.060626353799336, 14.631883580006724 ], [ 121.060562368546016, 14.631994988242301 ], [ 121.060474856411318, 14.632094629529417 ], [ 121.059494959065177, 14.633048117730496 ], [ 121.059241569759536, 14.633297532391561 ], [ 121.059011561042681, 14.633993792944908 ], [ 121.058895922749016, 14.634542829182514 ], [ 121.057575159263408, 14.634154162296776 ], [ 121.056413482183714, 14.633817967773094 ], [ 121.05473997791384, 14.633333752943795 ], [ 121.05354027597383, 14.632989087844814 ], [ 121.05225690323671, 14.632620098819315 ], [ 121.051256071101463, 14.632332515176403 ], [ 121.049734724384905, 14.631895845312219 ], [ 121.048054730107637, 14.631414757500412 ], [ 121.046960454838853, 14.631096489764049 ], [ 121.046083074776959, 14.630842849478821 ], [ 121.045783420643417, 14.630715593304979 ], [ 121.045295812192364, 14.630564498025937 ], [ 121.044740116538904, 14.630471761827501 ], [ 121.043025113809662, 14.62997194850718 ], [ 121.040627957972347, 14.629271910634243 ], [ 121.03840468252973, 14.628639536775706 ], [ 121.036600860064553, 14.628117120706868 ], [ 121.034475403871255, 14.627507972771742 ], [ 121.034045627276669, 14.627382099023654 ], [ 121.033814100676153, 14.627408648446545 ], [ 121.03363433653405, 14.627506801732553 ], [ 121.034107823812647, 14.629364289575596 ], [ 121.034566607932618, 14.631247486907061 ], [ 121.034912345626481, 14.6327730905991 ], [ 121.035290703104749, 14.634423534301389 ], [ 121.035307707661588, 14.634484605233778 ], [ 121.035373101228714, 14.634625165038017 ], [ 121.035477980671601, 14.634675544309259 ], [ 121.035561072567972, 14.634757752933046 ], [ 121.035571986559944, 14.634895667224786 ], [ 121.035520244792963, 14.635000436506665 ], [ 121.035438533695427, 14.635062773907116 ], [ 121.035310509261791, 14.635081355299514 ], [ 121.035179751728549, 14.635029653021373 ], [ 121.035127989001793, 14.634973962666358 ], [ 121.03482835062772, 14.634964716408966 ], [ 121.032991516609016, 14.635373895983623 ], [ 121.031079094644269, 14.635803655503103 ], [ 121.029194917705695, 14.636233396574838 ], [ 121.027611335738911, 14.636596597469349 ], [ 121.026541271014196, 14.636799672404644 ], [ 121.02608708250483, 14.637093836603711 ], [ 121.025999080097932, 14.637268414976047 ], [ 121.024456679192454, 14.636311206263143 ], [ 121.022373883763507, 14.634950597153141 ], [ 121.019965827119009, 14.633499163019817 ], [ 121.018401748544093, 14.632583177329758 ], [ 121.016306689999453, 14.631190937310363 ], [ 121.015672089570103, 14.630700047757594 ], [ 121.015052699488407, 14.63008007906145 ], [ 121.01497011722202, 14.630071617991256 ], [ 121.013090621660055, 14.628331093086608 ], [ 121.014072871609287, 14.627362987129722 ], [ 121.014724801895468, 14.626699594796685 ], [ 121.014931243934669, 14.626443549757255 ], [ 121.015133334900085, 14.626077471936179 ], [ 121.015278917802831, 14.625582319153489 ], [ 121.015298466197606, 14.625326280657012 ], [ 121.015220190713123, 14.624259812147379 ], [ 121.015037592753657, 14.622867481000053 ], [ 121.014728903085924, 14.620040495498028 ], [ 121.014676706429057, 14.618891500794474 ], [ 121.012468833184514, 14.618718053571792 ], [ 121.010121885130459, 14.618536123514112 ], [ 121.007835787467783, 14.618339357396147 ], [ 121.004147175499099, 14.618039208390595 ], [ 121.002509425664755, 14.617873806619397 ] ] ] } },
{ "type": "Feature", "properties": { "Agency": "LTFRB", "Type": "PUJ", "Route_Code": "PUJ62B", "Route_Name": "Project 4-TM Kalaw via Cubao, E Rodriguez", "Route_Begi": "T.M. Kalaw, City of Manila", "Route_End": "Quirino Memorial Medical Center, J.P. Rizal Street, Quezon City", "Schedule_T": "04:00-22:00", "Trip_Code": "T385", "Schedule_D": "Mondays to Sundays" }, "geometry": { "type": "MultiLineString", "coordinates": [ [ [ 120.981636708114436, 14.582140343322004 ], [ 120.982167913888091, 14.582400670251763 ], [ 120.983325910543599, 14.583106481967183 ], [ 120.983509495808164, 14.583220765392465 ], [ 120.983739784792277, 14.58343768032513 ], [ 120.983924457895782, 14.583542441428392 ], [ 120.98410153255746, 14.583587953032977 ], [ 120.983258360006204, 14.584960110548044 ], [ 120.982512949656297, 14.586354493182741 ], [ 120.981141911502888, 14.588823703731444 ], [ 120.981142715282743, 14.588936951910425 ], [ 120.980776458483092, 14.590130347555041 ], [ 120.980411272378845, 14.591423195593219 ], [ 120.980192820006664, 14.592119341772772 ], [ 120.980138362036527, 14.59283945417778 ], [ 120.979827148051015, 14.593780038303045 ], [ 120.979871012891181, 14.594002563302336 ], [ 120.979957483347377, 14.594193628225092 ], [ 120.982143645002708, 14.595575015432056 ], [ 120.983599688040272, 14.596525830693141 ], [ 120.983746880268924, 14.596687341172709 ], [ 120.983860462598372, 14.597080974006461 ], [ 120.984244463787206, 14.599005294022081 ], [ 120.98483739885782, 14.601726550678636 ], [ 120.984919953521583, 14.601896897883432 ], [ 120.985026382626643, 14.602353967813151 ], [ 120.985355596632985, 14.602206934715582 ], [ 120.985641281072915, 14.602803677842083 ], [ 120.987197169713042, 14.602086482057596 ], [ 120.987235185778204, 14.602203924261099 ], [ 120.985250121684587, 14.603114697120208 ], [ 120.985212082481908, 14.603245886791216 ], [ 120.985294607026646, 14.603737868660332 ], [ 120.985470540909176, 14.604523985518469 ], [ 120.98552485558281, 14.604621327276959 ], [ 120.985649793500457, 14.604697515191262 ], [ 120.986158255088299, 14.604816057325941 ], [ 120.987088263338393, 14.60503091282334 ], [ 120.987155618212071, 14.605110269133448 ], [ 120.987922659991668, 14.605280671277319 ], [ 120.988061728086691, 14.605300784543598 ], [ 120.988969962742701, 14.606115521957443 ], [ 120.990163932684595, 14.60717890820216 ], [ 120.991758805523219, 14.608630603351143 ], [ 120.993449305053346, 14.610196557778101 ], [ 120.995537476852007, 14.61208203753716 ], [ 120.998892531301223, 14.615158860978571 ], [ 121.001511601264554, 14.617524944577086 ], [ 121.001601435545211, 14.617567308307741 ], [ 121.001701379737838, 14.617541233913197 ], [ 121.001769744932574, 14.617552973431653 ], [ 121.00182986377564, 14.617586773160065 ], [ 121.001874485057627, 14.617638556360978 ], [ 121.001889307458512, 14.617694284955423 ], [ 121.002178692735924, 14.61777063952702 ], [ 121.002256923221566, 14.617805555261345 ], [ 121.003270667222466, 14.617921952810853 ], [ 121.00520797563702, 14.618071151529822 ], [ 121.008691443281151, 14.618358924424799 ], [ 121.010049628718861, 14.61847317312273 ], [ 121.010553786446849, 14.61845623698253 ], [ 121.012683424231668, 14.618633936437375 ], [ 121.014650083440699, 14.618822202198363 ], [ 121.015132515606965, 14.618934333868962 ], [ 121.017603368137827, 14.619706576022407 ], [ 121.01981780443603, 14.620379353875521 ], [ 121.025993961101292, 14.622291799470297 ], [ 121.026066762898751, 14.622312953549731 ], [ 121.02611565165131, 14.622236772918402 ], [ 121.026191709950041, 14.622221954430261 ], [ 121.026262338611446, 14.622243108631443 ], [ 121.026413367194095, 14.622197601514237 ], [ 121.026467690816588, 14.622145754519611 ], [ 121.026614379547169, 14.622172192154137 ], [ 121.026426428011405, 14.622443058147244 ], [ 121.029203782940812, 14.623322009456629 ], [ 121.031237913945901, 14.623947085587577 ], [ 121.033368704879734, 14.624102377592228 ], [ 121.03626554474225, 14.624332672342424 ], [ 121.038493051672532, 14.624512239303279 ], [ 121.040666233605123, 14.624693908924657 ], [ 121.041487683754681, 14.624676859254624 ], [ 121.041961418767016, 14.624596379292585 ], [ 121.042509025527025, 14.624422782363942 ], [ 121.04307400056156, 14.62415184476917 ], [ 121.045179585040287, 14.623017321918244 ], [ 121.047763204826794, 14.621715530886796 ], [ 121.048491133877647, 14.621355678675997 ], [ 121.048680160885539, 14.621173667353746 ], [ 121.048873544345057, 14.621046671470525 ], [ 121.0490930208707, 14.621002195246923 ], [ 121.049838456191338, 14.621285604116405 ], [ 121.051720562447926, 14.622180321497137 ], [ 121.054626346583206, 14.623599586355873 ], [ 121.057338729158758, 14.624898244098947 ], [ 121.061324788760814, 14.626873698611735 ], [ 121.062443735088337, 14.627434869048759 ], [ 121.063137035343303, 14.627650535165316 ], [ 121.06434793758973, 14.627869611044751 ], [ 121.066516496417805, 14.628240058099326 ], [ 121.066986307454698, 14.628315420794245 ], [ 121.067333660214899, 14.628401721468411 ], [ 121.069409707076161, 14.629343162145798 ], [ 121.069839631728868, 14.628054394093134 ], [ 121.070968774185133, 14.62491392147354 ], [ 121.071329710102361, 14.623714570877709 ], [ 121.071557124774202, 14.622958561741234 ] ] ] } },
{ "type": "Feature", "properties": { "Agency": "LTFRB", "Type": "MPUJ", "Route_Code": "PUJ63B", "Route_Name": "Project 6–T.M. Kalaw via Quezon Ave.", "Route_Begi": "Project 6 Jeepney Terminal, Road 3, Quezon City", "Route_End": "T.M. Kalaw, City of Manila", "Schedule_T": "06:00-23:00", "Trip_Code": null, "Schedule_D": "Mondays to Sundays" }, "geometry": { "type": "MultiLineString", "coordinates": [ [ [ 121.036916437220754, 14.664020840237393 ], [ 121.039046581336848, 14.664508292125483 ], [ 121.04044421554876, 14.664787405636552 ], [ 121.04072025942537, 14.664806409316947 ], [ 121.040939786072968, 14.664793680925081 ], [ 121.041502719920672, 14.66469414469131 ], [ 121.04205475893356, 14.664429560203381 ], [ 121.042595899490365, 14.663985115481021 ], [ 121.042763222999284, 14.663745980680126 ], [ 121.042856668505209, 14.66364439776793 ], [ 121.043026155558167, 14.663348130237756 ], [ 121.043102196706627, 14.663151329622943 ], [ 121.043202118789608, 14.66278736063655 ], [ 121.043928100308648, 14.662918437587722 ], [ 121.044256021782303, 14.661270014836031 ], [ 121.044540540564242, 14.660040568055273 ], [ 121.044612220171572, 14.659773939349018 ], [ 121.043958265967561, 14.659611257398014 ], [ 121.043693869864484, 14.660668812120463 ], [ 121.043576485350243, 14.6606543195107 ], [ 121.043511269744954, 14.660634376816294 ], [ 121.043462820283068, 14.660598106211175 ], [ 121.042734180163691, 14.659829120749423 ], [ 121.039363328334815, 14.660536501531642 ], [ 121.03662864524911, 14.661101544349968 ], [ 121.036690082043833, 14.661776843695073 ], [ 121.036685828536534, 14.662461372724302 ], [ 121.036560850547232, 14.662460330872559 ], [ 121.036554238708959, 14.6617895572961 ], [ 121.036478071724204, 14.661098690561664 ], [ 121.036363862835046, 14.66036339246925 ], [ 121.035759295034666, 14.657849651358978 ], [ 121.035045973133151, 14.654599550315991 ], [ 121.03172937488462, 14.655361695812619 ], [ 121.030520959434057, 14.655611512395817 ], [ 121.030125415418055, 14.65585277779368 ], [ 121.029755924531372, 14.655831654816435 ], [ 121.02617195437233, 14.656614907631724 ], [ 121.026115425766776, 14.656407543518197 ], [ 121.029097354148576, 14.655721687042847 ], [ 121.029679828731645, 14.655596785393016 ], [ 121.029894951834692, 14.655129125936488 ], [ 121.029892724901956, 14.654623399984908 ], [ 121.029286072443682, 14.652101176810485 ], [ 121.028533738976336, 14.648804505561694 ], [ 121.027807529588642, 14.645727893657373 ], [ 121.027529244709413, 14.644733393754697 ], [ 121.026985686114941, 14.642350813430168 ], [ 121.026302998553547, 14.639418080063226 ], [ 121.026024750448599, 14.638673267228668 ], [ 121.025811686225154, 14.637738007536917 ], [ 121.025732333452197, 14.637416380206796 ], [ 121.025561707782728, 14.637147660604878 ], [ 121.025479106539493, 14.636952994181085 ], [ 121.023901228398586, 14.635941662859208 ], [ 121.021069343385406, 14.634134781233904 ], [ 121.018222299434285, 14.632467522473471 ], [ 121.016306689999453, 14.631190937310363 ], [ 121.015672089570103, 14.630700047757594 ], [ 121.015052699488407, 14.63008007906145 ], [ 121.01497011722202, 14.630071617991256 ], [ 121.010956127832927, 14.626411023329293 ], [ 121.010856158239577, 14.626222699890912 ], [ 121.008790389494848, 14.624380396600342 ], [ 121.006404269301697, 14.62220514340596 ], [ 121.001755194410947, 14.617998197972335 ], [ 121.001600657917379, 14.617948724517058 ], [ 121.001532207138951, 14.617881010527142 ], [ 121.001490919886606, 14.617818587153346 ], [ 121.001431164228592, 14.617635550447512 ], [ 120.999891574656743, 14.616237882545668 ], [ 120.997021058585744, 14.613620269821277 ], [ 120.991814754199254, 14.608880119310742 ], [ 120.988355596827333, 14.60573123974739 ], [ 120.987872292665472, 14.605371819477508 ], [ 120.985625938901094, 14.604870174741995 ], [ 120.985370261808043, 14.604729897683006 ], [ 120.985265083969736, 14.604613272457787 ], [ 120.984970364062136, 14.603132479840056 ], [ 120.984631539089008, 14.601578232395395 ], [ 120.984036423472318, 14.59896065992687 ], [ 120.983656370745919, 14.596980028568829 ], [ 120.983608600550227, 14.596787155926057 ], [ 120.983516947199149, 14.596662952971323 ], [ 120.982164819325604, 14.5957726878549 ], [ 120.980926378438554, 14.594944133080899 ], [ 120.980663491182327, 14.594694413645335 ], [ 120.979998635551667, 14.594362123657108 ], [ 120.979243904529639, 14.594121172672708 ], [ 120.979098269789432, 14.59408333424048 ], [ 120.978981768482086, 14.594001374294534 ], [ 120.978887931339017, 14.593846926120257 ], [ 120.978907378294807, 14.593620000510811 ], [ 120.97920195379011, 14.593128358102705 ], [ 120.979499080008111, 14.59271368636991 ], [ 120.979557766640553, 14.592550759599789 ], [ 120.979831578284589, 14.592271476451788 ], [ 120.979983703622125, 14.59204931168809 ], [ 120.980144547801146, 14.59159438553829 ], [ 120.980244541851263, 14.591226209247667 ], [ 120.980394497488177, 14.590968071597139 ], [ 120.980540142746676, 14.590407342380924 ], [ 120.980602078033328, 14.590322708450893 ], [ 120.980647717016865, 14.590239130703177 ], [ 120.980805309647039, 14.589695330781499 ], [ 120.980802062509454, 14.589591645392625 ], [ 120.980994450880971, 14.588773824415121 ], [ 120.981669245055443, 14.587541315042495 ], [ 120.982266880969405, 14.586464323144142 ], [ 120.983218730108504, 14.58484248972151 ], [ 120.983912339578794, 14.583627183114245 ], [ 120.983065735028973, 14.583103104214031 ], [ 120.982043519563263, 14.582541195046231 ], [ 120.98126463726679, 14.582141183622463 ], [ 120.981049531794937, 14.582179248590105 ], [ 120.980984521332431, 14.58228419701873 ] ] ] } },
{ "type": "Feature", "properties": { "Agency": "LTFRB", "Type": "MPUJ", "Route_Code": "PUJ65B", "Route_Name": "Roces-Cubao", "Route_Begi": "Roces Jeepney Terminal", "Route_End": "Araneta City Modern Jeepney Terminal", "Schedule_T": "06:00--23:00", "Trip_Code": null, "Schedule_D": "Mondays to Sundays" }, "geometry": { "type": "MultiLineString", "coordinates": [ [ [ 121.020946167363661, 14.632473135379529 ], [ 121.020668804526878, 14.63228818757042 ], [ 121.020948038261906, 14.631881895963136 ], [ 121.020946927436924, 14.631509477670487 ], [ 121.020955609661769, 14.631345486091783 ], [ 121.021047960976631, 14.631183605346168 ], [ 121.021174003467223, 14.631119059077264 ], [ 121.021356553387633, 14.631111641529909 ], [ 121.02146304340647, 14.631145490971512 ], [ 121.021565189313947, 14.631213196859548 ], [ 121.021862924791904, 14.631275599927232 ], [ 121.02461743095833, 14.630649063050486 ], [ 121.031841016908089, 14.629082542007765 ], [ 121.033718610937015, 14.628676056311924 ], [ 121.033832677706471, 14.628465499631769 ], [ 121.033547270224943, 14.627242330341181 ], [ 121.033860222440339, 14.627267307992646 ], [ 121.035456499165363, 14.627723641261673 ], [ 121.036923457809138, 14.628148773685872 ], [ 121.038634918819696, 14.628659561899051 ], [ 121.039583055958147, 14.62556370120198 ], [ 121.040084919117234, 14.62465480148211 ], [ 121.040945495338491, 14.624698054505421 ], [ 121.041487683754681, 14.624676859254624 ], [ 121.042335196021227, 14.624497882150175 ], [ 121.042744807785226, 14.624328537819999 ], [ 121.045673940761176, 14.622768562393984 ], [ 121.048491133877647, 14.621355678675997 ], [ 121.048680160885539, 14.621173667353746 ], [ 121.048873544345057, 14.621046671470525 ], [ 121.0490930208707, 14.621002195246923 ], [ 121.05312130111021, 14.622870879334073 ], [ 121.053268468253961, 14.622573020888467 ], [ 121.053286911950991, 14.622440766295103 ], [ 121.054116044352398, 14.622822539299124 ], [ 121.054619021815824, 14.622345274966056 ], [ 121.054640744855277, 14.622307182230148 ], [ 121.054751563966278, 14.62225849102798 ], [ 121.054793932409751, 14.622223568032501 ], [ 121.054909053523545, 14.62197279648924 ], [ 121.054941164123562, 14.621803618373338 ], [ 121.054940512962858, 14.621740028376195 ], [ 121.055520475296774, 14.620554939202028 ], [ 121.055574252024414, 14.620519484662612 ], [ 121.0556964325732, 14.620262363172303 ], [ 121.055767067408638, 14.620301494554731 ], [ 121.055141768438034, 14.62160191659915 ] ] ] } },
{ "type": "Feature", "properties": { "Agency": "LTFRB", "Type": "MPUJ", "Route_Code": "PUJ66B", "Route_Name": "Rodriguez - Marikina BFCT", "Route_Begi": "BFCT East Metro Manila Transport Terminal", "Route_End": "MH del Pilar Street, Rodriguez", "Schedule_T": "04:00-22:00", "Trip_Code": "212", "Schedule_D": "Mondays to Sundays" }, "geometry": { "type": "MultiLineString", "coordinates": [ [ [ 121.083187618404764, 14.623846368861281 ], [ 121.083249483607716, 14.623898705662501 ], [ 121.083581026256667, 14.624294290786697 ], [ 121.083654920734574, 14.624315426491622 ], [ 121.083737503025503, 14.624322805213545 ], [ 121.083922215237962, 14.624306873897385 ], [ 121.084074314963075, 14.624247575016584 ], [ 121.084266645383423, 14.624266555106848 ], [ 121.084501270929309, 14.624054875500578 ], [ 121.084666352380836, 14.623834754913338 ], [ 121.085072597532033, 14.623460084174683 ], [ 121.085989323436351, 14.622513915856873 ], [ 121.086123973866037, 14.622281108507295 ], [ 121.087796657234364, 14.620575025102557 ], [ 121.088148598487621, 14.620295588469643 ], [ 121.08857436328698, 14.619851076305135 ], [ 121.088969696643574, 14.619389646002734 ], [ 121.089530204353252, 14.618983172668147 ], [ 121.090016888713194, 14.618746005497872 ], [ 121.090503596122005, 14.61857231771128 ], [ 121.091059867564056, 14.618466316150577 ], [ 121.091511873988154, 14.618474615997828 ], [ 121.091985624442913, 14.618516763221026 ], [ 121.095388976344111, 14.619234936280392 ], [ 121.09797083187533, 14.619750245713819 ], [ 121.100647260586527, 14.620338490755879 ], [ 121.104782680975333, 14.621165144588081 ], [ 121.104694938978042, 14.621434672804355 ], [ 121.101962189720183, 14.620858325618432 ], [ 121.102050513158133, 14.621927699339675 ], [ 121.102019813201537, 14.62204748581105 ], [ 121.102310749099559, 14.624335903278526 ], [ 121.102334798478651, 14.625625718040231 ], [ 121.101444640977263, 14.63303269326005 ], [ 121.101695284875831, 14.63355446254338 ], [ 121.101985835973849, 14.634923186860405 ], [ 121.101507589237784, 14.636386333228488 ], [ 121.102142255829619, 14.637678593295805 ], [ 121.102868814550575, 14.639244140880185 ], [ 121.103583144586793, 14.640658833383055 ], [ 121.100455594751281, 14.642071734168193 ], [ 121.101537383722473, 14.644368383587862 ], [ 121.10255321520772, 14.646489671763092 ], [ 121.103612976162466, 14.648690750846622 ], [ 121.102914361020254, 14.648987282162553 ], [ 121.102399394010106, 14.649279503815501 ], [ 121.10228531465836, 14.64933456695773 ], [ 121.102104981959926, 14.649471123536944 ], [ 121.10197573533182, 14.649634109128618 ], [ 121.102222486692042, 14.649796940394239 ], [ 121.102525809911285, 14.650104694567794 ], [ 121.102710675977264, 14.650395569248911 ], [ 121.102930387330801, 14.650847245883153 ], [ 121.103044780504177, 14.651162163463164 ], [ 121.10312199388234, 14.651638553065053 ], [ 121.103158360369889, 14.652791761678609 ], [ 121.103178313834007, 14.653687882195971 ], [ 121.103197070412534, 14.654332198378187 ], [ 121.103416088991509, 14.655669423272753 ], [ 121.103603518116145, 14.656832090484254 ], [ 121.103713583825879, 14.657512638068454 ], [ 121.104975818523712, 14.660228399612272 ], [ 121.106150111535626, 14.662734587593496 ], [ 121.107264705824875, 14.666298598042355 ], [ 121.108300845984814, 14.669599112568864 ], [ 121.109088944221526, 14.672298786141367 ], [ 121.109353673411391, 14.673012318248434 ], [ 121.109948019575697, 14.675441742294627 ], [ 121.112779653274885, 14.67915771475155 ], [ 121.114278925000889, 14.680868070898594 ], [ 121.11467466773378, 14.681394033787903 ], [ 121.115439913730668, 14.682689793821655 ], [ 121.115985375621008, 14.683831660673226 ], [ 121.116858680676728, 14.690269056040696 ], [ 121.117625301762502, 14.694911731218042 ], [ 121.118681727921313, 14.694789553229592 ], [ 121.118911066174078, 14.69478521029669 ], [ 121.11915024360232, 14.69489195226247 ], [ 121.12096028265745, 14.6964594469177 ], [ 121.122166730212882, 14.69748679799166 ], [ 121.123321568454145, 14.698453230350827 ], [ 121.124002335081585, 14.699094033791088 ], [ 121.124811828689488, 14.700595980246829 ], [ 121.125016379444531, 14.700974639259261 ], [ 121.125188086975299, 14.700917419590553 ], [ 121.125290260411091, 14.700917367308499 ], [ 121.125377242842035, 14.700965990684825 ], [ 121.125692755957346, 14.701513871920547 ], [ 121.126082245891425, 14.702175978375275 ], [ 121.126422017348702, 14.703350180876463 ], [ 121.126933447824314, 14.704367709996044 ], [ 121.127153232663204, 14.704763287005026 ], [ 121.127725459943832, 14.705634778884505 ], [ 121.129069909491676, 14.707335332607661 ], [ 121.129196023153625, 14.707377585832363 ], [ 121.129317760545632, 14.70736905742298 ], [ 121.129776397410964, 14.70724397040785 ], [ 121.129912260722818, 14.707226970198505 ], [ 121.130151393291825, 14.707220494855356 ], [ 121.130444916736749, 14.707288050033839 ], [ 121.130763470286368, 14.707407433307859 ], [ 121.131015738544946, 14.707562823648226 ], [ 121.131449656959347, 14.707935005395717 ], [ 121.131554074442832, 14.708052386832646 ], [ 121.131975205240991, 14.708869991339336 ], [ 121.132156900263666, 14.709162958217746 ], [ 121.132483212608193, 14.709537312213902 ], [ 121.133251085566314, 14.71032615969383 ], [ 121.133377289723711, 14.710520762149377 ], [ 121.133636354197947, 14.711140606548726 ], [ 121.133753946501244, 14.711479101095343 ], [ 121.134108808660415, 14.712337999610334 ], [ 121.134258937549035, 14.712547400325333 ], [ 121.134315550650356, 14.712699720675968 ], [ 121.134467863868608, 14.712926047991166 ], [ 121.1347333266731, 14.713323708130833 ], [ 121.134890018498581, 14.713600816573226 ], [ 121.13503577493745, 14.713765783307254 ], [ 121.135253244842161, 14.713879926287449 ], [ 121.135420701069933, 14.713975052936281 ], [ 121.135575138120529, 14.714112506579101 ], [ 121.135660028677336, 14.714288086752351 ], [ 121.135742812577405, 14.714577931704556 ], [ 121.135814638036479, 14.714717547209247 ], [ 121.136027864792879, 14.71500731924711 ], [ 121.137020077831934, 14.71643717401575 ], [ 121.137285620115009, 14.71695332659154 ], [ 121.137925419590104, 14.717998265067628 ], [ 121.138817632853588, 14.719398544358485 ], [ 121.139714126136454, 14.720667625994954 ], [ 121.140532364462018, 14.721940981200044 ], [ 121.141441748526006, 14.722926505411612 ], [ 121.141637583431205, 14.723193006181148 ], [ 121.141690088214077, 14.723721973360279 ], [ 121.141820655881517, 14.723916568324446 ], [ 121.142086064355695, 14.724183028034263 ], [ 121.142247031255692, 14.724314125221804 ], [ 121.142364599502912, 14.72458067117212 ], [ 121.142577995452584, 14.725113775639283 ], [ 121.142826425936377, 14.726044665515737 ], [ 121.143152946435436, 14.726683502289248 ], [ 121.143348773605481, 14.726928841580364 ], [ 121.143670916879117, 14.727516896369256 ], [ 121.144001938934593, 14.728392720059174 ], [ 121.144664103017291, 14.730322108823334 ], [ 121.145213161018177, 14.732158459525984 ], [ 121.145631583999474, 14.733694416653844 ], [ 121.145797026763802, 14.734011715531922 ], [ 121.145936513773606, 14.734540628801767 ], [ 121.146193585634748, 14.735344549574453 ], [ 121.146291440690547, 14.73536670838995 ], [ 121.147002410435803, 14.735354640064273 ], [ 121.148828744840813, 14.735309088717253 ], [ 121.150381110118204, 14.735242533510446 ], [ 121.150759401531076, 14.735202094320796 ], [ 121.152364037165825, 14.735270916494148 ], [ 121.153901273640599, 14.735341886443264 ], [ 121.154666575086495, 14.735294846176549 ], [ 121.155190515431542, 14.735218334693958 ], [ 121.156334033999528, 14.735025042532049 ], [ 121.157516676537483, 14.734816907303479 ], [ 121.158227522740816, 14.734630235603948 ], [ 121.158990543389677, 14.734435063419584 ] ] ] } },
{ "type": "Feature", "properties": { "Agency": "LTFRB", "Type": "PUJ", "Route_Code": "PUJ67B", "Route_Name": "Rodriguez (Rizal)-Litex", "Route_Begi": "Litex Market, Commonwealth Avenue, Quezon City", "Route_End": "Montalban Heights", "Schedule_T": "04:00-22:00", "Trip_Code": "T291", "Schedule_D": "Mondays to Sundays" }, "geometry": { "type": "MultiLineString", "coordinates": [ [ [ 121.086731855691241, 14.701311606738404 ], [ 121.08662215267357, 14.701529592510351 ], [ 121.088144147718438, 14.702220993661793 ], [ 121.08840286923062, 14.702288614455723 ], [ 121.088996352306282, 14.702296868246219 ], [ 121.089392544874315, 14.702285618082682 ], [ 121.089308987260694, 14.702652773646964 ], [ 121.0886843910545, 14.703740618838495 ], [ 121.08852365616201, 14.704105685405539 ], [ 121.088195885099353, 14.705433589845597 ], [ 121.08813294112457, 14.705704459738898 ], [ 121.088114577226932, 14.706013401894907 ], [ 121.088169539583916, 14.706201706365659 ], [ 121.088300044771856, 14.706383636205302 ], [ 121.088453362570149, 14.706527469950677 ], [ 121.088730637591254, 14.706781291573433 ], [ 121.088949247523757, 14.707118715618645 ], [ 121.089077617300461, 14.707400097646079 ], [ 121.089122210324419, 14.707470967688371 ], [ 121.089220047748313, 14.70749420879789 ], [ 121.089510269217001, 14.707484583147336 ], [ 121.089610292659813, 14.707539563272798 ], [ 121.089838610157429, 14.707672789211399 ], [ 121.090175694280617, 14.707983719502481 ], [ 121.090702697107332, 14.708851343507915 ], [ 121.090780515464644, 14.709172691037535 ], [ 121.090759442534662, 14.710912048247078 ], [ 121.090672869837718, 14.711923526141572 ], [ 121.090329851930889, 14.71317208836855 ], [ 121.090275641665826, 14.713540291340189 ], [ 121.090310523022652, 14.713794198303383 ], [ 121.090401964940526, 14.714141188635551 ], [ 121.090523753057781, 14.714251176345629 ], [ 121.090656379874332, 14.714278636202796 ], [ 121.090823792954154, 14.714310315329289 ], [ 121.092717386574137, 14.714326546978256 ], [ 121.093226085556822, 14.714260761400553 ], [ 121.093618443268866, 14.71411937158395 ], [ 121.094179231343077, 14.713835616739479 ], [ 121.094400925134494, 14.713691645070902 ], [ 121.094622677203176, 14.713693676903841 ], [ 121.094846642451714, 14.71379304350376 ], [ 121.095731779686403, 14.714545999170152 ], [ 121.095962639527201, 14.714685515452125 ], [ 121.096335888715998, 14.714737196109526 ], [ 121.096703677196899, 14.714793194639666 ], [ 121.097240673516879, 14.714812029075338 ], [ 121.097736345532539, 14.714788558614337 ], [ 121.097988562632622, 14.714856171099294 ], [ 121.098216883962195, 14.71496822867228 ], [ 121.099302133312477, 14.715917878868678 ], [ 121.100398288596551, 14.716928883295653 ], [ 121.100905115487024, 14.717557128028353 ], [ 121.100944307888682, 14.717694651745941 ], [ 121.100992890136169, 14.718222769310346 ], [ 121.100742665997828, 14.718968562784852 ], [ 121.100425548511822, 14.719666969787108 ], [ 121.100402792506628, 14.719835200589003 ], [ 121.100499742072628, 14.720308086102605 ], [ 121.100568280061282, 14.720433959976456 ], [ 121.100665072343148, 14.720538662405119 ], [ 121.101171654739773, 14.720578659936509 ], [ 121.101512988336268, 14.720578520263318 ], [ 121.10177178053074, 14.720749809584952 ], [ 121.101924053132763, 14.720946534426453 ], [ 121.102504894866925, 14.721760952370921 ], [ 121.102818068040534, 14.721991465796901 ], [ 121.103152983025993, 14.722221969724279 ], [ 121.104527392512821, 14.723046630086387 ], [ 121.105247930893398, 14.723385092713237 ], [ 121.105443168930606, 14.723396577303921 ], [ 121.106108043685637, 14.723185611640746 ], [ 121.106538475076832, 14.723085974514682 ], [ 121.107257734216972, 14.723066395331317 ], [ 121.107740665006148, 14.722867505054388 ], [ 121.108577489258977, 14.722410083300153 ], [ 121.109055072617181, 14.722242375970247 ], [ 121.109983769844973, 14.721618077919731 ], [ 121.11022720906675, 14.721488893464667 ], [ 121.110427216960403, 14.721467643920429 ], [ 121.111866492345797, 14.721500849915426 ], [ 121.112323157989806, 14.721714357200838 ], [ 121.112755935916695, 14.721982890363584 ], [ 121.112923430798375, 14.722164788950883 ], [ 121.113014870914242, 14.722427130135726 ], [ 121.113028070678453, 14.722746639080899 ], [ 121.113002047972472, 14.722884190614774 ], [ 121.112926022463711, 14.723025997101681 ], [ 121.11254584642559, 14.72363769347651 ], [ 121.112493742949283, 14.723794300819625 ], [ 121.112389654197614, 14.724352970623576 ], [ 121.112431100656025, 14.724638610754507 ], [ 121.112990403627265, 14.725770410620971 ], [ 121.113184066532085, 14.726106764387152 ], [ 121.113396247801276, 14.726259111478003 ], [ 121.115310909831337, 14.727157423552105 ], [ 121.117017907651004, 14.727711534465689 ], [ 121.117271272302375, 14.727857945911643 ], [ 121.117373531550953, 14.728002842455938 ], [ 121.117748034663265, 14.729078644871207 ], [ 121.117866624626544, 14.729291043356646 ], [ 121.118015924302256, 14.729514992870183 ], [ 121.118154886222683, 14.729627549005398 ], [ 121.118377778778651, 14.729702559159755 ], [ 121.118628910530589, 14.729727829621547 ], [ 121.118793041202778, 14.729687546261488 ], [ 121.118919091538189, 14.729584859513242 ], [ 121.119151553020401, 14.72924089789772 ], [ 121.119319874363995, 14.72889485130157 ], [ 121.119430472753919, 14.728341465512063 ], [ 121.119464063521463, 14.728129849931801 ], [ 121.119612784917777, 14.727723506881855 ], [ 121.120206832893246, 14.726590102246279 ], [ 121.120313338076969, 14.726535034147348 ], [ 121.120448138556014, 14.726540257863144 ], [ 121.121027627044938, 14.726684917571726 ], [ 121.121161339997713, 14.726689083413062 ], [ 121.121245035692041, 14.726671056039011 ], [ 121.121368351326936, 14.726541390405295 ], [ 121.12141286364627, 14.726430807737627 ], [ 121.121410637965226, 14.726332415203574 ], [ 121.121370362654758, 14.726230338551927 ], [ 121.121179491633526, 14.726060095736788 ], [ 121.121062041570568, 14.725972340165381 ], [ 121.121008715238474, 14.725858102943448 ], [ 121.121002135375647, 14.725748074593403 ], [ 121.121060768362057, 14.72561579608456 ], [ 121.121335566085889, 14.725172359630537 ], [ 121.121411633958857, 14.725120480099736 ], [ 121.121512731601868, 14.72512042993495 ], [ 121.121582321927164, 14.72515425125737 ], [ 121.121662810196256, 14.725239908955901 ], [ 121.121818411046902, 14.725524432532538 ], [ 121.12223186106705, 14.726210865853547 ], [ 121.122464785127406, 14.726758791336961 ], [ 121.122656228733504, 14.726980874588486 ], [ 121.122997685507514, 14.727194418313786 ], [ 121.123371825303678, 14.727539136536494 ], [ 121.123511082557727, 14.727746433435994 ], [ 121.124170727256654, 14.72937118085744 ], [ 121.124255589744934, 14.729500213207778 ], [ 121.124516604761709, 14.729709563508262 ], [ 121.125150726102746, 14.730049026333857 ], [ 121.125256042907807, 14.730104875925953 ], [ 121.125334373422987, 14.73021486729399 ], [ 121.125628385903326, 14.731128824425104 ], [ 121.125870200219609, 14.732006836160547 ], [ 121.126029512633039, 14.733098605223903 ], [ 121.126070920900048, 14.733278443051159 ], [ 121.126373475662547, 14.733896155864448 ], [ 121.126684689655619, 14.734441920069481 ], [ 121.12698530721913, 14.735484947034406 ], [ 121.12709204422174, 14.735846725775968 ], [ 121.127103049304083, 14.736090058902111 ], [ 121.127079283810204, 14.736365149985032 ], [ 121.126867149018864, 14.738081328156191 ], [ 121.126915243313078, 14.738555284827495 ], [ 121.127063456834151, 14.739214867420575 ], [ 121.127574149350096, 14.740705315327638 ], [ 121.128204594950176, 14.74248188640798 ], [ 121.128417970867162, 14.743008655291504 ], [ 121.128655252419222, 14.743512135453713 ], [ 121.128882620895624, 14.743783390847108 ], [ 121.129156730037053, 14.744040338312699 ], [ 121.129464564533151, 14.744337471302421 ], [ 121.130350150324574, 14.745455827757276 ], [ 121.130553671002076, 14.74584347353826 ], [ 121.130720215532875, 14.746208392107347 ], [ 121.130891094916663, 14.746547916355661 ], [ 121.130374834934642, 14.746812162844893 ], [ 121.129692323505438, 14.747233608872531 ], [ 121.128283827684939, 14.748116721557452 ], [ 121.127716544137584, 14.748527521137524 ], [ 121.126836219993194, 14.749069673627027 ], [ 121.126497132621438, 14.749281448550549 ], [ 121.125825438719176, 14.749630933996912 ], [ 121.125655875771983, 14.749702964988328 ], [ 121.12542758932554, 14.749747518216056 ], [ 121.125284060286859, 14.7497116201761 ], [ 121.12475123392548, 14.749523570272986 ], [ 121.124638124839734, 14.749447452508097 ], [ 121.12452260580217, 14.749336959230893 ], [ 121.123457639801885, 14.747796523737469 ] ] ] } },
{ "type": "Feature", "properties": { "Agency": "LTFRB", "Type": "MPUJ", "Route_Code": "PUJ68B", "Route_Name": "Rosario Jct. - San Juan via Pinaglabanan", "Route_Begi": "Rosario Footbridge, Ortigas Ave., Pasig City", "Route_End": "N. Domingo, San Juan", "Schedule_T": "04:00-22:00", "Trip_Code": "313", "Schedule_D": "Mondays to Sundays" }, "geometry": { "type": "MultiLineString", "coordinates": [ [ [ 121.085010989899061, 14.590663974223885 ], [ 121.084139638159982, 14.590518259833429 ], [ 121.083154202604334, 14.590337665292108 ], [ 121.082205706482966, 14.590157054627088 ], [ 121.081997122035318, 14.590174050207276 ], [ 121.080841116431543, 14.58997128268218 ], [ 121.079659078264285, 14.589887014644574 ], [ 121.077103804605315, 14.58974179461139 ], [ 121.076645331472108, 14.589710192261583 ], [ 121.076395438252817, 14.589646786484932 ], [ 121.073864053512864, 14.589446507329692 ], [ 121.072338707636078, 14.589330560528065 ], [ 121.070287532084294, 14.589172427322984 ], [ 121.068738290786911, 14.589062811561027 ], [ 121.066702333779503, 14.588919454934725 ], [ 121.064725044982183, 14.588776065956813 ], [ 121.064349154099162, 14.588790971328329 ], [ 121.063840750651934, 14.58891594164899 ], [ 121.063434487444425, 14.589114946736725 ], [ 121.063047804111719, 14.589413399327704 ], [ 121.062748025213537, 14.589684322140958 ], [ 121.06176393521875, 14.590461135945516 ], [ 121.061494588560549, 14.590795530542112 ], [ 121.061114416588069, 14.591087630319931 ], [ 121.060356246057182, 14.591686639645692 ], [ 121.059900046317011, 14.592080323866524 ], [ 121.059061502569037, 14.592799960406978 ], [ 121.05809912559063, 14.593625422225807 ], [ 121.056876017693597, 14.594535577101443 ], [ 121.055459528972236, 14.59551136267468 ], [ 121.053823614903848, 14.596711482117085 ], [ 121.05252877929162, 14.597680877119368 ], [ 121.051131815421442, 14.598696836811918 ], [ 121.049815226465498, 14.599661988781886 ], [ 121.049552366431442, 14.599981556105186 ], [ 121.049161298325203, 14.600273638298715 ], [ 121.048446513968486, 14.600828164383447 ], [ 121.047583983493496, 14.601471587024832 ], [ 121.047182043949746, 14.601755203715488 ], [ 121.046919133295916, 14.601831425941896 ], [ 121.045648128206878, 14.602735181846699 ], [ 121.04456831876827, 14.60356060708988 ], [ 121.039218036952846, 14.607647446643522 ], [ 121.038591065010337, 14.607198937755811 ], [ 121.037913008581029, 14.606594906725512 ], [ 121.037731533968127, 14.606374865172931 ], [ 121.037035010567266, 14.605759195902637 ], [ 121.036723135987287, 14.605366715061869 ], [ 121.036419955360273, 14.604981638740666 ], [ 121.03634606896334, 14.604939327811884 ], [ 121.03525851045913, 14.605007176496066 ], [ 121.033929760097649, 14.605137471017391 ], [ 121.033479962034733, 14.605181959645067 ], [ 121.033267011815354, 14.605184100097521 ], [ 121.033155095532393, 14.605112168248812 ], [ 121.032568323535003, 14.604499647053995 ], [ 121.03238143823252, 14.604405504969099 ], [ 121.03154154716519, 14.604020480937749 ], [ 121.030816849042154, 14.603852333816072 ], [ 121.030591944711304, 14.603816384735795 ], [ 121.030403988006043, 14.603849202267421 ], [ 121.030199746069968, 14.603994170264073 ], [ 121.029761931592247, 14.604332777049361 ], [ 121.02948272176566, 14.604477751843062 ], [ 121.028722229796941, 14.604908434876055 ], [ 121.028167078986257, 14.605327458431161 ], [ 121.028024757527874, 14.605407880228665 ], [ 121.027843334543746, 14.605613150565981 ], [ 121.027773814641805, 14.605770800226443 ], [ 121.027748836612034, 14.605887183480821 ], [ 121.027714133189463, 14.606559022310851 ], [ 121.027677217768058, 14.606823527877193 ], [ 121.027668538038469, 14.606951547737642 ], [ 121.02757403250061, 14.607153635949294 ], [ 121.027245936379018, 14.607414993404024 ], [ 121.026764651979093, 14.607766294434334 ], [ 121.026648390518531, 14.607694359854126 ], [ 121.026421291097392, 14.607447863198926 ], [ 121.026152908198256, 14.60723205203772 ], [ 121.025807384403805, 14.607009898873084 ], [ 121.024991407097147, 14.606739114339705 ] ] ] } },
{ "type": "Feature", "properties": { "Agency": "LTFRB", "Type": "PUJ", "Route_Code": "PUJ70B", "Route_Name": "SSS Village, Marikina - Cubao, Quezon City", "Route_Begi": "General Romulo Ave. / Aurora Blvd. Intersection, Quezon City", "Route_End": "Horizon St, Marikina City", "Schedule_T": "04:00-22:00", "Trip_Code": "T214", "Schedule_D": "Mondays to Sundays" }, "geometry": { "type": "MultiLineString", "coordinates": [ [ [ 121.055302809911353, 14.623878714365992 ], [ 121.056867646517134, 14.62462850899094 ], [ 121.058399899512295, 14.625392054359406 ], [ 121.060338594130556, 14.626354401438643 ], [ 121.06228165408676, 14.627325195257205 ], [ 121.062596799632914, 14.627460544563746 ], [ 121.063051027679506, 14.627589511740258 ], [ 121.063720404810908, 14.627731121451616 ], [ 121.066078420144365, 14.628138921841487 ], [ 121.066908612281168, 14.628263553153142 ], [ 121.06730633218821, 14.62835867042577 ], [ 121.067647561735299, 14.628498238097476 ], [ 121.06939503677431, 14.629301858400867 ], [ 121.07051656776504, 14.629853832617856 ], [ 121.071216433359425, 14.630173157389319 ], [ 121.072468398314058, 14.630833002530327 ], [ 121.073915973543123, 14.631535104657695 ], [ 121.074333271049781, 14.63166194438949 ], [ 121.074967975312916, 14.632059569173077 ], [ 121.075700473263041, 14.632444467136654 ], [ 121.076022154628873, 14.632581912230515 ], [ 121.07625471714195, 14.632666483256589 ], [ 121.076515514445518, 14.632696029270379 ], [ 121.076782808647039, 14.632653628636888 ], [ 121.077243491965163, 14.632522296623746 ], [ 121.077815995398396, 14.632078817805514 ], [ 121.078173461371804, 14.631986661711775 ], [ 121.078489659194389, 14.63196646221137 ], [ 121.079806709712003, 14.632194581201171 ], [ 121.080921641121307, 14.632388901131554 ], [ 121.081782300245678, 14.63256531183985 ], [ 121.082934231393523, 14.632907730961106 ], [ 121.085188119017303, 14.633590452888185 ], [ 121.086857461396065, 14.634396083727223 ], [ 121.088735491878282, 14.635318009548293 ], [ 121.090442903960323, 14.636154283150136 ], [ 121.090598308400047, 14.636196018342643 ], [ 121.090915058374435, 14.636186381807779 ], [ 121.091537117235575, 14.636085645221383 ], [ 121.092814953520758, 14.635973027020702 ], [ 121.094239486660129, 14.635867752680312 ], [ 121.094415518873319, 14.635862396330573 ], [ 121.094532885197225, 14.635887744159078 ], [ 121.095716185645671, 14.635784667779454 ], [ 121.09634205248463, 14.635704019011785 ], [ 121.09737648836682, 14.635614745597502 ], [ 121.097339729086727, 14.636067586084785 ], [ 121.097355395238878, 14.637170021162248 ], [ 121.097479536835522, 14.63781323971207 ], [ 121.097951092635881, 14.637700906643756 ], [ 121.098909409535096, 14.637461419551039 ], [ 121.099420603447086, 14.638586933402529 ], [ 121.099951356043334, 14.639697626085463 ], [ 121.099445077620103, 14.639936937611436 ], [ 121.100093300170258, 14.641301504012816 ], [ 121.100698027184421, 14.642579329636884 ], [ 121.101320163418606, 14.643893118566675 ], [ 121.101990158424456, 14.645293642361038 ], [ 121.102681924253503, 14.64675975126115 ], [ 121.103978450525517, 14.649471933858626 ], [ 121.104600657936075, 14.650857657215766 ], [ 121.105389533757744, 14.650696506991064 ], [ 121.105776372868633, 14.650634978179811 ], [ 121.106250170044461, 14.65062207964953 ], [ 121.107343401840978, 14.650638536803521 ], [ 121.107808555786391, 14.650735671196946 ], [ 121.108378060170921, 14.650889891204175 ], [ 121.109071456692547, 14.6510588673114 ], [ 121.109290974242356, 14.651065118523334 ], [ 121.109860380397933, 14.651005618262598 ], [ 121.111081794371415, 14.650914084563334 ], [ 121.111781583000862, 14.650810084868398 ], [ 121.111872838908013, 14.65075291141074 ], [ 121.111818400697359, 14.65053710337228 ], [ 121.111811767393831, 14.650300113633532 ], [ 121.111824628077912, 14.649923458632177 ], [ 121.111961240900726, 14.649271666722649 ], [ 121.112108877802726, 14.648949966775154 ], [ 121.112347562169703, 14.648139427759828 ], [ 121.112545038099242, 14.647510883833212 ], [ 121.112573129315237, 14.647172309903137 ], [ 121.112583810102862, 14.646785075725969 ], [ 121.112603278899016, 14.646594626207198 ], [ 121.112811636877041, 14.64600204915263 ], [ 121.112400670544076, 14.645583266913047 ], [ 121.112089724559709, 14.645257542932793 ], [ 121.111761349306747, 14.644840838072229 ], [ 121.111417700540983, 14.644295063134543 ], [ 121.111184898819658, 14.643759817903996 ], [ 121.110604948631845, 14.642158259737878 ], [ 121.111681657322137, 14.641793822712183 ], [ 121.112721423163762, 14.64144420962189 ], [ 121.114220776936577, 14.640962129348916 ], [ 121.115289938004267, 14.640741567718356 ], [ 121.116976356431095, 14.64060111762141 ], [ 121.11616242555472, 14.638358533360964 ], [ 121.116489405558127, 14.638158416447268 ], [ 121.117054199460142, 14.637638669080927 ], [ 121.117266022547639, 14.637495737912857 ], [ 121.117418127543232, 14.6374469973663 ], [ 121.117650647431972, 14.63740562440845 ], [ 121.117952720078563, 14.637380088028198 ], [ 121.118322143325997, 14.637313256780988 ], [ 121.118823045180974, 14.637237897578302 ], [ 121.120537667843692, 14.637060378102651 ], [ 121.120987479435058, 14.636952241117219 ], [ 121.121595993370477, 14.636947709346682 ], [ 121.12173790068988, 14.638183388038138 ], [ 121.122279021786085, 14.638132335599909 ], [ 121.123313443151616, 14.638015438877314 ], [ 121.123554681963753, 14.638023781847387 ], [ 121.123693794483273, 14.638066032082889 ], [ 121.12424155758994, 14.638245616617924 ], [ 121.125389248774525, 14.638611103206003 ], [ 121.125930508444654, 14.638816079150246 ] ] ] } },
{ "type": "Feature", "properties": { "Agency": "LTFRB", "Type": "PUJ", "Route_Code": "PUJ56B", "Route_Name": "Tandang Sora-Visayas Ave via Quezon City Hall", "Route_Begi": "Agricultural Training Institute, Elliptical Rd., Quezon City", "Route_End": "Visayas Avenue Wet and Dry Market, Visayas Avenue Quezon City", "Schedule_T": "04:00-22:00", "Trip_Code": "T111", "Schedule_D": "Mondays to Sundays" }, "geometry": { "type": "MultiLineString", "coordinates": [ [ [ 121.048631638115992, 14.654450560589224 ], [ 121.048292577761003, 14.654437925586956 ], [ 121.047940465639286, 14.654366044165521 ], [ 121.047786142950002, 14.654323751379058 ], [ 121.047360163738361, 14.654412698820872 ], [ 121.046736572223537, 14.655445419568231 ], [ 121.046043431082339, 14.656518354541387 ], [ 121.045693619363988, 14.657176492248826 ], [ 121.045443773041853, 14.657762668433792 ], [ 121.045233063003863, 14.658433478147909 ], [ 121.045015838217338, 14.659144492865241 ], [ 121.044909397327046, 14.659491535743307 ], [ 121.044759472173453, 14.659788890881005 ], [ 121.044554232371553, 14.660663862366381 ], [ 121.04426759545035, 14.662221290605734 ], [ 121.044025912625116, 14.662974244339532 ], [ 121.043624684584728, 14.664912955152726 ], [ 121.043251092259808, 14.666466163436194 ], [ 121.04335142116642, 14.668531369962251 ], [ 121.043456120490077, 14.670723535739739 ], [ 121.04351729537909, 14.672594075130753 ], [ 121.04366119324915, 14.67519673881166 ] ] ] } },
{ "type": "Feature", "properties": { "Agency": "LTFRB", "Type": "MPUJ", "Route_Code": "PUJ66A", "Route_Name": "Rodriguez - Marikina BFCT", "Route_Begi": "MH del Pilar Street, Rodriguez", "Route_End": "BFCT East Metro Manila Transport Terminal", "Schedule_T": "04:00-22:00", "Trip_Code": "212", "Schedule_D": "Mondays to Sundays" }, "geometry": { "type": "MultiLineString", "coordinates": [ [ [ 121.083187618404764, 14.623846368861281 ], [ 121.082878627049851, 14.623828772450159 ], [ 121.082743625724476, 14.623879381634804 ], [ 121.082577492232502, 14.6240058484422 ], [ 121.082494461024311, 14.624172740104411 ], [ 121.082458193103719, 14.624415464062027 ], [ 121.082554659909007, 14.625565787018136 ], [ 121.08268860962049, 14.626228145123662 ], [ 121.082917035496195, 14.626025810323158 ], [ 121.083360878715325, 14.625550353298145 ], [ 121.083602342337755, 14.625509821603979 ], [ 121.083750317412907, 14.625431396866034 ], [ 121.083973525405582, 14.625163328219848 ], [ 121.084170737404662, 14.624809307467151 ], [ 121.084611947716283, 14.624245360112294 ], [ 121.085325740952158, 14.62354479439472 ], [ 121.086158922357072, 14.622715244909859 ], [ 121.086880480527768, 14.621974219709909 ], [ 121.087783714338059, 14.621033397141415 ], [ 121.089322841900881, 14.619467867952499 ], [ 121.089769306008222, 14.619128923286889 ], [ 121.090381985934101, 14.618906217685973 ], [ 121.090729874481553, 14.618810018804501 ], [ 121.091031040076032, 14.618749231863596 ], [ 121.091659374208035, 14.618728777417765 ], [ 121.092604550326271, 14.618900351757436 ], [ 121.094053508731477, 14.619243654926436 ], [ 121.095357037124032, 14.619506100418482 ], [ 121.097052947754932, 14.619868028651592 ], [ 121.097816098081196, 14.620015857918117 ], [ 121.099109255829504, 14.620293455924822 ], [ 121.101615211271621, 14.620809755507043 ], [ 121.101847774227821, 14.620982024363768 ], [ 121.102048754561764, 14.622383144396325 ], [ 121.102215281124501, 14.623818718200145 ], [ 121.102232508010658, 14.624301070998186 ], [ 121.10226983293019, 14.624912625438562 ], [ 121.1022669617834, 14.625650510373626 ], [ 121.102177956208408, 14.626322358913606 ], [ 121.101554917183918, 14.631705760676395 ], [ 121.101428586690361, 14.632670466272263 ], [ 121.101463040462008, 14.633037973166035 ], [ 121.101526205709575, 14.633250438089039 ], [ 121.101652536204767, 14.633715564001564 ], [ 121.101842031947385, 14.634335731884963 ], [ 121.101962620147475, 14.634909961406548 ], [ 121.101765535662949, 14.635565542060489 ], [ 121.101552862590069, 14.636152182386455 ], [ 121.101521809244389, 14.636399963329414 ], [ 121.101651777295345, 14.636713413022166 ], [ 121.101689464875562, 14.636796829805776 ], [ 121.100552235111508, 14.637055172752119 ], [ 121.099337123741947, 14.637364106143355 ], [ 121.09793506289661, 14.637708502090874 ], [ 121.098117182519545, 14.638557921764789 ], [ 121.098268002476814, 14.639068568409188 ], [ 121.098501953292185, 14.639665142531165 ], [ 121.099219308802077, 14.641252597344995 ], [ 121.099739090043059, 14.642454409581003 ], [ 121.100800855913306, 14.644634124233599 ], [ 121.101860013335354, 14.646899633274892 ], [ 121.102867190047775, 14.649054309587004 ], [ 121.103717160242979, 14.650859993201971 ], [ 121.103654838526907, 14.650865075702617 ], [ 121.103116821502567, 14.650696966526237 ], [ 121.102872773956079, 14.650671126197478 ], [ 121.102709409096889, 14.650445779655271 ], [ 121.102623688510917, 14.650387665429777 ], [ 121.102569158477934, 14.650395272667263 ], [ 121.102548415779083, 14.650468600318709 ], [ 121.102454690048731, 14.651079809588015 ], [ 121.10250609004882, 14.651176609588111 ], [ 121.102559124384257, 14.651206843311641 ], [ 121.103009702078069, 14.651267966919988 ], [ 121.103056526972495, 14.651455037593374 ], [ 121.103085315692525, 14.651965731008028 ], [ 121.103135141738576, 14.653075609516376 ], [ 121.103127728682935, 14.653937743776755 ], [ 121.103143436119879, 14.654225957051526 ], [ 121.103166913177731, 14.654466130460941 ], [ 121.103341371972533, 14.655532976752566 ], [ 121.103419497344234, 14.656031008192695 ], [ 121.103651278713485, 14.657525103298696 ], [ 121.105942030759223, 14.662224624172648 ], [ 121.108227464261148, 14.669327843355658 ], [ 121.108711178920515, 14.671145099773163 ], [ 121.109434380760533, 14.673748867328435 ], [ 121.109824666724549, 14.675285863461559 ], [ 121.109907864705704, 14.675477972609796 ], [ 121.110240543787484, 14.676003698014231 ], [ 121.111779073858798, 14.677999426920614 ], [ 121.11424826080281, 14.68091077059734 ], [ 121.114658834911069, 14.681499355857307 ], [ 121.115917833138724, 14.683866617060982 ], [ 121.115999990071941, 14.684600009617061 ], [ 121.116047122669229, 14.685244268919938 ], [ 121.116124555768693, 14.685978346126337 ], [ 121.116509289550436, 14.688309717983847 ], [ 121.116651771626493, 14.689420628245522 ], [ 121.116836590455378, 14.690497542082158 ], [ 121.117045189877473, 14.69186524443543 ], [ 121.117248386134364, 14.693068587214148 ], [ 121.117493272257576, 14.694529789618828 ], [ 121.117654877452907, 14.695401452575013 ], [ 121.117674975486139, 14.695398581427447 ], [ 121.118242027138209, 14.695378483394881 ], [ 121.118528740361739, 14.695366137647721 ], [ 121.118719651082344, 14.695376158372483 ], [ 121.118807643216584, 14.69540575929784 ], [ 121.118959963914023, 14.69548854847684 ], [ 121.1194062774928, 14.695860836194306 ], [ 121.119984813735925, 14.696353238009651 ], [ 121.121526620001575, 14.697673965910838 ], [ 121.122100849523292, 14.69819938592366 ], [ 121.123392865946997, 14.699273195130337 ], [ 121.123596717427262, 14.69948853120111 ], [ 121.124074763504623, 14.700430267616865 ], [ 121.12449538662969, 14.7011968640285 ], [ 121.124663348764599, 14.701160974683614 ], [ 121.125109812217019, 14.700988705827724 ], [ 121.125296426895474, 14.700948519394302 ], [ 121.125375393370604, 14.701010239435096 ], [ 121.125639529035382, 14.701446663505086 ], [ 121.125935267154787, 14.701974945031814 ], [ 121.126147732078024, 14.702330967335371 ], [ 121.126185056997116, 14.702520463077471 ], [ 121.12644346028253, 14.703355967031483 ], [ 121.126646204806008, 14.703832920048058 ], [ 121.126822451767381, 14.70420008442845 ], [ 121.127305343037605, 14.705076467438571 ], [ 121.127669264614539, 14.705576867343325 ], [ 121.128209216063183, 14.706241470378878 ], [ 121.129067689198465, 14.707341119913485 ], [ 121.129130854445833, 14.707387058275252 ], [ 121.129194019693173, 14.707401414013374 ], [ 121.129340448221072, 14.707398542865958 ], [ 121.129636176424356, 14.707315279585709 ], [ 121.130029523646272, 14.707275083519679 ], [ 121.130437226606318, 14.707335377619927 ], [ 121.130844929566493, 14.707513388772069 ], [ 121.131183724984282, 14.707751694023901 ], [ 121.131442128269001, 14.70797277238997 ], [ 121.131620139420846, 14.708259887150902 ], [ 121.131749341063411, 14.708544130764166 ], [ 121.131999990090904, 14.709000009641906 ], [ 121.132197240090662, 14.709299242585406 ], [ 121.132985026188294, 14.710140012817229 ], [ 121.133190657163397, 14.71034146916802 ], [ 121.133335927442062, 14.710546866067798 ], [ 121.133437367071735, 14.710781935874177 ], [ 121.13355816405776, 14.711096580989182 ], [ 121.133730432914646, 14.711601902968239 ], [ 121.134017547675953, 14.712259395770628 ], [ 121.134499900474722, 14.713175291857921 ], [ 121.134795628678489, 14.713524136292557 ], [ 121.134947799501802, 14.713729423346656 ], [ 121.1350942280298, 14.71383278466069 ], [ 121.135298079509951, 14.713976342041304 ], [ 121.13550480213776, 14.7141572243408 ], [ 121.13562108361603, 14.714407014182786 ], [ 121.135743107389686, 14.714752987469586 ], [ 121.137058092995218, 14.716668042925194 ], [ 121.138091706135071, 14.718376375752735 ], [ 121.138709002871337, 14.719332467906664 ], [ 121.139303330426671, 14.72023113710844 ], [ 121.139831621586936, 14.720994862372587 ], [ 121.140467580782655, 14.721950954526559 ], [ 121.140998743090364, 14.722545282081899 ], [ 121.141468175724469, 14.723075008816002 ], [ 121.141571537038487, 14.723247277672568 ], [ 121.141607426383629, 14.723344896691241 ], [ 121.141636137859948, 14.723574588499849 ], [ 121.141659107040994, 14.723775568832387 ], [ 121.141743805895629, 14.72396793572217 ], [ 121.141844296061947, 14.724056941298111 ], [ 121.142125668527612, 14.724349798354394 ], [ 121.14228932394137, 14.724563698851327 ], [ 121.142421396731578, 14.724908236564348 ], [ 121.142584334358801, 14.725412122969615 ], [ 121.142704256534969, 14.725728610312013 ], [ 121.142787596852813, 14.726072399894202 ], [ 121.142878639454466, 14.726269547856942 ], [ 121.143084073177334, 14.726613265399386 ], [ 121.143401175854564, 14.727216639241721 ], [ 121.143700517359733, 14.727866900510177 ], [ 121.143885241621106, 14.728321871409408 ], [ 121.144017941981772, 14.728665631164652 ], [ 121.144043978089016, 14.72875916000177 ], [ 121.14398832554167, 14.728791463704994 ], [ 121.143195888802751, 14.729012542069768 ], [ 121.141702892048201, 14.729331239452332 ], [ 121.140172570374787, 14.729626967653989 ], [ 121.137819964442414, 14.730163408961188 ], [ 121.137868121118132, 14.730327084186982 ], [ 121.13799997031434, 14.730300028976048 ], [ 121.139006156765504, 14.730056931665903 ], [ 121.14212710410699, 14.72937646002767 ], [ 121.143907205728127, 14.728977380173937 ], [ 121.144085226773598, 14.728954401331828 ], [ 121.14436342033045, 14.729664074310659 ], [ 121.144777235159069, 14.730887487947712 ], [ 121.14508442879881, 14.731926404201916 ], [ 121.145167728932492, 14.732196874239424 ], [ 121.145409543611208, 14.733080958231836 ], [ 121.145961661886815, 14.734724620469747 ], [ 121.146143121827009, 14.735397974351709 ], [ 121.146219207238545, 14.735416636811262 ], [ 121.14639147609499, 14.735456832877967 ], [ 121.146847984458788, 14.735453477097536 ], [ 121.147348052959899, 14.735432947623126 ], [ 121.148053354455982, 14.735419876341044 ], [ 121.149009329544825, 14.735381366517617 ], [ 121.149612903708316, 14.735341986977629 ], [ 121.150588757158687, 14.735304542228146 ], [ 121.151000512220861, 14.735304285592431 ], [ 121.151921463341054, 14.735337839934413 ], [ 121.15237739238033, 14.73535398653954 ], [ 121.153440143466639, 14.735416636820101 ], [ 121.154235451353401, 14.73540802337825 ], [ 121.15517718776789, 14.735287435179911 ], [ 121.155828938274226, 14.735209914195311 ], [ 121.156868293707234, 14.734965866649979 ], [ 121.15776696290763, 14.734799340089861 ], [ 121.158999990114268, 14.734500009674132 ] ] ] } },
{ "type": "Feature", "properties": { "Agency": "LTFRB", "Type": "PUJ", "Route_Code": "PUJ04A", "Route_Name": "Antipolo - Cubao via Sumulong Highway", "Route_Begi": "P. Tuazon Blvd., Quezon City", "Route_End": "Antipolo-Cubao Jeepney Terminal, Pascual Oliveros St., Antipolo City, Rizal", "Schedule_T": "6:00-23:00", "Trip_Code": null, "Schedule_D": "Mondays to Sundays" }, "geometry": { "type": "MultiLineString", "coordinates": [ [ [ 121.059929999897591, 14.620236109043246 ], [ 121.059478292531878, 14.620081590551701 ], [ 121.055400154347026, 14.628485478241098 ], [ 121.055977290028522, 14.628772701876073 ], [ 121.056067875457032, 14.628803977683896 ], [ 121.056583463814491, 14.629017214183481 ], [ 121.056649619486535, 14.629013173992428 ], [ 121.056675801598459, 14.628991696441846 ], [ 121.056710246272687, 14.628939351220978 ], [ 121.056977581210418, 14.628416235722499 ], [ 121.056992549765127, 14.62835569157841 ], [ 121.057144423982962, 14.628078270919284 ], [ 121.057226219858762, 14.628005705589405 ], [ 121.05737960844489, 14.627962997163326 ], [ 121.057534470374463, 14.627974343364663 ], [ 121.057765313565767, 14.628039727836727 ], [ 121.057918727852339, 14.628107974152483 ], [ 121.058424260225152, 14.628311991167225 ], [ 121.059111017234684, 14.628469551973575 ], [ 121.059708503180488, 14.628633898440375 ], [ 121.059914525425583, 14.62875618647953 ], [ 121.060235966181864, 14.628894095299291 ], [ 121.060836433284948, 14.628973616324567 ], [ 121.061406130616589, 14.628688982752813 ], [ 121.061689472370162, 14.628364585650232 ], [ 121.061896835295741, 14.628003221213374 ], [ 121.062031110472176, 14.627481131341888 ], [ 121.062069080453767, 14.627424222252685 ], [ 121.062599438859834, 14.627580570507211 ], [ 121.063197016705672, 14.627798068780654 ], [ 121.066830522836383, 14.628381805625319 ], [ 121.06737403102521, 14.628522492064793 ], [ 121.068110439208382, 14.628860854010634 ], [ 121.07029923298542, 14.629907226373016 ], [ 121.072442756620973, 14.630949678915472 ], [ 121.07295854767375, 14.631194202628496 ], [ 121.074393427864237, 14.631909307121784 ], [ 121.075449895331076, 14.632523517350894 ], [ 121.075800582570835, 14.63269980344678 ], [ 121.076132253133977, 14.632797857173879 ], [ 121.076848096348954, 14.632699489824027 ], [ 121.077156330506597, 14.632605511625817 ], [ 121.077565326268513, 14.63237209731169 ], [ 121.077834096170818, 14.632224075228836 ], [ 121.078171474736791, 14.631902486724375 ], [ 121.079272455529747, 14.630125442794549 ], [ 121.081207366684936, 14.627614117528434 ], [ 121.083079980883795, 14.625683887962822 ], [ 121.083193166746611, 14.625581430716482 ], [ 121.083396157025817, 14.625358031253066 ], [ 121.083484502511311, 14.625242779541198 ], [ 121.08380579112864, 14.624918343083463 ], [ 121.084130006620541, 14.624610975216795 ], [ 121.084826614195109, 14.623909449386396 ], [ 121.086744107818646, 14.622033941310645 ], [ 121.088035767398196, 14.620667181070973 ], [ 121.088783454070565, 14.61989307788169 ], [ 121.089616618202712, 14.619175841904184 ], [ 121.090189178956948, 14.618902517003509 ], [ 121.090890206057082, 14.618709629967721 ], [ 121.091292057360462, 14.618685898688369 ], [ 121.091861810437479, 14.6187169860238 ], [ 121.094460202508444, 14.619286444188567 ], [ 121.09918436516071, 14.620271120170516 ], [ 121.100978518416824, 14.620708530884608 ], [ 121.10483560031625, 14.621470820021424 ], [ 121.112723359582546, 14.623067674672127 ], [ 121.12443748583172, 14.625582003628045 ], [ 121.124557701703765, 14.625001563079053 ], [ 121.124652442232261, 14.624591835280446 ], [ 121.12484335727541, 14.623724013822299 ], [ 121.125217033062341, 14.623134909118566 ], [ 121.126060953053937, 14.622243993316522 ], [ 121.127656101155083, 14.620635034373656 ], [ 121.127860511165608, 14.62042724315774 ], [ 121.128765751328615, 14.619507835611232 ], [ 121.129351391947992, 14.619198845486883 ], [ 121.129906381140302, 14.618941080105115 ], [ 121.130600122381736, 14.618630607146972 ], [ 121.131269052946308, 14.618366376645572 ], [ 121.132719438989255, 14.617913241545722 ], [ 121.134618955227879, 14.61732258002484 ], [ 121.135093667128501, 14.617204251384356 ], [ 121.135409198480062, 14.617178472267653 ], [ 121.135574276737017, 14.617179803501552 ], [ 121.136624662565723, 14.617223317533277 ], [ 121.13711700427011, 14.617275674909552 ], [ 121.137420928539299, 14.617385037034884 ], [ 121.137824285603955, 14.617652240267072 ], [ 121.138557958366235, 14.618185263452901 ], [ 121.139263866133575, 14.61869838508799 ], [ 121.139637967521338, 14.618894476795754 ], [ 121.139830823371824, 14.618928506634315 ], [ 121.140064559692306, 14.618922682929945 ], [ 121.140296813613091, 14.618881297359144 ], [ 121.140542149785148, 14.618731794094522 ], [ 121.140724553359448, 14.61839313438028 ], [ 121.140902464008064, 14.617873819685956 ], [ 121.140968025731198, 14.617582169529562 ], [ 121.141042320449202, 14.617237881833228 ], [ 121.141116687652882, 14.617013084020126 ], [ 121.141321040838193, 14.616738423621255 ], [ 121.141490400651023, 14.616574738252229 ], [ 121.141678782641932, 14.616462251722515 ], [ 121.141943127226682, 14.616346875957841 ], [ 121.142260109470158, 14.616308284246271 ], [ 121.142490930840395, 14.616318107322153 ], [ 121.14270863342621, 14.616374880310882 ], [ 121.142879644828668, 14.616522720356645 ], [ 121.143584209131433, 14.61721790964282 ], [ 121.143686584592047, 14.617403485626024 ], [ 121.143805156440138, 14.61779318067074 ], [ 121.143979219604532, 14.618147280464179 ], [ 121.144156229160046, 14.618318496603303 ], [ 121.144417655634285, 14.618428676509254 ], [ 121.144680685971636, 14.618546588283566 ], [ 121.144904295311861, 14.618700085625875 ], [ 121.145019802166729, 14.618856491963198 ], [ 121.145186564638962, 14.619212017633338 ], [ 121.145549340996482, 14.61997426109402 ], [ 121.145726964184917, 14.620174727481512 ], [ 121.146174813702913, 14.620315998369119 ], [ 121.146478703319275, 14.620357068663596 ], [ 121.146776714776152, 14.620343375893606 ], [ 121.147066623077734, 14.620222288970167 ], [ 121.147369604687867, 14.619984548893758 ], [ 121.14797098842493, 14.619489866605779 ], [ 121.148303173243676, 14.619232903871639 ], [ 121.148656552292934, 14.618995131484553 ], [ 121.148877806385698, 14.618889020384575 ], [ 121.149087424643341, 14.618862576121977 ], [ 121.14936206912202, 14.618863119333879 ], [ 121.15031391166309, 14.618991981842939 ], [ 121.151227026290144, 14.619096682008278 ], [ 121.151546983783177, 14.619136313237796 ], [ 121.151982283088927, 14.619073452219007 ], [ 121.152168821395648, 14.618939265310429 ], [ 121.152260734976977, 14.618754994322167 ], [ 121.152341660457083, 14.618523076460868 ], [ 121.152575667881223, 14.617823060684989 ], [ 121.152724342788105, 14.617318691731443 ], [ 121.152765156626529, 14.617182106261838 ], [ 121.152755147916736, 14.616958424597298 ], [ 121.152664783572177, 14.616721990795233 ], [ 121.152591252622742, 14.616536045122334 ], [ 121.152433325715279, 14.616302142888108 ], [ 121.152059153941252, 14.616009341842791 ], [ 121.151744962121072, 14.615844527762849 ], [ 121.151408820726886, 14.615622826923612 ], [ 121.151332801070225, 14.615538235429661 ], [ 121.15124651364178, 14.615389637820041 ], [ 121.151217226401343, 14.615282257303631 ], [ 121.151235381384737, 14.615120792390822 ], [ 121.151304616625524, 14.614883903324115 ], [ 121.151536586207683, 14.614418602016231 ], [ 121.151680713066995, 14.614218295621804 ], [ 121.151833979495137, 14.614032564062235 ], [ 121.15218144407558, 14.613705172565769 ], [ 121.152584451325509, 14.61342611076258 ], [ 121.152937881914966, 14.613287195560236 ], [ 121.153598052762419, 14.613096165446558 ], [ 121.154247219189671, 14.612834726726403 ], [ 121.154509451901973, 14.612854475540177 ], [ 121.154795842735766, 14.612955291162228 ], [ 121.155250254563342, 14.613092984364172 ], [ 121.155665176460616, 14.613159576964396 ], [ 121.156020176499823, 14.613184954752636 ], [ 121.156367809814924, 14.613117874290833 ], [ 121.156515305826261, 14.61304665456271 ], [ 121.156652511235123, 14.612880133924419 ], [ 121.156772138159454, 14.612642499569688 ], [ 121.157072109127697, 14.612325499569405 ], [ 121.158078813861607, 14.611520725176744 ], [ 121.158442397709024, 14.611285776380468 ], [ 121.159128680758201, 14.610845776319566 ], [ 121.159432371813978, 14.610615132645455 ], [ 121.159587087568497, 14.610425838818996 ], [ 121.159913980993608, 14.60995050943043 ], [ 121.16006863467679, 14.609673020368049 ], [ 121.160283191033017, 14.609409716733007 ], [ 121.16048907803696, 14.609284401052088 ], [ 121.160674559082423, 14.609224533637823 ], [ 121.161508829874961, 14.609173657663669 ], [ 121.162120384438708, 14.609144944608987 ], [ 121.16224048410632, 14.609136721577011 ], [ 121.163104555870788, 14.60914218904818 ], [ 121.163241862685467, 14.609129294389112 ], [ 121.163462358815053, 14.609008233785822 ], [ 121.163582091426704, 14.60893276078253 ], [ 121.164158617275206, 14.608241037483786 ], [ 121.16484752012137, 14.607408409124789 ], [ 121.16500517095028, 14.607247559713539 ], [ 121.165257779250467, 14.60709518063087 ], [ 121.165523583385962, 14.607011072251876 ], [ 121.165704732971378, 14.607026596269028 ], [ 121.165788014555446, 14.607049299443503 ], [ 121.167048990663702, 14.607478030329668 ], [ 121.167393774699647, 14.607527580404396 ], [ 121.167748755444805, 14.607537292950715 ], [ 121.168258506819527, 14.607445900324546 ], [ 121.16957214581187, 14.607154213434374 ], [ 121.171020376415655, 14.606778240595176 ], [ 121.171781334888806, 14.60662549566382 ], [ 121.172320388762842, 14.606654985848227 ], [ 121.172722218090229, 14.606691879377117 ], [ 121.172957652325309, 14.606651683451259 ], [ 121.173188050952291, 14.606591777945706 ], [ 121.173383714187764, 14.606482105739353 ], [ 121.173586604934911, 14.606271430780412 ], [ 121.174047611935535, 14.605475923501086 ], [ 121.175010485185055, 14.603842201693819 ], [ 121.175799708495504, 14.602463229152812 ], [ 121.175887246495705, 14.602322338250495 ], [ 121.17610890084751, 14.601824302641273 ], [ 121.176044386796292, 14.601509977164762 ], [ 121.175718322995621, 14.601097688887897 ], [ 121.175227147919614, 14.600622929510465 ], [ 121.174750719671437, 14.600328815868203 ], [ 121.173739539225338, 14.599875764840045 ], [ 121.173574390231849, 14.599763505578039 ], [ 121.173015605080664, 14.598725479872153 ], [ 121.172886854986814, 14.598452451667864 ], [ 121.172395371171163, 14.597549513839841 ], [ 121.171895138733788, 14.596662228562472 ], [ 121.17179550273552, 14.596251196551236 ], [ 121.171897966108034, 14.594579686226806 ], [ 121.171872697650869, 14.593995056454382 ], [ 121.171827736906295, 14.593057118097104 ], [ 121.17287940293231, 14.593747107321828 ], [ 121.17296775782269, 14.593694150205334 ], [ 121.17300814814493, 14.593588333065821 ], [ 121.171890453010008, 14.592898391157442 ], [ 121.171811540157449, 14.592757566789624 ], [ 121.171926386060306, 14.591500004137782 ], [ 121.171874705402146, 14.59036877198046 ], [ 121.171863220810906, 14.58962227360256 ], [ 121.171863220810735, 14.589478716222184 ], [ 121.172713080502007, 14.589495943108862 ], [ 121.172733178534884, 14.589148534248423 ], [ 121.1727690678795, 14.588765236042885 ], [ 121.172874370086021, 14.587043031170991 ], [ 121.175240815513504, 14.587168903087898 ], [ 121.175274292915603, 14.587777680794565 ], [ 121.174382939323337, 14.587809436995856 ], [ 121.173982522730839, 14.587824244251827 ], [ 121.173656252488541, 14.587784739136076 ] ] ] } },
{ "type": "Feature", "properties": { "Agency": null, "Type": null, "Route_Code": "PUJ12A", "Route_Name": "Binangonan - JRC via Angono", "Route_Begi": null, "Route_End": null, "Schedule_T": null, "Trip_Code": "T2107", "Schedule_D": "Mondays to Sundays" }, "geometry": { "type": "MultiLineString", "coordinates": [ [ [ 121.02799997998325, 14.593400019013361 ], [ 121.027949818232031, 14.593261453019407 ], [ 121.029241834653888, 14.592647027433046 ], [ 121.029551918595033, 14.592417335624837 ], [ 121.030263963200781, 14.59203260184634 ], [ 121.031561721917925, 14.591487083802537 ], [ 121.033037491786502, 14.590838204445124 ], [ 121.033950516724559, 14.590396047714696 ], [ 121.034622365263814, 14.589976860164855 ], [ 121.034955418385692, 14.589649549338061 ], [ 121.035231048555488, 14.589305011625505 ], [ 121.036718303015263, 14.589396888350754 ], [ 121.039198974546565, 14.589465795896357 ], [ 121.040083288009143, 14.589500249668715 ], [ 121.040657517530192, 14.589408372945991 ], [ 121.042058637561311, 14.589058092939608 ], [ 121.042693161181873, 14.588816916541363 ], [ 121.043721032024308, 14.588452280796517 ], [ 121.046230415030337, 14.587326790937515 ], [ 121.047818159654838, 14.586060614844662 ], [ 121.048705344264178, 14.585345699091548 ], [ 121.05488979620074, 14.580034076025674 ], [ 121.060184192380575, 14.575601024126534 ], [ 121.061068505842286, 14.574843041159284 ], [ 121.063721446233103, 14.577806065493201 ], [ 121.063859261323216, 14.582399901664964 ], [ 121.063918119850911, 14.583976161701425 ], [ 121.064196621168918, 14.584228822691179 ], [ 121.064472251339083, 14.584258969741391 ], [ 121.065917874158473, 14.584233129414704 ], [ 121.067697985673931, 14.584227387121642 ], [ 121.067703727969302, 14.584385300240056 ], [ 121.065211571847641, 14.584422625155915 ], [ 121.063893715096754, 14.584448465482772 ], [ 121.063902328540067, 14.584916462542763 ], [ 121.063882230508753, 14.586664991435551 ], [ 121.063880794936892, 14.588426440492583 ], [ 121.063900892970494, 14.588759493615044 ], [ 121.063852083461384, 14.588915971159588 ], [ 121.061804955220325, 14.590479311029235 ], [ 121.061848022434475, 14.590528120538611 ], [ 121.06216959096632, 14.59057118775311 ], [ 121.062545711302491, 14.590416145782788 ], [ 121.063010837214193, 14.590045767742014 ], [ 121.063966929365904, 14.589161454280157 ], [ 121.064058806088909, 14.588835579026847 ], [ 121.06423251051892, 14.588686279351476 ], [ 121.064793819875774, 14.588679101483139 ], [ 121.067006039106062, 14.588814045423376 ], [ 121.069980548025683, 14.589049479530786 ], [ 121.076704775718426, 14.589508863156134 ], [ 121.080655474824056, 14.589773008740817 ], [ 121.081872841408966, 14.589922308417881 ], [ 121.083917098504614, 14.590335753675802 ], [ 121.085593848706566, 14.590622868438583 ], [ 121.087454352354854, 14.590496537946125 ], [ 121.091209813422651, 14.59019793859955 ], [ 121.093575639049405, 14.589968246793847 ], [ 121.094999980024696, 14.589800019090465 ], [ 121.094646577106076, 14.589727070396144 ], [ 121.093630190853716, 14.589747168428147 ], [ 121.093414854783191, 14.589695487770966 ], [ 121.093907256595685, 14.587972799207218 ], [ 121.094142690698476, 14.58724352771527 ], [ 121.095078684815718, 14.585216497505682 ], [ 121.096979384527543, 14.582448711214605 ], [ 121.100706134113835, 14.577223222573952 ], [ 121.10236565742764, 14.575190450070039 ], [ 121.103921819427228, 14.572784428377044 ], [ 121.106052210947325, 14.569890311591543 ], [ 121.107384423434226, 14.567983869581941 ], [ 121.111725598607109, 14.561862582888537 ], [ 121.120669223384681, 14.549262551624921 ], [ 121.12165546258565, 14.547905934381678 ], [ 121.122384734076377, 14.546860836653515 ], [ 121.123317857046729, 14.545565949083777 ], [ 121.124233753131477, 14.544239478890342 ], [ 121.124311274116735, 14.544184927085894 ], [ 121.124885503637657, 14.544015529377768 ], [ 121.126286623668747, 14.543616439862033 ], [ 121.127656161076231, 14.543243190674776 ], [ 121.129384591934212, 14.542734997550383 ], [ 121.130289003429723, 14.542482336562042 ], [ 121.132689282827201, 14.541773163105965 ], [ 121.13337835825233, 14.541595151955136 ], [ 121.133877937935765, 14.54162386343183 ], [ 121.134113372039437, 14.54162386343212 ], [ 121.134216733353142, 14.541549213594447 ], [ 121.13423396023866, 14.541486048347112 ], [ 121.134233960238376, 14.541221902767237 ], [ 121.134291383189449, 14.540291650942555 ], [ 121.134239702532255, 14.539998793886554 ], [ 121.134078918265644, 14.539338429936681 ], [ 121.133998526132146, 14.538867561729006 ], [ 121.134010010721852, 14.5382359092554 ], [ 121.13427989859666, 14.538138290237081 ], [ 121.135095304515914, 14.537449214812327 ], [ 121.140642361684044, 14.532177787812092 ], [ 121.141681717116512, 14.531448516321113 ], [ 121.141963089581623, 14.531241793693724 ], [ 121.142267431227751, 14.531167143856303 ], [ 121.142686618778114, 14.53113843238075 ], [ 121.143013929605189, 14.531167143857209 ], [ 121.143731716506977, 14.531511681570962 ], [ 121.149588857625247, 14.534153137376775 ], [ 121.150777512734507, 14.534652717061892 ], [ 121.152230313420446, 14.532390252749126 ], [ 121.152712666217639, 14.531884930770826 ], [ 121.1529538426161, 14.531528908467807 ], [ 121.153792217715591, 14.530277088112062 ], [ 121.154056363294487, 14.529524847439269 ], [ 121.154171209198282, 14.529168825136106 ], [ 121.153574010496143, 14.529008040869373 ], [ 121.153958744273794, 14.527645681330174 ], [ 121.153941517387779, 14.527318370502931 ], [ 121.154481293137309, 14.527025513447624 ], [ 121.154257343623755, 14.526755625572273 ], [ 121.153591237378734, 14.52623881900216 ], [ 121.152752862277211, 14.525630135708388 ], [ 121.152563366535006, 14.525406186194788 ], [ 121.152546139648933, 14.525009967824966 ], [ 121.152632274076609, 14.524556326503124 ], [ 121.15285622358914, 14.523953385505861 ], [ 121.153252441958287, 14.523505486479609 ], [ 121.153895579021153, 14.52282215334985 ], [ 121.156760984328244, 14.519818932956108 ], [ 121.158495157480075, 14.518038821441696 ], [ 121.160826529333235, 14.51571319188262 ], [ 121.161435212625008, 14.515133220066677 ], [ 121.162244876248778, 14.514260391195037 ], [ 121.163513923489006, 14.512922436411586 ], [ 121.164312102522402, 14.512049607539939 ], [ 121.164960981880327, 14.511199747848968 ], [ 121.166792774049355, 14.508185042863524 ], [ 121.1676081799679, 14.506852830374712 ], [ 121.168595854742577, 14.505359833620128 ], [ 121.170617142653668, 14.502431263063123 ], [ 121.171214341354613, 14.501489526648662 ], [ 121.171845993826921, 14.500628182367226 ], [ 121.174131427318386, 14.49828532592246 ], [ 121.175403345706229, 14.496990438353084 ], [ 121.175842631289413, 14.496539668179285 ], [ 121.176307757201087, 14.496140578662438 ], [ 121.177381566404748, 14.495388337990619 ], [ 121.178174003143297, 14.494865789127045 ], [ 121.181851943223251, 14.492258787104086 ], [ 121.182931494721984, 14.491368731347126 ], [ 121.184803482958856, 14.489611589013718 ], [ 121.185389197069355, 14.488641141123152 ], [ 121.185733734781152, 14.487865931269608 ], [ 121.18618163380664, 14.48702755616881 ], [ 121.186359644957818, 14.486665791570504 ], [ 121.186480233156757, 14.486212150248695 ], [ 121.186750121030329, 14.484954587597018 ], [ 121.187106143331491, 14.483197445261773 ], [ 121.187479392518057, 14.481233580298829 ], [ 121.187938776132569, 14.479062992708259 ], [ 121.18832350990958, 14.47715080840225 ], [ 121.188823089590883, 14.475227139505938 ], [ 121.189001100741564, 14.474428960471332 ], [ 121.189127431234752, 14.473125459457755 ], [ 121.189236534842379, 14.471862154510662 ], [ 121.190115106007369, 14.469737505282302 ], [ 121.190993677172358, 14.467624340644388 ], [ 121.19117743061868, 14.467228122274793 ], [ 121.190769727656672, 14.465373360919966 ], [ 121.190511324370576, 14.463943529411212 ], [ 121.190407963056074, 14.463288907756615 ], [ 121.190407963055847, 14.463092234145503 ], [ 121.190502710926737, 14.462991743979348 ], [ 121.191079811595074, 14.462625672660133 ], [ 121.191665525706284, 14.462295490685987 ], [ 121.192966155573771, 14.464299551717481 ] ] ] } },
{ "type": "Feature", "properties": { "Agency": "LTFRB", "Type": "PUJ", "Route_Code": "PUJ17A", "Route_Name": "Cogeo - Cubao via Marcos Highway", "Route_Begi": "Marcos Hwy., Antipolo City", "Route_End": "Mayor Ignacio Santos Diaz / N. Domingo Intersection, San Juan", "Schedule_T": "04:00-22:00", "Trip_Code": null, "Schedule_D": "Mondays to Sundays" }, "geometry": { "type": "MultiLineString", "coordinates": [ [ [ 121.044789098965694, 14.617653287537122 ], [ 121.044944140936948, 14.618161480663794 ], [ 121.045265709469732, 14.61904292297961 ], [ 121.046078244242977, 14.619815261686943 ], [ 121.046853454096947, 14.620217222352903 ], [ 121.047493720013222, 14.620423944981388 ], [ 121.048306254785942, 14.620728286628749 ], [ 121.049687276784724, 14.621204897133238 ], [ 121.050829993532332, 14.621738930589572 ], [ 121.053279082441136, 14.622875905045031 ], [ 121.057180972039333, 14.62480244509422 ], [ 121.059541045393232, 14.625980342949228 ], [ 121.062156660865014, 14.627324040035042 ], [ 121.063296506465477, 14.62771738725956 ], [ 121.064324367331821, 14.627869567635036 ], [ 121.066988802288435, 14.628297359083321 ], [ 121.068143003627014, 14.628733773522024 ], [ 121.070301502778264, 14.629825251265546 ], [ 121.072570313239936, 14.630910103417746 ], [ 121.072570303267398, 14.630910112974986 ], [ 121.074425074595169, 14.631748478522963 ], [ 121.075625214295854, 14.632426069360907 ], [ 121.076228155293578, 14.63265001887549 ], [ 121.076647342844055, 14.632586853628867 ], [ 121.077135437936931, 14.632460523134952 ], [ 121.07768095598162, 14.632121727718095 ], [ 121.078025493693687, 14.631679570986936 ], [ 121.079099302895926, 14.630100439803963 ], [ 121.079099292925136, 14.630100449364681 ], [ 121.081022971788201, 14.627596799092412 ], [ 121.08310311822575, 14.625544646342686 ], [ 121.083364392657458, 14.62526901617268 ], [ 121.083378748395305, 14.625142685677899 ], [ 121.083662992007604, 14.624703400094241 ], [ 121.084346325136892, 14.624057391883483 ], [ 121.084693733996843, 14.623764534827997 ], [ 121.08649394354299, 14.621883933147382 ], [ 121.087932388491481, 14.620439745902669 ], [ 121.089488550491808, 14.618981202920143 ], [ 121.089821603613871, 14.618785964883349 ], [ 121.090448949365538, 14.618544788485325 ], [ 121.090975804951171, 14.618454347336616 ], [ 121.091479691356099, 14.618434249304268 ], [ 121.094459942572612, 14.619014221126729 ], [ 121.09961652367582, 14.620105257227587 ], [ 121.104887950683249, 14.621161839557347 ], [ 121.124337104576938, 14.625250353788191 ], [ 121.124337094618795, 14.625250363373484 ], [ 121.124759173232619, 14.625322122893559 ], [ 121.125637744399896, 14.625281926828139 ], [ 121.127297267715605, 14.625000554364654 ], [ 121.129083121526008, 14.624759377967804 ], [ 121.13173031961793, 14.624368901896448 ], [ 121.132815613412802, 14.624317221240862 ], [ 121.133866453436355, 14.624225344518711 ], [ 121.133866443480869, 14.624225354109175 ], [ 121.136278935212218, 14.624468674281363 ], [ 121.137045531622988, 14.624543324120083 ], [ 121.138219830993933, 14.624775887077703 ], [ 121.14013201529977, 14.625212301516335 ], [ 121.141731244516464, 14.625579808412015 ], [ 121.142250922233089, 14.625611391036307 ], [ 121.143129493400494, 14.625700396613217 ], [ 121.144183204571846, 14.625772175304686 ], [ 121.144183194620737, 14.625772184902404 ], [ 121.144654072779204, 14.625783659895685 ], [ 121.144967027868134, 14.625723365796309 ], [ 121.145351761647191, 14.625625746778143 ], [ 121.146043708219807, 14.625315662837403 ], [ 121.146833273810969, 14.624973996273104 ], [ 121.147619968254475, 14.624612231675552 ], [ 121.148300430236645, 14.624261951668302 ], [ 121.148662194834728, 14.624083940517092 ], [ 121.149055542056516, 14.62392602739917 ], [ 121.149147418779876, 14.62390018707084 ], [ 121.149336914521754, 14.623842764118903 ], [ 121.149560864035024, 14.623839892971578 ], [ 121.149925499780892, 14.623828408381597 ], [ 121.149925489830665, 14.623828417981597 ], [ 121.152167866060964, 14.623914542812551 ], [ 121.152808131976968, 14.623859991008784 ], [ 121.153413944121581, 14.623704949038736 ], [ 121.15510792120844, 14.62330298837578 ], [ 121.155426618592614, 14.623282890342921 ], [ 121.156144405493862, 14.62315655984909 ], [ 121.157668984872046, 14.622820635580881 ], [ 121.158174306850583, 14.622786181810222 ], [ 121.158398256363853, 14.622791924105721 ], [ 121.15887486686654, 14.622935481486655 ], [ 121.159282569826885, 14.62323982313352 ], [ 121.159948676071693, 14.623544164780689 ], [ 121.160499936411995, 14.623578618552653 ], [ 121.161275146265467, 14.623532680191882 ], [ 121.161740272177582, 14.623555649373314 ], [ 121.161992933166971, 14.623618814620979 ], [ 121.162452316784211, 14.623946125448759 ], [ 121.163040902043662, 14.624213142176954 ], [ 121.163236140080826, 14.624221755620017 ], [ 121.163770173535355, 14.624115523159201 ], [ 121.164163520757143, 14.623957610041277 ], [ 121.164479346993602, 14.623837021842171 ], [ 121.164732007982693, 14.623607330033886 ], [ 121.164990411266672, 14.623159431007474 ], [ 121.165148324384688, 14.622875187394545 ], [ 121.165378016192847, 14.62261104181496 ], [ 121.16555315619658, 14.622444515253957 ], [ 121.165926405385221, 14.622369865416626 ], [ 121.166339850640384, 14.62232392705541 ], [ 121.166948533932597, 14.622148787052103 ], [ 121.167591670995748, 14.621706630321391 ], [ 121.167591661050309, 14.62170663993084 ], [ 121.168441530686323, 14.621054879815571 ], [ 121.168806166431992, 14.62087973981199 ], [ 121.169254065458261, 14.620675888332405 ], [ 121.170149863511199, 14.620650048005047 ], [ 121.170571922209277, 14.620710342105308 ], [ 121.17096526943142, 14.620876868667001 ], [ 121.17099999005525, 14.620800009610971 ] ] ] } },
{ "type": "Feature", "properties": { "Agency": "LTFRB", "Type": "PUJ", "Route_Code": "PUJ25A", "Route_Name": "Cubao - Padilla via Marcos Hi-way", "Route_Begi": "Unnamed road near Marcos Hwy., Antipolo City", "Route_End": "Aurora Blvd. / General Aguinaldo Ave. Intersection, Quezon City", "Schedule_T": "04:00-22:00", "Trip_Code": "T248", "Schedule_D": "Mondays to Sundays" }, "geometry": { "type": "MultiLineString", "coordinates": [ [ [ 121.050453883180808, 14.621611872769519 ], [ 121.053279082441136, 14.622875905045031 ], [ 121.057180972039333, 14.62480244509422 ], [ 121.059541045393232, 14.625980342949228 ], [ 121.062156660865014, 14.627324040035042 ], [ 121.063296506465477, 14.62771738725956 ], [ 121.064324367331821, 14.627869567635036 ], [ 121.066988802288435, 14.628297359083321 ], [ 121.068143003627014, 14.628733773522024 ], [ 121.070301502778264, 14.629825251265546 ], [ 121.072570313239936, 14.630910103417746 ], [ 121.072570303267398, 14.630910112974986 ], [ 121.074425074595169, 14.631748478522963 ], [ 121.075625214295854, 14.632426069360907 ], [ 121.076228155293578, 14.63265001887549 ], [ 121.076647342844055, 14.632586853628867 ], [ 121.077135437936931, 14.632460523134952 ], [ 121.07768095598162, 14.632121727718095 ], [ 121.078025493693687, 14.631679570986936 ], [ 121.079099302895926, 14.630100439803963 ], [ 121.079099292925136, 14.630100449364681 ], [ 121.081022971788201, 14.627596799092412 ], [ 121.08310311822575, 14.625544646342686 ], [ 121.083364392657458, 14.62526901617268 ], [ 121.083378748395305, 14.625142685677899 ], [ 121.083662992007604, 14.624703400094241 ], [ 121.084346325136892, 14.624057391883483 ], [ 121.084693733996843, 14.623764534827997 ], [ 121.08649394354299, 14.621883933147382 ], [ 121.087932388491481, 14.620439745902669 ], [ 121.089488550491808, 14.618981202920143 ], [ 121.089821603613871, 14.618785964883349 ], [ 121.090448949365538, 14.618544788485325 ], [ 121.090975804951171, 14.618454347336616 ], [ 121.091479691356099, 14.618434249304268 ], [ 121.094459942572612, 14.619014221126729 ], [ 121.09961652367582, 14.620105257227587 ], [ 121.104887950683249, 14.621161839557347 ], [ 121.124337104576938, 14.625250353788191 ], [ 121.124337094618795, 14.625250363373484 ], [ 121.124759173232619, 14.625322122893559 ], [ 121.125637744399896, 14.625281926828139 ], [ 121.127297267715605, 14.625000554364654 ], [ 121.129083121526008, 14.624759377967804 ], [ 121.13173031961793, 14.624368901896448 ], [ 121.132815613412802, 14.624317221240862 ], [ 121.133866453436355, 14.624225344518711 ], [ 121.133866443480869, 14.624225354109175 ], [ 121.136278935212218, 14.624468674281363 ], [ 121.137045531622988, 14.624543324120083 ], [ 121.138219830993933, 14.624775887077703 ], [ 121.14013201529977, 14.625212301516335 ], [ 121.141731244516464, 14.625579808412015 ], [ 121.142250922233089, 14.625611391036307 ], [ 121.143129493400494, 14.625700396613217 ], [ 121.144183204571846, 14.625772175304686 ], [ 121.144183194620737, 14.625772184902404 ], [ 121.144654072779204, 14.625783659895685 ], [ 121.144967027868134, 14.625723365796309 ], [ 121.145351761647191, 14.625625746778143 ], [ 121.146043708219807, 14.625315662837403 ], [ 121.146833273810969, 14.624973996273104 ], [ 121.147619968254475, 14.624612231675552 ], [ 121.148300430236645, 14.624261951668302 ], [ 121.148662194834728, 14.624083940517092 ], [ 121.149055542056516, 14.62392602739917 ], [ 121.149147418779876, 14.62390018707084 ], [ 121.149336914521754, 14.623842764118903 ], [ 121.149560864035024, 14.623839892971578 ], [ 121.149925499780892, 14.623828408381597 ], [ 121.149925489830665, 14.623828417981597 ], [ 121.152167866060964, 14.623914542812551 ], [ 121.152808131976968, 14.623859991008784 ], [ 121.153413944121581, 14.623704949038736 ], [ 121.15510792120844, 14.62330298837578 ], [ 121.155426618592614, 14.623282890342921 ], [ 121.156144405493862, 14.62315655984909 ], [ 121.157668984872046, 14.622820635580881 ], [ 121.158174306850583, 14.622786181810222 ], [ 121.158398256363853, 14.622791924105721 ], [ 121.15887486686654, 14.622935481486655 ], [ 121.159282569826885, 14.62323982313352 ], [ 121.159948676071693, 14.623544164780689 ], [ 121.160499936411995, 14.623578618552653 ], [ 121.161275146265467, 14.623532680191882 ], [ 121.161740272177582, 14.623555649373314 ], [ 121.161992933166971, 14.623618814620979 ], [ 121.162452316784211, 14.623946125448759 ], [ 121.163040902043662, 14.624213142176954 ], [ 121.163236140080826, 14.624221755620017 ], [ 121.163770173535355, 14.624115523159201 ], [ 121.164163520757143, 14.623957610041277 ], [ 121.164479346993602, 14.623837021842171 ], [ 121.164732007982693, 14.623607330033886 ], [ 121.164990411266672, 14.623159431007474 ], [ 121.165148324384688, 14.622875187394545 ], [ 121.165378016192847, 14.62261104181496 ], [ 121.16555315619658, 14.622444515253957 ], [ 121.165926405385221, 14.622369865416626 ], [ 121.166339850640384, 14.62232392705541 ], [ 121.166948533932597, 14.622148787052103 ], [ 121.167591670995748, 14.621706630321391 ], [ 121.167591661050309, 14.62170663993084 ], [ 121.168441530686323, 14.621054879815571 ], [ 121.168806166431992, 14.62087973981199 ], [ 121.169254065458261, 14.620675888332405 ], [ 121.170149863511199, 14.620650048005047 ], [ 121.170571922209277, 14.620710342105308 ], [ 121.17096526943142, 14.620876868667001 ], [ 121.171213633643873, 14.621024005370939 ], [ 121.171752691606784, 14.621299635541391 ], [ 121.172217817518899, 14.621601106040242 ], [ 121.172845163270694, 14.621957128343702 ], [ 121.173684973945342, 14.622462450322772 ], [ 121.174227620842714, 14.622657688360272 ], [ 121.174531962488814, 14.622703626722148 ], [ 121.174767396592415, 14.622697884427085 ], [ 121.175272718570767, 14.622571553932746 ], [ 121.175904371043615, 14.622318892943856 ], [ 121.176168516623207, 14.6222040470398 ], [ 121.176335043184224, 14.622181077859045 ], [ 121.176817395981814, 14.622152366383295 ], [ 121.177391625502779, 14.622261469992658 ], [ 121.178643445858569, 14.622571553934799 ], [ 121.17943014030223, 14.622548584754442 ], [ 121.180216834745892, 14.622548584754924 ], [ 121.1823989069253, 14.62239928508076 ], [ 121.183731119413807, 14.622336119834255 ], [ 121.184948485998135, 14.622244243111629 ], [ 121.185970614545383, 14.622232758521831 ], [ 121.186562070951922, 14.622244243112608 ], [ 121.186999990061494, 14.622300009621666 ] ] ] } },
{ "type": "Feature", "properties": { "Agency": null, "Type": null, "Route_Code": "PUJ44A", "Route_Name": "Francisco Hms(SJDM)-Cubao(AranetaCenter)", "Route_Begi": null, "Route_End": null, "Schedule_T": null, "Trip_Code": null, "Schedule_D": "Mondays to Sundays" }, "geometry": { "type": "MultiLineString", "coordinates": [ [ [ 121.054999980035248, 14.623900019084315 ], [ 121.055926998321695, 14.62435598163974 ], [ 121.055117334698807, 14.626055701022239 ], [ 121.055013973385257, 14.626268165945044 ], [ 121.053371676954072, 14.625550379041233 ], [ 121.051626019213899, 14.62921970568112 ], [ 121.051626009233317, 14.629219715224528 ], [ 121.05109772805443, 14.629182380761591 ], [ 121.051054660840435, 14.629248417156505 ], [ 121.050902490017563, 14.629472366669676 ], [ 121.050681411652135, 14.629656120116271 ], [ 121.050483302467569, 14.629822646677241 ], [ 121.050378505580227, 14.630075307666566 ], [ 121.049864570160892, 14.631884130658472 ], [ 121.054389498788709, 14.633181889382458 ], [ 121.054263168294739, 14.633790572675032 ], [ 121.054240199114531, 14.634376286786882 ], [ 121.054464148628668, 14.635151496641098 ], [ 121.054630675190552, 14.63586354124789 ], [ 121.054682355847746, 14.636144913713467 ], [ 121.054682345872052, 14.636144923263048 ], [ 121.054999980048734, 14.636100019099493 ], [ 121.055474792586708, 14.635984129448413 ], [ 121.055721711282359, 14.637385249481046 ], [ 121.055804974565064, 14.639334758706456 ], [ 121.054983826349897, 14.639343372148263 ], [ 121.054791459462436, 14.641267041044866 ], [ 121.054653644377353, 14.641241200716232 ], [ 121.054382320930003, 14.642494456646446 ], [ 121.053681760916263, 14.644320506523774 ], [ 121.053064464182427, 14.645557971141747 ], [ 121.052045206784086, 14.647076808224702 ], [ 121.051046047419007, 14.648592774160084 ], [ 121.050968526433763, 14.648664552850162 ], [ 121.050727350034876, 14.648632970226195 ], [ 121.05022777035127, 14.648437732188304 ], [ 121.049805711653207, 14.64839753612128 ], [ 121.049478400826217, 14.648431989892172 ], [ 121.04879793884389, 14.648618614485796 ], [ 121.047884913905875, 14.649121065315953 ], [ 121.047577701112374, 14.64942827810955 ], [ 121.047201580776559, 14.649893404021457 ], [ 121.046819718145656, 14.650418824033107 ], [ 121.046538345681114, 14.651182549296283 ], [ 121.04642637092519, 14.651814201769728 ], [ 121.04640340174484, 14.652239131615566 ], [ 121.046423499778399, 14.652531988671534 ], [ 121.04654121683069, 14.652974145403174 ], [ 121.046722099130349, 14.653427786725333 ], [ 121.047187225043075, 14.653976175918876 ], [ 121.047454241770595, 14.654194383137357 ], [ 121.047930852273396, 14.654398234618053 ], [ 121.048502210647044, 14.654544663146716 ], [ 121.049142476563091, 14.654515951671419 ], [ 121.049877490349772, 14.654237450354435 ], [ 121.050377070032937, 14.654007758546456 ], [ 121.050715865450073, 14.653732128376582 ], [ 121.051442265793355, 14.652931078195044 ], [ 121.051861453342838, 14.652063991618187 ], [ 121.052010753017726, 14.651518473573008 ], [ 121.052073918264213, 14.650749006014351 ], [ 121.052073908295711, 14.650749015571412 ], [ 121.052088274001818, 14.65035709436599 ], [ 121.052470136633318, 14.650299671414295 ], [ 121.053350143374288, 14.650179083215873 ], [ 121.053498007476023, 14.650216408134947 ], [ 121.053565479444856, 14.650316898301286 ], [ 121.053579835183484, 14.650836576018197 ], [ 121.053558301576814, 14.651181113731047 ], [ 121.053472167149309, 14.651782619154657 ], [ 121.053396081738043, 14.652046764734425 ], [ 121.053180745668357, 14.652691337371971 ], [ 121.052830465660904, 14.653090426888951 ], [ 121.052684037133133, 14.653188045907413 ], [ 121.052618000738264, 14.653239726564271 ], [ 121.052365339749102, 14.653314376401756 ], [ 121.051756656456277, 14.652938256064459 ], [ 121.051548498254803, 14.652836330324144 ], [ 121.051495382024086, 14.652890882128617 ], [ 121.051514044483625, 14.652971274261647 ], [ 121.051712153668547, 14.653071764428145 ], [ 121.05224475154975, 14.653381848370376 ], [ 121.053539639120984, 14.654415461510537 ], [ 121.054481375536341, 14.655113150380235 ], [ 121.055517859822686, 14.655782127773987 ], [ 121.056918979855269, 14.65668366812435 ], [ 121.056918969891655, 14.65668367768804 ], [ 121.058053083160146, 14.657335418632581 ], [ 121.058156444473923, 14.657306707156629 ], [ 121.058162186768897, 14.657105726824135 ], [ 121.058099021521429, 14.656944942558061 ], [ 121.057496080523734, 14.656468332054521 ], [ 121.055893980158658, 14.655406007437898 ], [ 121.055647061464313, 14.655170573333802 ], [ 121.05584804179648, 14.65496959300156 ], [ 121.056778293620567, 14.654854747098396 ], [ 121.057742999215989, 14.654843262509139 ], [ 121.059402522532139, 14.654900685463311 ], [ 121.0615042025794, 14.65489494317066 ], [ 121.062675630802502, 14.654958108419468 ], [ 121.064240406247691, 14.655012660225903 ], [ 121.064409803956679, 14.655242352034696 ], [ 121.064774439703385, 14.655963010084548 ], [ 121.064774429742073, 14.655963019652589 ], [ 121.064804586753709, 14.656471203211058 ], [ 121.064816071348147, 14.660088849196137 ], [ 121.064678256263505, 14.660444871499264 ], [ 121.064414110684368, 14.660984647249101 ], [ 121.061643453242951, 14.659187308843608 ], [ 121.058483755300813, 14.657220572728811 ], [ 121.058394749725025, 14.657214830433482 ], [ 121.058265548082915, 14.657335418632838 ], [ 121.058271290378272, 14.657467491422771 ], [ 121.059523110735213, 14.658282897344744 ], [ 121.06426337543526, 14.66119424102425 ], [ 121.067972898144745, 14.663996481093401 ], [ 121.071946566433752, 14.666569029354308 ], [ 121.075368974382187, 14.66888891662509 ], [ 121.078217152809671, 14.671335134389919 ], [ 121.081145723371407, 14.674964264968983 ], [ 121.083281857193654, 14.678340734557667 ], [ 121.083902025078174, 14.679902638856735 ], [ 121.08599998012393, 14.685000019197945 ], [ 121.086979895319644, 14.687344653458359 ], [ 121.087209587129209, 14.688355297416345 ], [ 121.087140679591087, 14.692351934885467 ], [ 121.087140669657529, 14.692351944489673 ], [ 121.08730146386074, 14.695705435290872 ], [ 121.087140679598548, 14.699058935695856 ], [ 121.086999980140916, 14.699700019217305 ], [ 121.086244881548552, 14.70172336067424 ], [ 121.084901184470866, 14.703245068904391 ], [ 121.08278227753938, 14.704571539096319 ], [ 121.081570653250054, 14.70478974631299 ], [ 121.079451746317432, 14.705019438118962 ], [ 121.076798805929869, 14.705025180410942 ], [ 121.075460851145678, 14.705105572542287 ], [ 121.074542083911936, 14.705128541722024 ], [ 121.072750487806644, 14.705679802060411 ], [ 121.071349367775625, 14.706139185675863 ], [ 121.070821076616426, 14.706345908302932 ], [ 121.069488864127635, 14.706483723386448 ], [ 121.065262534852096, 14.706437785019544 ], [ 121.064665336150355, 14.706621538465679 ], [ 121.063861414821375, 14.707172798805267 ], [ 121.061403712474203, 14.710043946409444 ], [ 121.060999980135406, 14.710600019198898 ], [ 121.061196989848767, 14.711973357601213 ], [ 121.061151051491962, 14.716366213440121 ], [ 121.061179762980544, 14.72767279271717 ], [ 121.061196989867895, 14.729220341277468 ], [ 121.061165407244303, 14.729283506524794 ], [ 121.060952942321535, 14.729312218000608 ], [ 121.060886905926594, 14.729312218000516 ], [ 121.060137536400731, 14.728574333064561 ], [ 121.058018629465664, 14.726679375641247 ], [ 121.056933335672426, 14.728166630100423 ], [ 121.056132285491756, 14.729383996684877 ], [ 121.055558055971545, 14.730164948833332 ], [ 121.055500633019761, 14.730452063593972 ], [ 121.055454694658735, 14.73107223147707 ], [ 121.055420240888736, 14.732186236748595 ], [ 121.055535086793554, 14.732726012498883 ], [ 121.055615478927251, 14.733403603334269 ], [ 121.05561835007579, 14.734253463026009 ], [ 121.055615478928274, 14.734333855158987 ], [ 121.055718840242307, 14.734531964344013 ], [ 121.055914078279613, 14.734666908281785 ], [ 121.056379204191828, 14.734770269596213 ], [ 121.058446430468365, 14.735200941739823 ], [ 121.059755673776436, 14.735155003379697 ], [ 121.062313866293238, 14.735341627977306 ], [ 121.063361835169289, 14.735364597159453 ], [ 121.065999980166382, 14.735400019235442 ], [ 121.067970027076328, 14.735465087331342 ], [ 121.06929362612253, 14.735447860447326 ], [ 121.069293616206849, 14.735447870067089 ], [ 121.069781721215691, 14.735645969632815 ], [ 121.070424858279949, 14.73623168374545 ], [ 121.070889984192775, 14.736834624743528 ], [ 121.071659451751728, 14.737443308037198 ], [ 121.072187742911495, 14.737741907388976 ], [ 121.07282513768034, 14.738074960512209 ], [ 121.073669255077107, 14.738741066758102 ], [ 121.074467434112208, 14.739395688413506 ], [ 121.074903848548914, 14.739987144821114 ], [ 121.075897265622132, 14.741497368463694 ], [ 121.076402587601166, 14.741887844538892 ], [ 121.077060080403029, 14.742025659624851 ], [ 121.0774448141823, 14.742143376677205 ], [ 121.077611340743502, 14.742215155367594 ], [ 121.07778360960026, 14.74261137373759 ], [ 121.077783599691458, 14.742611383366937 ], [ 121.077884099767289, 14.743369356706005 ], [ 121.077849645996608, 14.743906261308503 ], [ 121.078090822396746, 14.745031751170794 ], [ 121.07852723683331, 14.745482521345656 ], [ 121.079101466354786, 14.745809832173581 ], [ 121.079526396200563, 14.745947647259236 ], [ 121.080611689995891, 14.746312283006686 ], [ 121.080801185737968, 14.746404159730348 ], [ 121.081056717875114, 14.746636722686828 ], [ 121.081056707969637, 14.746636732320644 ], [ 121.081777375925085, 14.7475152938555 ], [ 121.082242501837698, 14.747963192882796 ], [ 121.083009098249633, 14.749103038483765 ], [ 121.083537389409912, 14.749852408009883 ], [ 121.084329826150238, 14.750906119182686 ], [ 121.084608327468686, 14.751517673623342 ], [ 121.084783467473017, 14.751899536255321 ], [ 121.084817921244621, 14.752172295278033 ], [ 121.084886828787802, 14.752769493980411 ], [ 121.084944251740964, 14.753705488100403 ], [ 121.085056226499375, 14.755321944203375 ], [ 121.085056216600123, 14.755321953844954 ], [ 121.08509929371391, 14.755726776016028 ], [ 121.08509928381487, 14.755726785657879 ], [ 121.085488334215938, 14.757023099161138 ], [ 121.085887423734945, 14.758694107068999 ], [ 121.086237703743805, 14.759549709056357 ], [ 121.0865363030954, 14.760086613659258 ], [ 121.086743025723763, 14.76076994679001 ], [ 121.086743015828091, 14.760769956435938 ], [ 121.086791835233257, 14.760945086794097 ], [ 121.087437843446196, 14.762495506502745 ], [ 121.087467990496364, 14.762738118475601 ], [ 121.087213893933338, 14.762796977001239 ], [ 121.086699958511929, 14.76277831454115 ], [ 121.086628179822355, 14.763279329798515 ], [ 121.086415714900099, 14.763776038334287 ], [ 121.086042465711955, 14.764328734248194 ], [ 121.084807872243786, 14.766372991342973 ], [ 121.084153250590774, 14.767320470052534 ], [ 121.083171318110018, 14.767665007764183 ], [ 121.08218938562915, 14.767883214981127 ], [ 121.081741486602851, 14.768043999246572 ], [ 121.08117299937723, 14.768290917940094 ], [ 121.079490506882195, 14.769967668140611 ], [ 121.078502832106878, 14.770846239307179 ], [ 121.077922860291039, 14.771282653742752 ], [ 121.077813756682488, 14.771719068178896 ], [ 121.077836725863847, 14.772172709500866 ], [ 121.077871179635423, 14.772442597375965 ], [ 121.077578322580493, 14.77318909575347 ], [ 121.077403182577058, 14.773625510189545 ], [ 121.077385955691966, 14.774159543644441 ], [ 121.077426151758687, 14.774377750862641 ], [ 121.077523770777788, 14.774848619070342 ], [ 121.07739169798819, 14.775078310878744 ], [ 121.076481544197748, 14.775503240723484 ], [ 121.07621165632294, 14.775609473184616 ], [ 121.076211646431972, 14.77560948283314 ], [ 121.075973351071994, 14.775908072535469 ], [ 121.075648911393174, 14.776462204023243 ], [ 121.075258435319498, 14.777108212234367 ], [ 121.074902413016872, 14.777553240113043 ], [ 121.074506194647839, 14.778001139139267 ], [ 121.074448771696126, 14.778357161442479 ], [ 121.074075522508451, 14.779304640152384 ], [ 121.073954934309711, 14.779930550330594 ], [ 121.074081264805358, 14.780840704122207 ], [ 121.074170270381799, 14.781432160529393 ], [ 121.074236306777053, 14.781713532994964 ], [ 121.074365508419874, 14.782233210712015 ], [ 121.074494710062453, 14.782523196620506 ], [ 121.074606684819344, 14.78275288842921 ], [ 121.074606674931815, 14.782752898081085 ], [ 121.074692819247844, 14.783057230075684 ], [ 121.074644009738805, 14.783286921884185 ], [ 121.074514808096922, 14.783625717301664 ], [ 121.074483225473386, 14.783754918943943 ], [ 121.074503323506988, 14.784065002885541 ], [ 121.074503313620141, 14.784065012538152 ], [ 121.074704303839923, 14.784527257650534 ], [ 121.074727273020969, 14.78470526880219 ], [ 121.074712917283421, 14.785115842910017 ], [ 121.074687076955669, 14.785779078007211 ], [ 121.074707174989598, 14.78639063244758 ], [ 121.074784695975296, 14.786694974094026 ], [ 121.074735886466613, 14.787217522958457 ], [ 121.07464975203888, 14.787645323951812 ], [ 121.074592329087153, 14.787972634778951 ], [ 121.07458371564509, 14.788632998728588 ], [ 121.074638267450069, 14.789063670869739 ], [ 121.074606684826975, 14.789580477438962 ], [ 121.074465998595343, 14.790510729263508 ], [ 121.074236306788322, 14.791831457162504 ], [ 121.07391473825858, 14.793668991630682 ], [ 121.073598912023073, 14.794702604768844 ], [ 121.073196951359137, 14.795431876260576 ], [ 121.072714598561859, 14.795874032991472 ], [ 121.071850383133366, 14.796554494973305 ], [ 121.070245411623247, 14.7978292845089 ], [ 121.069484557508332, 14.798346091077258 ], [ 121.068924683725768, 14.79880547469369 ], [ 121.068735187984103, 14.79909258945418 ], [ 121.068597372899447, 14.799471580938153 ], [ 121.068341840763324, 14.800160656363543 ], [ 121.06825283518792, 14.80048222489544 ], [ 121.068275804369051, 14.800732014737276 ], [ 121.068439459783008, 14.801145459992906 ], [ 121.068603115196765, 14.801352182620823 ], [ 121.068654795853831, 14.801478513115605 ], [ 121.068677765034835, 14.801630683938811 ], [ 121.068680636182563, 14.801731174105056 ], [ 121.068631826673752, 14.802150361655642 ], [ 121.068643311264509, 14.80248054363048 ], [ 121.068735187988096, 14.802684395110694 ], [ 121.068821322416511, 14.802919829214575 ], [ 121.06881270897405, 14.803175361351604 ], [ 121.068726574546162, 14.803433764636145 ], [ 121.068545692247497, 14.803904632843482 ], [ 121.068298773554091, 14.804516187283504 ], [ 121.068298773554446, 14.804803302044212 ], [ 121.068324613883817, 14.805630192555096 ], [ 121.068376294541537, 14.806402531261478 ], [ 121.06844233093679, 14.806663805693805 ], [ 121.068445202084462, 14.806749940122028 ], [ 121.06835045421353, 14.806798749631236 ], [ 121.067931266663237, 14.806879141763703 ], [ 121.067245062385965, 14.807295458165903 ], [ 121.067124474186642, 14.807395948332005 ], [ 121.066756967293159, 14.80743614439805 ], [ 121.06670528663642, 14.807542376859445 ], [ 121.065766421369759, 14.807889785718771 ], [ 121.065648704317979, 14.807947208670761 ], [ 121.065568312185803, 14.808662124424831 ], [ 121.065895623012622, 14.808492726716405 ], [ 121.065838200061023, 14.808934883447831 ], [ 121.06583245776622, 14.809296648046328 ], [ 121.065889880718416, 14.809377040179394 ], [ 121.065999980249018, 14.809600019325748 ], [ 121.065665931205913, 14.810014434947906 ], [ 121.064712710201917, 14.81099349628075 ], [ 121.064218872813328, 14.810614504796014 ], [ 121.063541281977805, 14.810074729045047 ], [ 121.063242682626779, 14.810017306092529 ], [ 121.062702906877107, 14.810201059538731 ], [ 121.061278817665411, 14.810832712010541 ], [ 121.060802207163135, 14.811016465456813 ], [ 121.059619294349034, 14.810505401181292 ], [ 121.059803047795398, 14.810152250025848 ], [ 121.058401927763001, 14.809379911317802 ], [ 121.058815373018049, 14.809201900166673 ], [ 121.058493804485479, 14.808558763102281 ], [ 121.057959771031079, 14.808765485729342 ] ] ] } },
{ "type": "Feature", "properties": { "Agency": "LTFRB", "Type": "PUJ", "Route_Code": "PUJ49A", "Route_Name": "Marikina - Montalban", "Route_Begi": "Shoe Ave., Marikina City", "Route_End": "Montalban Market, E. Rodriguez Highway, Montalban, Rizal", "Schedule_T": "04:00-22:00", "Trip_Code": "T294", "Schedule_D": "Mondays to Sundays" }, "geometry": { "type": "MultiLineString", "coordinates": [ [ [ 121.097674215098763, 14.633213093554184 ], [ 121.097380268569751, 14.635656459778838 ], [ 121.097334125197207, 14.636469885725505 ], [ 121.097391425830608, 14.637430239148882 ], [ 121.097453253744447, 14.63786730909896 ], [ 121.097556306321366, 14.638609097487848 ], [ 121.098100652933013, 14.640000197466419 ], [ 121.098644939683155, 14.641231233429 ], [ 121.100125790234117, 14.644234893788708 ], [ 121.101632069416695, 14.647460158286442 ], [ 121.102239739891829, 14.648952799465725 ], [ 121.102401109853005, 14.649248232957138 ], [ 121.101901737406749, 14.649620891046455 ], [ 121.102391938614957, 14.64997005674158 ], [ 121.102657660374391, 14.650305462633792 ], [ 121.102872773956079, 14.650671126197478 ], [ 121.102979006417769, 14.650941014072686 ], [ 121.10304647838683, 14.65125684030957 ], [ 121.103123999372571, 14.651582715563078 ], [ 121.103132612815756, 14.651928688849759 ], [ 121.103179986753148, 14.653662862004575 ], [ 121.103179986753531, 14.654041853488723 ], [ 121.103254636591984, 14.65463905219112 ], [ 121.103380967087674, 14.655592273196868 ], [ 121.103541751354626, 14.656511040431363 ], [ 121.10366233955493, 14.657303477171094 ], [ 121.103731247097798, 14.657619303407987 ], [ 121.103874804478352, 14.657877706692785 ], [ 121.104494972362616, 14.659175465412012 ], [ 121.10523572844663, 14.660771823482524 ], [ 121.105942030759223, 14.662224624172648 ], [ 121.106206176339654, 14.662884988122618 ], [ 121.106343991425319, 14.663424763872939 ], [ 121.106780405862906, 14.664791430134514 ], [ 121.107044551443565, 14.665635547531343 ], [ 121.107710657690291, 14.667679804628481 ], [ 121.108227464261148, 14.669327843355658 ], [ 121.108721301651144, 14.670970139787579 ], [ 121.108991189527089, 14.671906133907855 ], [ 121.109295531174368, 14.672847870323396 ], [ 121.109611357412192, 14.673956133300173 ], [ 121.109852533812344, 14.67507588086726 ], [ 121.110214298411506, 14.675874059902521 ], [ 121.111827883368122, 14.6779125747056 ], [ 121.11320029192548, 14.679612294090731 ], [ 121.114400431626123, 14.680996187238854 ], [ 121.115020599509947, 14.681903469883487 ], [ 121.115537406080151, 14.682983021384425 ], [ 121.115996789698002, 14.683832881076732 ], [ 121.116025501174505, 14.684237712889381 ], [ 121.116140347079678, 14.685127768647744 ], [ 121.116212125770815, 14.68600059752043 ], [ 121.116548050043093, 14.688202767735557 ], [ 121.116967237596683, 14.691039461571959 ], [ 121.117265836949755, 14.692894222926574 ], [ 121.11768502450289, 14.695380636754923 ], [ 121.118465976651535, 14.69532321380373 ], [ 121.118465966730241, 14.695323223428916 ], [ 121.118707153050423, 14.695331827246854 ], [ 121.118761704854947, 14.69534331183735 ], [ 121.118954071744625, 14.695406477084934 ], [ 121.119430682247582, 14.695817051193353 ], [ 121.120002040621642, 14.696310888582486 ], [ 121.1209552616276, 14.697120552208887 ], [ 121.121902740338314, 14.697895762063986 ], [ 121.122815765277807, 14.698711167985525 ], [ 121.123568005951157, 14.699362918493286 ], [ 121.123720176774569, 14.699609837187689 ], [ 121.123849378417106, 14.699879725062933 ], [ 121.12453701826999, 14.701127238699085 ], [ 121.124547067286656, 14.701148772306164 ], [ 121.124851408932741, 14.701054024435491 ], [ 121.125181590907218, 14.700924822793588 ], [ 121.125316534844671, 14.700909031481901 ], [ 121.125385442387255, 14.700969325581736 ], [ 121.125603649605665, 14.701315298868675 ], [ 121.126021401583102, 14.702033085770985 ], [ 121.12623386650634, 14.702412077255367 ], [ 121.126411877658541, 14.703003533662681 ], [ 121.126561177334537, 14.703462917280019 ], [ 121.126561167420519, 14.703462926915185 ], [ 121.126733446191366, 14.703939527783007 ], [ 121.126842549800685, 14.70416921959173 ], [ 121.12744549079892, 14.705148280926508 ], [ 121.128094370158777, 14.706044078980746 ], [ 121.128582465252393, 14.706649891126469 ], [ 121.128958585589331, 14.707158084253406 ], [ 121.129222731169264, 14.707370549176654 ], [ 121.129311736745009, 14.707364806881534 ], [ 121.129484005601299, 14.707315997372447 ], [ 121.129722310852543, 14.707272930158632 ], [ 121.13012140036966, 14.707218378354577 ], [ 121.130388417097024, 14.707267187864216 ], [ 121.130557814805812, 14.707315997373758 ], [ 121.130833444976048, 14.707442327868797 ], [ 121.131252632526838, 14.707740927220454 ], [ 121.131453612859389, 14.707895969191503 ], [ 121.131686175815815, 14.708266347233103 ], [ 121.131884285001078, 14.708636725274678 ], [ 121.132042198119763, 14.708961164954484 ], [ 121.1322101602549, 14.709206648075103 ], [ 121.132629347805846, 14.709671773987971 ], [ 121.133128927489764, 14.710171353672241 ], [ 121.133255257984572, 14.710332137938396 ], [ 121.133398815365041, 14.710487179909359 ], [ 121.133565341926669, 14.710952305821912 ], [ 121.133999980186601, 14.712100019290087 ], [ 121.134558759000626, 14.7131343780046 ], [ 121.134891812123342, 14.713542080965222 ], [ 121.135023884913394, 14.713714349821819 ], [ 121.135184669179452, 14.71384642261196 ], [ 121.13547178394019, 14.714012949173522 ], [ 121.135563660663763, 14.714156506553987 ], [ 121.135667021977795, 14.714380456067483 ], [ 121.135936909853328, 14.714914489522734 ], [ 121.136189570842973, 14.715247542645484 ], [ 121.136413520356626, 14.715632276425133 ], [ 121.136625985279821, 14.715948102662169 ], [ 121.13689587315514, 14.716344321032286 ], [ 121.137182987916162, 14.71670608563114 ], [ 121.137619402353067, 14.717504264666472 ], [ 121.139520102071288, 14.720496000475485 ], [ 121.139876124374922, 14.720989837864355 ], [ 121.140481936520672, 14.721825341818779 ], [ 121.140817860791046, 14.72228185428874 ], [ 121.141116460142356, 14.722603422821114 ], [ 121.141572972612181, 14.723077162176846 ], [ 121.141633266712049, 14.723220719557279 ], [ 121.141656235893095, 14.723378632675697 ], [ 121.141684947369498, 14.723705943502958 ], [ 121.141817020159635, 14.723947119902128 ], [ 121.142055325411178, 14.724237105810726 ], [ 121.14227353262946, 14.7244754110624 ], [ 121.142422832305286, 14.724768268118522 ], [ 121.142549162800478, 14.725247749769073 ], [ 121.142709947066848, 14.725658323877086 ], [ 121.1428506333, 14.726109094051584 ], [ 121.14297409264735, 14.726373239631606 ], [ 121.143117650027875, 14.726585704554706 ], [ 121.143433476265116, 14.727154191781304 ], [ 121.14374356020727, 14.727805942288541 ], [ 121.143912957916456, 14.728219387544168 ], [ 121.14408809792107, 14.728805101656256 ], [ 121.144085226773598, 14.728954401331828 ], [ 121.143907215622065, 14.728977370512446 ], [ 121.14212710410699, 14.72937646002767 ], [ 121.139006166660536, 14.730056922006755 ], [ 121.137999980209543, 14.730300019317365 ] ] ] } },
{ "type": "Feature", "properties": { "Agency": "LTFRB", "Type": "PUJ", "Route_Code": "PUJ54A", "Route_Name": "Marikina(TP) - Paenaan via Marcos Hwy", "Route_Begi": "Marikina Elementary School, Marikina City", "Route_End": "Marcos Highway", "Schedule_T": "04:00-22:00", "Trip_Code": "T219", "Schedule_D": "Mondays to Sundays" }, "geometry": { "type": "MultiLineString", "coordinates": [ [ [ 121.096999980075879, 14.634900019149262 ], [ 121.096886431180778, 14.634915703695563 ], [ 121.096943854132334, 14.634381670240696 ], [ 121.097535310539129, 14.634450577783991 ], [ 121.097380268569751, 14.635656459778838 ], [ 121.09929819517005, 14.635443994858239 ], [ 121.099298185209065, 14.635444004434605 ], [ 121.101962620147475, 14.634909961406548 ], [ 121.101842031947385, 14.634335731884963 ], [ 121.101652536204767, 14.633715564001564 ], [ 121.101526205709575, 14.633250438089039 ], [ 121.101463040462008, 14.633037973166035 ], [ 121.101428586690361, 14.632670466272263 ], [ 121.101554917183918, 14.631705760676395 ], [ 121.101675505382005, 14.6304941363863 ], [ 121.101865001122633, 14.629265285210634 ], [ 121.102177956208408, 14.626322358913606 ], [ 121.1022669617834, 14.625650510373626 ], [ 121.10226983293019, 14.624912625438562 ], [ 121.102232508010658, 14.624301070998186 ], [ 121.102215281124501, 14.623818718200145 ], [ 121.102048754561764, 14.622383144396325 ], [ 121.101847774227821, 14.620982024363768 ], [ 121.101615211271621, 14.620809755507043 ], [ 121.098054988239852, 14.620043159091576 ], [ 121.097052957725282, 14.619868019086299 ], [ 121.097052947754932, 14.619868028651592 ], [ 121.09680316788355, 14.619796240395814 ], [ 121.096714162307734, 14.619738817443571 ], [ 121.096722775750351, 14.619601002358429 ], [ 121.096800296735637, 14.619520610225523 ], [ 121.098126766929738, 14.619804853840252 ], [ 121.101388390610396, 14.620456604351082 ], [ 121.103536009019905, 14.620915987970852 ], [ 121.106697142534358, 14.621553382743523 ], [ 121.10815855666597, 14.621883564720127 ], [ 121.115233064367814, 14.623379432632129 ], [ 121.122284602888797, 14.624895398577328 ], [ 121.124759163274675, 14.625322132479152 ], [ 121.125637734442208, 14.625281936414238 ], [ 121.127423957102934, 14.62501598678311 ], [ 121.131778052446137, 14.624345573822131 ], [ 121.132610685251692, 14.624299635461441 ], [ 121.133298325103155, 14.624250825952952 ], [ 121.135015271371387, 14.624319733497623 ], [ 121.135850775324684, 14.624411610222063 ], [ 121.136904486496064, 14.624537940718076 ], [ 121.137508863067168, 14.624638430885057 ], [ 121.138891320639644, 14.624947079254515 ], [ 121.141673462670141, 14.625578731731506 ], [ 121.143450703038198, 14.625739515999676 ], [ 121.144691038803884, 14.625796938953343 ], [ 121.145026963073633, 14.625730902558782 ], [ 121.148662184884188, 14.624083950116489 ], [ 121.149147408829421, 14.623900196670414 ], [ 121.149336904571314, 14.623842773718557 ], [ 121.149560854084669, 14.623839902571369 ], [ 121.151108053700199, 14.623870398916711 ], [ 121.152167856111518, 14.62391455241398 ], [ 121.152808122027736, 14.62386000061057 ], [ 121.153413934172448, 14.623704958640802 ], [ 121.155107911259663, 14.623302997978625 ], [ 121.155509522978932, 14.62325597333413 ], [ 121.156850348910424, 14.623006183493942 ], [ 121.157614074173381, 14.622862626114513 ], [ 121.158136623037564, 14.622822430048641 ], [ 121.158136613089553, 14.62282243965303 ], [ 121.158518485669134, 14.622859754968008 ], [ 121.158716594853985, 14.622920049067989 ], [ 121.159164493880752, 14.623166967762772 ], [ 121.159282559879514, 14.62323983273887 ], [ 121.159755950287874, 14.623494278590709 ], [ 121.159948666124734, 14.623544174386636 ], [ 121.160499926465235, 14.623578628158953 ], [ 121.161085291629291, 14.623528732363628 ], [ 121.161668134593242, 14.623543088102368 ], [ 121.161800207383067, 14.623557443840573 ], [ 121.162118904767453, 14.623701001221317 ], [ 121.162658680517765, 14.624079992706127 ], [ 121.162785011012488, 14.624137415658444 ], [ 121.163040892098067, 14.624213151785202 ], [ 121.163236130135317, 14.624221765228386 ], [ 121.163508540209094, 14.624160384840176 ], [ 121.163942083497432, 14.624045538936402 ], [ 121.164375626785713, 14.623884754670939 ], [ 121.164479337048306, 14.623837031451055 ], [ 121.164625416627231, 14.623729712700445 ], [ 121.164731998037354, 14.623607339642785 ], [ 121.164912531387287, 14.623276071378863 ], [ 121.165030248438839, 14.623023410389553 ], [ 121.165236971066108, 14.622736295629096 ], [ 121.165378006247181, 14.622611051423631 ], [ 121.165553146250886, 14.622444524862631 ], [ 121.165837040915264, 14.622380273326529 ], [ 121.166049505838032, 14.622331463817449 ], [ 121.166790261920099, 14.62217067955236 ], [ 121.167060149794835, 14.622021379877109 ], [ 121.167861199976244, 14.621521800194419 ], [ 121.168441520740856, 14.621054889425137 ], [ 121.169254055512837, 14.620675897942236 ], [ 121.170230721068762, 14.620560624421845 ], [ 121.170688528731759, 14.62067172711736 ], [ 121.171224249763767, 14.620916483329658 ], [ 121.171972683347192, 14.621313641997903 ], [ 121.172582802213881, 14.621717038237483 ], [ 121.173267570918327, 14.622196519888726 ], [ 121.173684964002419, 14.622462459936418 ], [ 121.174032731755673, 14.62261857858792 ], [ 121.174227610900076, 14.622657697974363 ], [ 121.174531952546303, 14.622703636336468 ], [ 121.174767386649975, 14.622697894041533 ], [ 121.175110847681609, 14.622634369901071 ], [ 121.175491274739215, 14.622496554816395 ], [ 121.175986547701001, 14.622319979239149 ], [ 121.176467464924755, 14.622172115137957 ], [ 121.176774677718555, 14.622159194974103 ], [ 121.177037387724482, 14.622172115138662 ], [ 121.177864278235091, 14.622381708914997 ], [ 121.17854761136546, 14.622548235477044 ], [ 121.178910811537563, 14.622586995970183 ], [ 121.179244119936612, 14.622563149339925 ], [ 121.179661919965852, 14.622571509773994 ], [ 121.185661979811385, 14.622225104238463 ], [ 121.186785743807832, 14.622275493370244 ], [ 121.187481570732231, 14.622373007863059 ], [ 121.188165967852086, 14.622486128595234 ], [ 121.188999990062328, 14.622600009623069 ], [ 121.19099999006319, 14.622900009624471 ], [ 121.191356730039061, 14.622956060414104 ], [ 121.19176405314299, 14.622888882499089 ], [ 121.192999990063583, 14.622400009625386 ], [ 121.194166340625699, 14.621955453520485 ], [ 121.195703731882958, 14.621285664835936 ], [ 121.197204457325753, 14.620571326310252 ], [ 121.19888354524285, 14.619696380006115 ], [ 121.199633882981999, 14.619321373899526 ], [ 121.199858127596841, 14.619276618338645 ], [ 121.200119013245569, 14.619258574000062 ], [ 121.200347905232974, 14.61929403966912 ], [ 121.200480683574256, 14.619338499024234 ], [ 121.20064096831365, 14.6194319621357 ], [ 121.201071713108732, 14.619984268082447 ], [ 121.204045536496224, 14.623565174782863 ], [ 121.2043661152385, 14.623752095805239 ], [ 121.204787411337463, 14.623956758632531 ], [ 121.205071292676067, 14.62405457042267 ], [ 121.205538226710473, 14.624107655940032 ], [ 121.206371229245093, 14.624031174793933 ], [ 121.206828782689158, 14.623834675328386 ], [ 121.207460155333564, 14.623508773028702 ], [ 121.207926780075368, 14.623223124164017 ], [ 121.208237877475312, 14.623049033291457 ], [ 121.208599357135967, 14.622910554119263 ], [ 121.20883275802295, 14.622865781978946 ], [ 121.209089073832359, 14.622852188500596 ], [ 121.209455293575175, 14.622891982764406 ], [ 121.209610982764474, 14.62295870177123 ], [ 121.210105481805002, 14.62312317843322 ], [ 121.211309817417487, 14.623670331099902 ], [ 121.212033325473328, 14.623986139347011 ], [ 121.213512100952215, 14.624310189857326 ], [ 121.213999990071841, 14.624400009639448 ], [ 121.215150834468773, 14.624366669630648 ], [ 121.215809896223348, 14.624290310380387 ], [ 121.216647205737601, 14.623932999591389 ], [ 121.217031453287092, 14.62367414869747 ], [ 121.217690282315715, 14.623357108017281 ], [ 121.218088468528748, 14.623316634275504 ], [ 121.219031480934248, 14.623409372931748 ], [ 121.219999990073347, 14.623500009642546 ], [ 121.220748091756789, 14.623537053912797 ], [ 121.221059391223264, 14.623581337328019 ], [ 121.221260887597964, 14.623679205116902 ], [ 121.221379979716161, 14.623763777786152 ], [ 121.221526687491902, 14.624004318815613 ], [ 121.221595620326696, 14.624285044225957 ], [ 121.221522777877169, 14.6246906955169 ], [ 121.221125265055349, 14.625426461531157 ], [ 121.221040815793359, 14.625664987043656 ], [ 121.221027284934479, 14.625872248496009 ], [ 121.221048155566265, 14.626153018250243 ], [ 121.221153705198176, 14.626431481550828 ], [ 121.221440045757475, 14.62669417877305 ], [ 121.221968075628993, 14.627195100078309 ], [ 121.22202657513931, 14.627336554694464 ], [ 121.222046114842314, 14.627424561721968 ], [ 121.222060076306263, 14.627659653809552 ], [ 121.222029337640691, 14.627822361520503 ], [ 121.221870517830993, 14.628073212700947 ], [ 121.221705903212765, 14.628249414932384 ], [ 121.221351317637001, 14.62841687830935 ], [ 121.221161407570023, 14.628470536892966 ], [ 121.220671735993122, 14.62858464001728 ], [ 121.220250684002551, 14.628656338011865 ], [ 121.22010427818141, 14.628730012187866 ], [ 121.219951016915203, 14.628814834968313 ], [ 121.219752065321444, 14.628986610312802 ], [ 121.219681272410156, 14.629149354365875 ], [ 121.219654010004618, 14.629358856739582 ], [ 121.219693115876083, 14.629563841438895 ], [ 121.21973675193469, 14.629719795349896 ], [ 121.219915424358987, 14.629877854115254 ], [ 121.22035515086661, 14.630180524737833 ], [ 121.221033009375418, 14.630589942595121 ], [ 121.222164368733402, 14.631337668550966 ], [ 121.222901762998006, 14.631769310556223 ], [ 121.223222268767188, 14.631853695026251 ], [ 121.223551802724458, 14.631808818664172 ], [ 121.223702745226177, 14.631692796935017 ], [ 121.223986284809442, 14.631425114590206 ], [ 121.224429660896263, 14.630778440467521 ], [ 121.224690262808409, 14.630461752106427 ], [ 121.224873091668925, 14.63018970599428 ], [ 121.22512916334091, 14.629922048004786 ], [ 121.225344205341344, 14.629823792940652 ], [ 121.225518112184957, 14.62978797385153 ], [ 121.225714941468397, 14.629787788792873 ], [ 121.225866031898406, 14.62982330234437 ], [ 121.226104199797049, 14.629965700916177 ], [ 121.226347074043687, 14.630237346773853 ], [ 121.226906321350626, 14.631039072108145 ], [ 121.227474803465668, 14.631916555616183 ], [ 121.228377979398743, 14.633324097740681 ], [ 121.22897846655566, 14.634152520181701 ], [ 121.229377169056448, 14.634606749267654 ], [ 121.229908306081001, 14.634748863339194 ], [ 121.230457591192391, 14.634730508119631 ], [ 121.230777746470196, 14.634462782433284 ], [ 121.231134258186387, 14.633936517472561 ], [ 121.2323406791824, 14.631938632228946 ], [ 121.232962310134667, 14.631055550374173 ], [ 121.233488139792641, 14.630493461503359 ], [ 121.233872369310603, 14.630225669183382 ], [ 121.234110010066132, 14.629851052348487 ], [ 121.234196618260384, 14.629498867693597 ], [ 121.234200961427845, 14.629271558347963 ], [ 121.234127447346879, 14.629004212386628 ], [ 121.233973819759441, 14.628728030672566 ], [ 121.233685260223751, 14.628550033601543 ], [ 121.233451693957207, 14.628434380108278 ], [ 121.232746747785001, 14.6284083237005 ], [ 121.231986900306467, 14.628409060061104 ], [ 121.231478750506284, 14.628351610590125 ], [ 121.230810193145018, 14.628098208014517 ], [ 121.23026970473785, 14.627746627357441 ], [ 121.229806848749405, 14.627212235493831 ], [ 121.22940810501288, 14.626704523146071 ], [ 121.229187897717367, 14.626214467441482 ], [ 121.229196805409643, 14.625969325833374 ], [ 121.229214903696388, 14.625759831164023 ], [ 121.229356477677698, 14.625438794340623 ], [ 121.22954851429833, 14.625229133293214 ], [ 121.230275835857256, 14.624760454876585 ], [ 121.230893479868456, 14.624470158429173 ], [ 121.231502067435599, 14.62427792234133 ], [ 121.231849892942051, 14.624228559768357 ], [ 121.232106208540415, 14.624214940973744 ], [ 121.232381097504444, 14.624459807885234 ], [ 121.232596632401524, 14.624851811875292 ], [ 121.233050636883746, 14.625680366543728 ], [ 121.233311746383805, 14.625876219070738 ], [ 121.233471976227221, 14.625898347935575 ], [ 121.233696293477365, 14.625924871200594 ], [ 121.233984592653457, 14.625853278607186 ], [ 121.234185821174023, 14.625683717508341 ], [ 121.234798691757803, 14.625206222934706 ], [ 121.235653894106136, 14.624474441729269 ], [ 121.23614788258385, 14.624126312433892 ], [ 121.236495600040826, 14.623974432874101 ], [ 121.236848107966082, 14.624027568416425 ], [ 121.237104488035499, 14.624076341563686 ], [ 121.237805109231502, 14.624356436205808 ], [ 121.238336240649517, 14.624511902347727 ], [ 121.238977068964871, 14.624515721149134 ], [ 121.23978265226161, 14.624492631602205 ], [ 121.240881150105295, 14.624438046226306 ], [ 121.241183394488885, 14.624571451039474 ], [ 121.241366695355708, 14.624767372792828 ], [ 121.24162818556772, 14.625315315564631 ], [ 121.241905449492521, 14.625732999054142 ], [ 121.242265411958911, 14.625975859982674 ], [ 121.242640154960256, 14.626024125600496 ], [ 121.243259519161555, 14.625906749485692 ], [ 121.244548198999681, 14.625667076843301 ], [ 121.248024624113697, 14.62502138775436 ], [ 121.25053195309583, 14.624483682349505 ], [ 121.250971522753645, 14.624424847888713 ], [ 121.252050765099909, 14.624550190395823 ], [ 121.252922727040641, 14.624717095263911 ], [ 121.253357368517115, 14.624719067656418 ], [ 121.25399430913285, 14.624691637604366 ], [ 121.254676130242885, 14.624591190675696 ], [ 121.255884924183036, 14.624412346768688 ], [ 121.256635421791259, 14.624299051366465 ], [ 121.257887293824581, 14.624113462217393 ], [ 121.258546355375401, 14.623772236306941 ], [ 121.259344941602819, 14.623119529924937 ], [ 121.2629188484065, 14.620449886434653 ], [ 121.263407968136491, 14.620050459895062 ], [ 121.264336642166825, 14.619592172868414 ], [ 121.266274092705984, 14.618831162286542 ], [ 121.268558591860241, 14.617952998312322 ] ] ] } },
{ "type": "Feature", "properties": { "Agency": "LTFRB", "Type": "PUJ", "Route_Code": "PUJ67A", "Route_Name": "Rodriguez(Rizal) - Litex Market viaLitex", "Route_Begi": "Montalban Heights", "Route_End": "Litex Market, Commonwealth Avenue, Quezon City", "Schedule_T": "04:00-22:00", "Trip_Code": "T291", "Schedule_D": "Mondays to Sundays" }, "geometry": { "type": "MultiLineString", "coordinates": [ [ [ 121.08699997021138, 14.699700028825951 ], [ 121.087140669668699, 14.699058945304195 ], [ 121.087219277263145, 14.698304900555566 ], [ 121.087371448086174, 14.698264704489247 ], [ 121.087371438155969, 14.698264714097245 ], [ 121.087500649728511, 14.698324998589177 ], [ 121.087431742186837, 14.699088723852586 ], [ 121.087367141366244, 14.699589739109969 ], [ 121.087493471860938, 14.699644290914669 ], [ 121.087637029241307, 14.699716069605016 ], [ 121.087740390555211, 14.69981943091901 ], [ 121.087881076788207, 14.700109416827505 ], [ 121.088429465981619, 14.700723842416112 ], [ 121.08858163680479, 14.700838688320582 ], [ 121.088788359432513, 14.700939178487099 ], [ 121.089061118455177, 14.701039668653669 ], [ 121.089221902721164, 14.701108576196429 ], [ 121.089305166001793, 14.701180354886718 ], [ 121.089368331249517, 14.70159092899463 ], [ 121.089422883054752, 14.702248421796737 ], [ 121.089397042726588, 14.702466629014859 ], [ 121.08934249092232, 14.702693449675753 ], [ 121.088963499439146, 14.703359555920157 ], [ 121.088712991811093, 14.70383544863574 ], [ 121.088592403611912, 14.704093851920257 ], [ 121.088356969509178, 14.704897773249964 ], [ 121.08823638131031, 14.705434677852365 ], [ 121.088135891144759, 14.706017520816493 ], [ 121.088164602621035, 14.706192660820562 ], [ 121.088265092787424, 14.706367800824722 ], [ 121.088468944267632, 14.70655442541945 ], [ 121.088741703290438, 14.706807086409214 ], [ 121.088919714442241, 14.707054005103648 ], [ 121.088991493132639, 14.707240629698207 ], [ 121.089149406251153, 14.707464579211759 ], [ 121.089241282974584, 14.707513388721177 ], [ 121.089508299701905, 14.70751625986912 ], [ 121.089783929872169, 14.707622492330925 ], [ 121.089895904628932, 14.707731595940128 ], [ 121.0902720249656, 14.708073262505845 ], [ 121.090504587922211, 14.708552744156529 ], [ 121.090702697107332, 14.708851343507915 ], [ 121.0907687335025, 14.709081035316574 ], [ 121.090791702683532, 14.70921885040174 ], [ 121.090783089241043, 14.709540418933724 ], [ 121.090762991208635, 14.710263948130724 ], [ 121.090754377766345, 14.710766398961981 ], [ 121.090762991210084, 14.711584676030025 ], [ 121.090705568258272, 14.711857435052631 ], [ 121.090596464649721, 14.712285236045972 ], [ 121.090378257432462, 14.712957084585787 ], [ 121.090306478742576, 14.713215487870347 ], [ 121.09026915382411, 14.713539927549913 ], [ 121.090272024971938, 14.713749521325239 ], [ 121.090363901695611, 14.714010795757595 ], [ 121.090427066943107, 14.71416583772846 ], [ 121.090539041699813, 14.71428929707572 ], [ 121.090673985637324, 14.714306523961517 ], [ 121.091052977121322, 14.71434097773327 ], [ 121.091655918118505, 14.714358204619641 ], [ 121.092109559440217, 14.714398400686711 ], [ 121.092762745520488, 14.714408449704139 ], [ 121.093522164061895, 14.714185935765506 ], [ 121.093522154142633, 14.71418594538706 ], [ 121.09413658964921, 14.713893078710315 ], [ 121.094280147029338, 14.713783975101423 ], [ 121.094423704409536, 14.713709325263798 ], [ 121.094595973265868, 14.713709325264015 ], [ 121.094791211303118, 14.713778232806833 ], [ 121.095043872292678, 14.714007924615714 ], [ 121.095715720832999, 14.714570669547546 ], [ 121.095962639527201, 14.714685515452125 ], [ 121.096335888715998, 14.714737196109526 ], [ 121.096617261181464, 14.714823330538074 ], [ 121.097823143175816, 14.714840557425203 ], [ 121.098271042202526, 14.715058764643894 ], [ 121.098609837620288, 14.715299941043314 ], [ 121.099241490094087, 14.715811005318171 ], [ 121.099982246177149, 14.716557503696945 ], [ 121.100711517669765, 14.71726954830441 ], [ 121.100941209478634, 14.717648539788836 ], [ 121.100992890136169, 14.718222769310346 ], [ 121.100883786527689, 14.718699379813007 ], [ 121.100700033081509, 14.719204701791625 ], [ 121.100401433731051, 14.719698539179703 ], [ 121.100453114388429, 14.720129211320842 ], [ 121.100550733407403, 14.720456522148172 ], [ 121.10064261013089, 14.720571368052562 ], [ 121.100895271120208, 14.720605821824158 ], [ 121.101429304574907, 14.720628791005682 ], [ 121.101636027202545, 14.720691956253297 ], [ 121.101859976716028, 14.720869967405223 ], [ 121.101999980174881, 14.721100019261995 ], [ 121.102342329514499, 14.721518846765024 ], [ 121.10293952821705, 14.722098818582399 ], [ 121.103663057414181, 14.722546717610008 ], [ 121.104472721039528, 14.723057781885078 ], [ 121.105247930893398, 14.723385092713237 ], [ 121.105443168930606, 14.723396577303921 ], [ 121.105868098776114, 14.723310442876215 ], [ 121.106703602729127, 14.723097977954309 ], [ 121.106999980180476, 14.72310001927057 ], [ 121.107257734216972, 14.723066395331317 ], [ 121.108018588332129, 14.722767795981092 ], [ 121.108667467690609, 14.722397417940572 ], [ 121.109055072617181, 14.722242375970247 ], [ 121.109735534599224, 14.721837544158475 ], [ 121.109973839850284, 14.721662404154722 ], [ 121.11031263526759, 14.721524589069997 ], [ 121.110591136585327, 14.721487264151445 ], [ 121.111248629387006, 14.721470037266611 ], [ 121.111774049398818, 14.721484393005293 ], [ 121.112130071702069, 14.721622208090876 ], [ 121.112664105156995, 14.721892095966593 ], [ 121.112956962213033, 14.722144756956396 ], [ 121.113063194674808, 14.722451969750471 ], [ 121.11307467926558, 14.722776409430104 ], [ 121.113045967789716, 14.72294867828651 ], [ 121.112876570081298, 14.723198468128118 ], [ 121.112664105158856, 14.72352865010269 ], [ 121.11247173826969, 14.723899028143771 ], [ 121.112376990399255, 14.724410092417729 ], [ 121.112422928761234, 14.724685722588072 ], [ 121.112678460898707, 14.725193915714868 ], [ 121.112974189102673, 14.725742304908199 ], [ 121.113137844516515, 14.726035161964324 ], [ 121.113396247801276, 14.726259111478003 ], [ 121.113849889123202, 14.726474447549094 ], [ 121.114352339954436, 14.726698397063076 ], [ 121.115262493745945, 14.727152038386121 ], [ 121.115945826876299, 14.727378859047926 ], [ 121.116996666900263, 14.727680329547956 ], [ 121.11723497215165, 14.727783690862104 ], [ 121.117312493137092, 14.727895665618885 ], [ 121.117418725598682, 14.728024867261331 ], [ 121.117611092488943, 14.728673746620792 ], [ 121.117866624626544, 14.729291043356646 ], [ 121.118015924302256, 14.729514992870183 ], [ 121.118147997092265, 14.729641323365065 ], [ 121.118604509561706, 14.72975329812232 ], [ 121.118779649565596, 14.729738942384486 ], [ 121.119040923997431, 14.729506379428612 ], [ 121.119273486952991, 14.729018284335673 ], [ 121.119325167609631, 14.728794334822394 ], [ 121.119408430889592, 14.728286141696017 ], [ 121.119569215155025, 14.727849727259937 ], [ 121.119724257125384, 14.727525287580507 ], [ 121.120048696804275, 14.727040063635288 ], [ 121.120137702379751, 14.726787402645966 ], [ 121.120249677136158, 14.726572066575574 ], [ 121.120338682711846, 14.726508901328328 ], [ 121.120608570586768, 14.72649454559062 ], [ 121.121125377155948, 14.726643845266825 ], [ 121.121363682407107, 14.726572066576937 ], [ 121.1213981361782, 14.72641128231097 ], [ 121.121406749620874, 14.726282080668666 ], [ 121.121222996173941, 14.726106940664399 ], [ 121.121007660103345, 14.725957640988565 ], [ 121.120976077479568, 14.725842795084231 ], [ 121.121056469612157, 14.725518355404725 ], [ 121.121225867320604, 14.725248467529854 ], [ 121.121349326667513, 14.725145106216152 ], [ 121.12151298208093, 14.725073327526173 ], [ 121.121705348970607, 14.725142235068985 ], [ 121.121805839136954, 14.72526569441621 ], [ 121.121851777498762, 14.725394896058589 ], [ 121.121851767595331, 14.725394905704372 ], [ 121.121848906351318, 14.725532711143725 ], [ 121.121848896447972, 14.725532720789589 ], [ 121.122058500126926, 14.725880120004465 ], [ 121.122176217178961, 14.726092584927528 ], [ 121.122308289969155, 14.726385441983615 ], [ 121.122443233906964, 14.726704139368195 ], [ 121.122664312272931, 14.727025707900461 ], [ 121.122911230967176, 14.727163522985911 ], [ 121.123235670646892, 14.727410441680524 ], [ 121.123548625736234, 14.727717654474869 ], [ 121.123669213935912, 14.727944475135981 ], [ 121.123807029021535, 14.728446925967418 ], [ 121.124071174602008, 14.729107289917376 ], [ 121.124229087720693, 14.729446085335217 ], [ 121.124478877562581, 14.729661421406071 ], [ 121.125030137903238, 14.729971505348313 ], [ 121.125150726102746, 14.730049026333857 ], [ 121.125345964140053, 14.73018397027163 ], [ 121.125506748406437, 14.730565832903588 ], [ 121.125664661525221, 14.731019474225707 ], [ 121.125954647434966, 14.732480888358104 ], [ 121.125999980204512, 14.733100019306105 ], [ 121.12628770055872, 14.73377864707696 ], [ 121.126712630405095, 14.734444753322332 ], [ 121.126779930521224, 14.734869680341491 ], [ 121.126999990104139, 14.73590000965539 ], [ 121.126944538570527, 14.737095708226303 ], [ 121.126871049537456, 14.738512363885894 ], [ 121.127005123941188, 14.739227830416157 ], [ 121.127243178077336, 14.739950470237202 ], [ 121.127704337547812, 14.741215065864084 ], [ 121.128217590773531, 14.74266032391818 ], [ 121.128643271367949, 14.743543678162164 ], [ 121.128890357982741, 14.743798321770392 ], [ 121.129102160253254, 14.744040335440499 ], [ 121.129962367105378, 14.745001153525784 ], [ 121.130408261790109, 14.745492394312665 ], [ 121.130757792197002, 14.746308929501129 ], [ 121.13083963674967, 14.746569080340286 ], [ 121.128560341195637, 14.747994137941095 ], [ 121.126741345120905, 14.749144284260778 ], [ 121.125865192952105, 14.749592851284904 ], [ 121.12551619077405, 14.749724935421559 ], [ 121.124899673445839, 14.749600575147424 ], [ 121.124725084825684, 14.749504898306856 ], [ 121.12452260580217, 14.749336959230893 ], [ 121.124054314857119, 14.748621661950148 ], [ 121.123608353518009, 14.747991277057352 ] ] ] } },
{ "type": "Feature", "properties": { "Agency": "LTFRB", "Type": "PUJ", "Route_Code": "PUJ69A", "Route_Name": "San Rafael(Rizal)-Quezon City Hall", "Route_Begi": "MH Del Pilar Street Near Pig Farm, Rodriguez", "Route_End": "Kalayaan Ave / Elliptical Rd Intersection, Quezon City, Manila", "Schedule_T": "06:00-0:00", "Trip_Code": null, "Schedule_D": "Mondays to Sundays" }, "geometry": { "type": "MultiLineString", "coordinates": [ [ [ 121.163968641733732, 14.733033584319044 ], [ 121.163899734191091, 14.732933094152695 ], [ 121.163787759434285, 14.732746469558114 ], [ 121.163675784677423, 14.732551231520668 ], [ 121.163644202053675, 14.732488066273291 ], [ 121.163503515820992, 14.732436385616188 ], [ 121.163362829588337, 14.73248519512533 ], [ 121.163288179750694, 14.732605783324747 ], [ 121.163150364665796, 14.732726371524084 ], [ 121.162957997776317, 14.732849830870942 ], [ 121.162501485307189, 14.732956063331843 ], [ 121.162501475421763, 14.732956073007161 ], [ 121.161657367911403, 14.733188626287001 ], [ 121.16100274625768, 14.733501581375378 ], [ 121.160124175090814, 14.733909284334523 ], [ 121.159911710168274, 14.734121749257197 ], [ 121.159690631802746, 14.734242337456418 ], [ 121.159371934418672, 14.734374410245959 ], [ 121.158636920631878, 14.73460410205363 ], [ 121.15776696290763, 14.734799340089861 ], [ 121.156868293707234, 14.734965866649979 ], [ 121.155828938274226, 14.735209914195311 ], [ 121.15517718776789, 14.735287435179911 ], [ 121.154235451353401, 14.73540802337825 ], [ 121.153440143466639, 14.735416636820101 ], [ 121.152748196893654, 14.735379311900356 ], [ 121.15168874342713, 14.735324760094526 ], [ 121.150732651274438, 14.735307533207713 ], [ 121.149612903708316, 14.735341986977629 ], [ 121.148918085987759, 14.735396538781311 ], [ 121.148289304662228, 14.735416636813797 ], [ 121.146911153811573, 14.735456832878617 ], [ 121.14639147609499, 14.735456832877967 ], [ 121.146219207238545, 14.735416636811262 ], [ 121.146143121827009, 14.735397974351709 ], [ 121.146100054612816, 14.735288870742592 ], [ 121.145985208708126, 14.734863940896592 ], [ 121.145725369848904, 14.734080117599524 ], [ 121.145409543611208, 14.733080958231836 ], [ 121.145019067535358, 14.731748745741625 ], [ 121.144370188174165, 14.729624096511525 ], [ 121.144085216879702, 14.728954410993408 ], [ 121.143893577670255, 14.728378018449423 ], [ 121.143755762584817, 14.728050707622044 ], [ 121.143554782251826, 14.727531029904894 ], [ 121.143401175854564, 14.727216639241721 ], [ 121.143251876178752, 14.726943880218853 ], [ 121.142992037319956, 14.726500287913236 ], [ 121.142836995348972, 14.726250498071222 ], [ 121.142795363708615, 14.726161492495363 ], [ 121.142750860920614, 14.72607105134567 ], [ 121.142634579442102, 14.725600183137947 ], [ 121.142584334358801, 14.725412122969615 ], [ 121.142421396731578, 14.724908236564348 ], [ 121.14228932394137, 14.724563698851327 ], [ 121.142125668527612, 14.724349798354394 ], [ 121.141844296061947, 14.724056941298111 ], [ 121.141743805895629, 14.72396793572217 ], [ 121.141659107040994, 14.723775568832387 ], [ 121.141636137859948, 14.723574588499849 ], [ 121.141607426383629, 14.723344896691241 ], [ 121.141571537038487, 14.723247277672568 ], [ 121.141468175724469, 14.723075008816002 ], [ 121.141189674406434, 14.722799378645378 ], [ 121.140998743090364, 14.722545282081899 ], [ 121.140665689967676, 14.722193566499596 ], [ 121.140467580782655, 14.721950954526559 ], [ 121.140057006674368, 14.721349449102355 ], [ 121.139831621586936, 14.720994862372587 ], [ 121.139303330426671, 14.72023113710844 ], [ 121.138709002871337, 14.719332467906664 ], [ 121.138091706135071, 14.718376375752735 ], [ 121.137485893989194, 14.717380087532296 ], [ 121.137058092995218, 14.716668042925194 ], [ 121.136598709377537, 14.715990452089338 ], [ 121.135992897231802, 14.715131978954032 ], [ 121.135857953294121, 14.714953967802234 ], [ 121.135743107389686, 14.714752987469586 ], [ 121.13562108361603, 14.714407014182786 ], [ 121.13550480213776, 14.7141572243408 ], [ 121.135298079509951, 14.713976342041304 ], [ 121.1350942280298, 14.71383278466069 ], [ 121.134947799501802, 14.713729423346656 ], [ 121.134795628678489, 14.713524136292557 ], [ 121.134499900474722, 14.713175291857921 ], [ 121.13449989056879, 14.713175301503933 ], [ 121.134298920141916, 14.712827882997196 ], [ 121.134017547675953, 14.712259395770628 ], [ 121.133730432914646, 14.711601902968239 ], [ 121.13355816405776, 14.711096580989182 ], [ 121.133282533887012, 14.710525222614995 ], [ 121.133190657163397, 14.71034146916802 ], [ 121.132731273545986, 14.709887827845531 ], [ 121.132197240090662, 14.709299242585406 ], [ 121.131999980181831, 14.709000019283808 ], [ 121.131749341063411, 14.708544130764166 ], [ 121.131620139420846, 14.708259887150902 ], [ 121.131442128269001, 14.70797277238997 ], [ 121.131183724984282, 14.707751694023901 ], [ 121.130844929566493, 14.707513388772069 ], [ 121.130437226606318, 14.707335377619927 ], [ 121.130029523646272, 14.707275083519679 ], [ 121.129636176424356, 14.707315279585709 ], [ 121.129340448221072, 14.707398542865958 ], [ 121.129194019693173, 14.707401414013374 ], [ 121.129130854445833, 14.707387058275252 ], [ 121.129067689198465, 14.707341119913485 ], [ 121.128209216063183, 14.706241470378878 ], [ 121.127324902599312, 14.705038459530362 ], [ 121.126822451767381, 14.70420008442845 ], [ 121.12644346028253, 14.703355967031483 ], [ 121.126185056997116, 14.702520463077471 ], [ 121.126147732078024, 14.702330967335371 ], [ 121.125935267154787, 14.701974945031814 ], [ 121.125639538950821, 14.701446653871724 ], [ 121.125639529035382, 14.701446663505086 ], [ 121.125375393370604, 14.701010239435096 ], [ 121.125296436811354, 14.700948509761462 ], [ 121.125296426895474, 14.700948519394302 ], [ 121.125109812217019, 14.700988705827724 ], [ 121.124663348764599, 14.701160974683614 ], [ 121.12449538662969, 14.7011968640285 ], [ 121.124469546301214, 14.701158103535766 ], [ 121.124074763504623, 14.700430267616865 ], [ 121.123596717427262, 14.69948853120111 ], [ 121.123392865946997, 14.699273195130337 ], [ 121.122956451510561, 14.69890855938368 ], [ 121.122100849523292, 14.69819938592366 ], [ 121.121526620001575, 14.697673965910838 ], [ 121.119984813735925, 14.696353238009651 ], [ 121.1194062774928, 14.695860836194306 ], [ 121.118992832237282, 14.695530654218977 ], [ 121.118807643216584, 14.69540575929784 ], [ 121.118573644686677, 14.695378483395279 ], [ 121.118242027138209, 14.695378483394881 ], [ 121.117674975486139, 14.695398581427447 ], [ 121.117654877452907, 14.695401452575013 ], [ 121.117623294829059, 14.695255024047002 ], [ 121.117413701052442, 14.693931424999844 ], [ 121.116836600379884, 14.690497532460938 ], [ 121.116836590455378, 14.690497542082158 ], [ 121.116509289550436, 14.688309717983847 ], [ 121.116124555768693, 14.685978346126337 ], [ 121.115998225272676, 14.684772464131161 ], [ 121.115999980143854, 14.684600019234127 ], [ 121.115917833138724, 14.683866617060982 ], [ 121.115149801152512, 14.682291792597503 ], [ 121.114658834911069, 14.681499355857307 ], [ 121.11424826080281, 14.68091077059734 ], [ 121.113737196528405, 14.680368123698971 ], [ 121.113197420777894, 14.679768053848383 ], [ 121.112003023372296, 14.678260701353148 ], [ 121.111779073858798, 14.677999426920614 ], [ 121.111716626398348, 14.678018089379991 ], [ 121.111492676885334, 14.678160928973181 ], [ 121.11093423867635, 14.678509773406764 ], [ 121.110305457351302, 14.679015095384868 ], [ 121.108978987158864, 14.680198008197415 ], [ 121.107618063195332, 14.681544576423526 ], [ 121.105898245781447, 14.683267264985743 ], [ 121.104798596249694, 14.684358301075125 ], [ 121.104459800832444, 14.684536312226367 ], [ 121.104017644101361, 14.684697096491805 ], [ 121.102754339156078, 14.685713482743232 ], [ 121.102226047996979, 14.686063762750655 ], [ 121.100721566652808, 14.687103118182632 ], [ 121.100331090578621, 14.68727538703857 ], [ 121.099630530563147, 14.687505078846296 ], [ 121.099280250555395, 14.687642893931015 ], [ 121.098734732511033, 14.688222865746996 ], [ 121.09821792594272, 14.68887174510559 ], [ 121.096015755732125, 14.691473004835002 ], [ 121.095820517694776, 14.691306478273555 ], [ 121.094152380934148, 14.689761800858852 ], [ 121.093032633366789, 14.688705218538033 ], [ 121.092507213354367, 14.688148215901593 ], [ 121.091542507757865, 14.687212221780465 ], [ 121.090942437907728, 14.686709770948477 ], [ 121.090617998228154, 14.686574827010544 ], [ 121.090167228054042, 14.686511661762639 ], [ 121.090167218118239, 14.686511671365089 ], [ 121.089676261813409, 14.686474336843139 ], [ 121.089214007048994, 14.686574827008835 ], [ 121.087293209301365, 14.687016983737987 ], [ 121.086854641504672, 14.687103835952557 ], [ 121.086284000916592, 14.685816126250046 ], [ 121.085861942217406, 14.684793997701371 ], [ 121.085402558599299, 14.683685734724429 ], [ 121.084673287105701, 14.68208363435873 ], [ 121.082743875909927, 14.677753943764717 ], [ 121.081145713426167, 14.674964274558798 ], [ 121.079011384016823, 14.672448062982051 ], [ 121.075600460657597, 14.669083077982249 ], [ 121.072999980095275, 14.667100019159916 ], [ 121.069467689367343, 14.664810810335245 ], [ 121.062999980081216, 14.660500019139524 ], [ 121.056918959928069, 14.656683687251739 ], [ 121.054481365571078, 14.655113159941472 ], [ 121.053539629155011, 14.654415471070756 ], [ 121.051712143701181, 14.653071773986419 ], [ 121.050862652870606, 14.653527200216219 ], [ 121.050282681054824, 14.654009553013518 ], [ 121.049748647600453, 14.65426795629752 ], [ 121.049300748574183, 14.654445967448614 ], [ 121.048990664632854, 14.654486163514738 ], [ 121.048272877731407, 14.654468936628225 ], [ 121.04793084230549, 14.654398244174841 ], [ 121.047454231802419, 14.654194392693734 ], [ 121.04672208916152, 14.653427796280784 ], [ 121.046541206861534, 14.65297415495823 ], [ 121.046423489808959, 14.65253199822625 ], [ 121.0464033917752, 14.65223914117008 ], [ 121.046538335710963, 14.651182558850229 ], [ 121.046819708175178, 14.650418833586752 ], [ 121.047201570805939, 14.649893413575004 ], [ 121.047577691141626, 14.649428287663042 ], [ 121.047884903935071, 14.64912107486944 ], [ 121.048324558382092, 14.648835745022945 ], [ 121.048797928873086, 14.648618624039539 ], [ 121.049478390855541, 14.648431999446206 ], [ 121.049805701682615, 14.648397545675499 ], [ 121.050727340064725, 14.648632979781121 ], [ 121.050999980059999, 14.648700019110262 ] ] ] } },
{ "type": "Feature", "properties": { "Agency": "LTFRB", "Type": "MPUJ", "Route_Code": "PUJ33A", "Route_Name": "Cubao-Divisoria", "Route_Begi": "Aurora Blvd. / General Aguinaldo Ave. Intersection, Quezon City", "Route_End": "Sto. Cristo / Claro M. Recto Ave. Intersection, City of Manila", "Schedule_T": "06:00-23:00", "Trip_Code": null, "Schedule_D": "Mondays to Sundays" }, "geometry": { "type": "MultiLineString", "coordinates": [ [ [ 121.052544680673464, 14.622756071316379 ], [ 121.051629913928963, 14.622319095035547 ], [ 121.051540489612989, 14.62229008956912 ], [ 121.050180468112842, 14.621699009751325 ], [ 121.050020243459556, 14.621611971465924 ], [ 121.049725889667158, 14.621514074404182 ], [ 121.049450161025575, 14.621396220417289 ], [ 121.048950905072402, 14.621369102866781 ], [ 121.048716186195364, 14.621387284609749 ], [ 121.048270988974764, 14.621546989664635 ], [ 121.048025103468788, 14.621623218172093 ], [ 121.048200191787046, 14.62150528213583 ], [ 121.048463764286538, 14.621375539604621 ], [ 121.048495391387561, 14.621155142546812 ], [ 121.04846556684727, 14.621057196182981 ], [ 121.048357498272182, 14.620941124638327 ], [ 121.048230807934402, 14.620861334786122 ], [ 121.04678885703774, 14.6203754570901 ], [ 121.046270945395136, 14.620183270196051 ], [ 121.045935605021654, 14.62004546903577 ], [ 121.045305923745659, 14.61985692666631 ], [ 121.044679969262191, 14.6196683819811 ], [ 121.044333456591431, 14.619548719541523 ], [ 121.044080089112427, 14.619439925152347 ], [ 121.043629237592938, 14.61920418745957 ], [ 121.043081505967137, 14.618892279377727 ], [ 121.042142531972118, 14.618301086092883 ], [ 121.041505381126981, 14.617945653775061 ], [ 121.040439736544897, 14.617318194064683 ], [ 121.039854750201869, 14.616959121771126 ], [ 121.039381549888063, 14.616694356229971 ], [ 121.037000642737297, 14.615225402178089 ], [ 121.036754737079264, 14.615131110169809 ], [ 121.034690575702868, 14.613926923724742 ], [ 121.033468486415458, 14.613237777286034 ], [ 121.032797838745651, 14.612925858950561 ], [ 121.031739727616298, 14.612592213697123 ], [ 121.031240478865328, 14.612432641806603 ], [ 121.029988626095047, 14.611953895170346 ], [ 121.028684624884619, 14.611518680873033 ], [ 121.027294934028959, 14.611014537814526 ], [ 121.026575874580317, 14.610760651320382 ], [ 121.025424641172748, 14.610394334664718 ], [ 121.024098305886866, 14.609973607822827 ], [ 121.023140811649284, 14.609636288011885 ], [ 121.022559609414373, 14.609418657737239 ], [ 121.022160955803116, 14.609139340517041 ], [ 121.019462579621162, 14.60657280339753 ], [ 121.017964850392048, 14.605074580210633 ], [ 121.016705584172399, 14.603877448377002 ], [ 121.016262235686469, 14.603442125388975 ], [ 121.015949285125728, 14.603141026738125 ], [ 121.015654966922099, 14.602945134536759 ], [ 121.015271239843784, 14.602778268085137 ], [ 121.015078446690339, 14.602734740987009 ], [ 121.015016993575145, 14.603171898925941 ], [ 121.014733859480984, 14.603166467190903 ], [ 121.014791585500575, 14.602669449959027 ], [ 121.014130318488995, 14.602615054499912 ], [ 121.013549148782346, 14.602564282644476 ], [ 121.01361993930901, 14.602792834973577 ], [ 121.013474648234165, 14.602827303856129 ], [ 121.013269749187216, 14.60283275157216 ], [ 121.013108623761198, 14.602828221309178 ], [ 121.012851567745813, 14.602805554281643 ], [ 121.012648530531138, 14.602778350767272 ], [ 121.012557256924552, 14.602765655644717 ], [ 121.01251720869584, 14.602774726283959 ], [ 121.012492993847175, 14.602793773100203 ], [ 121.012478093099887, 14.60283186588334 ], [ 121.012443634931614, 14.602913493335477 ], [ 121.012330946589486, 14.603155655000666 ], [ 121.012235946984262, 14.603126634527296 ], [ 121.012168888650308, 14.603113938667512 ], [ 121.01204967396248, 14.60309580223924 ], [ 121.011895067441898, 14.603072224782924 ], [ 121.011712520250228, 14.60305408960995 ], [ 121.011556051153903, 14.603034139817932 ], [ 121.010971155059295, 14.602961594533289 ], [ 121.01074762806806, 14.602938017596186 ], [ 121.010522238339192, 14.602910812627828 ], [ 121.010136654607678, 14.602878168149759 ], [ 121.01013851634292, 14.602816494699571 ], [ 121.010151552998067, 14.602667752717917 ], [ 121.01016086589209, 14.602624218395155 ], [ 121.010261447918609, 14.602335802887181 ], [ 121.010064699124527, 14.602372991335427 ], [ 121.009777840710683, 14.602365739716747 ], [ 121.009420198661999, 14.602324024049604 ], [ 121.008755208419331, 14.60225510200619 ], [ 121.007471797240839, 14.602171669792828 ], [ 121.007330230876576, 14.602155344957865 ], [ 121.006587939170515, 14.601962163148929 ], [ 121.006216327994167, 14.601940395735829 ], [ 121.005849373715151, 14.601905930275638 ], [ 121.005268207790749, 14.601849696018411 ], [ 121.004811843739503, 14.601804344851365 ], [ 121.004349891704635, 14.601762620586461 ], [ 121.00380225555881, 14.601688243755191 ], [ 121.00335706845442, 14.601639262027561 ], [ 121.002792668061517, 14.601593905382687 ], [ 121.002408950847339, 14.601541294992884 ], [ 121.002343755916357, 14.601546735585034 ], [ 121.002202190473454, 14.60152315194051 ], [ 121.001598674713037, 14.60143425748033 ], [ 121.001188880014411, 14.601387086296132 ], [ 121.000754870626878, 14.601327216315415 ], [ 121.000350664376342, 14.60128185772332 ], [ 120.999899890073081, 14.601254636342308 ], [ 120.999456566531691, 14.601232856092194 ], [ 120.999193925308518, 14.601220150429254 ], [ 120.998722662859564, 14.601154833709053 ], [ 120.998536392649498, 14.601143943797206 ], [ 120.998297967169549, 14.601120354414929 ], [ 120.998076306370223, 14.60108950970433 ], [ 120.997795040652875, 14.601018756202231 ], [ 120.997454169626934, 14.600922605088423 ], [ 120.997174766715091, 14.60085910660888 ], [ 120.996958693416346, 14.600851842080475 ], [ 120.99661223514866, 14.600750247731092 ], [ 120.996347734901605, 14.600674051426378 ], [ 120.995990096810189, 14.600659524038541 ], [ 120.995777745599796, 14.60072481556727 ], [ 120.995423827003989, 14.600826378653547 ], [ 120.994771868242893, 14.601062156693404 ], [ 120.993862852611329, 14.601330569653793 ], [ 120.99353128616977, 14.601406736141669 ], [ 120.992927758856737, 14.601566326900738 ], [ 120.992629720981668, 14.601635238370894 ], [ 120.992540315277466, 14.601566303873462 ], [ 120.99230189830665, 14.601413919734082 ], [ 120.991627622723428, 14.601047464700308 ], [ 120.9915121414368, 14.600953133188254 ], [ 120.991065120921888, 14.600546784761768 ], [ 120.990946379705235, 14.600462429333961 ], [ 120.990836477290941, 14.600505956123747 ], [ 120.990707944045681, 14.600602085404859 ], [ 120.990521666525211, 14.600703652415749 ], [ 120.990259014791647, 14.600848748128287 ], [ 120.989523222704776, 14.601162504367315 ], [ 120.988766935374244, 14.601517976972108 ], [ 120.988033001204784, 14.601837170407078 ], [ 120.986727184375596, 14.602459238863116 ], [ 120.986000693674228, 14.60279293790361 ], [ 120.98531145558448, 14.603123010224991 ], [ 120.984830852101325, 14.603337008919652 ], [ 120.98464084701439, 14.603409548076282 ], [ 120.984257119441267, 14.603471185061714 ], [ 120.982886130542042, 14.603685092774695 ], [ 120.982480981426733, 14.603739468962578 ], [ 120.982398087562274, 14.603762134428276 ], [ 120.982091663494273, 14.603810171425947 ], [ 120.981975241560747, 14.60382285663488 ], [ 120.981664160802069, 14.603868171693199 ], [ 120.981129550221553, 14.603932508241943 ], [ 120.980788664614863, 14.603985074572295 ], [ 120.980492485442412, 14.604028575791594 ], [ 120.980231694142219, 14.604104731267482 ], [ 120.979879622031802, 14.604237107655525 ], [ 120.979257439091853, 14.604483729213557 ], [ 120.97829622265337, 14.604840957572167 ], [ 120.977411380958543, 14.605156471278436 ], [ 120.976787326281709, 14.605430294844556 ], [ 120.97632907018118, 14.605588047192334 ], [ 120.975365975595736, 14.605986983431306 ], [ 120.974797810513181, 14.606177368643365 ], [ 120.974337681824466, 14.606382278821318 ], [ 120.97384775336171, 14.606552719359085 ], [ 120.973704314227959, 14.606601675110058 ], [ 120.973566465183382, 14.606637934100007 ], [ 120.97339322815624, 14.60664516519846 ], [ 120.973106371476931, 14.606597962179318 ], [ 120.972609037683867, 14.606461845984711 ], [ 120.972171308249855, 14.606352946385677 ], [ 120.971361040204627, 14.606176874819708 ], [ 120.971163590649056, 14.606165961369673 ], [ 120.971001540037264, 14.606113332916461 ], [ 120.970658816294076, 14.605979050027502 ], [ 120.970217365677456, 14.60585563479953 ], [ 120.970178249219032, 14.605848373001788 ], [ 120.969874667804874, 14.605570795105965 ], [ 120.969764782278602, 14.605472825908814 ], [ 120.969584139994552, 14.60521159231874 ], [ 120.969405348980942, 14.605021101901357 ], [ 120.96891554427124, 14.604460520880796 ], [ 120.968382273828169, 14.603813883682996 ], [ 120.96812340130063, 14.603545380407875 ] ] ] } },
{ "type": "Feature", "properties": { "Agency": "LTFRB", "Type": "PUJ", "Route_Code": "PUJ43A", "Route_Name": "Fairview - PITX", "Route_Begi": "PITX", "Route_End": "Novastop, Quirino Highway, Caloocan City", "Schedule_T": "06:00-23:00", "Trip_Code": null, "Schedule_D": "Mondays to Sundays" }, "geometry": { "type": "MultiLineString", "coordinates": [ [ [ 121.059070234525535, 14.735231360962308 ], [ 121.06060276679203, 14.735240101310346 ], [ 121.060725061925055, 14.735269792928463 ], [ 121.060767512845345, 14.73527563159389 ], [ 121.060933249682265, 14.735271026690011 ], [ 121.061069186397503, 14.735283949376942 ], [ 121.061233796224272, 14.735322519900055 ], [ 121.061218385541039, 14.734783506458644 ], [ 121.061222204139682, 14.733381666474868 ], [ 121.061222803066499, 14.732066147750967 ], [ 121.061222831566965, 14.731909557760746 ], [ 121.061222697833117, 14.731823798172497 ], [ 121.061220993294953, 14.715913472622551 ], [ 121.061220907048408, 14.715348847931272 ], [ 121.061410999609109, 14.715341547384577 ], [ 121.061424011295742, 14.715205501364444 ], [ 121.061219002724272, 14.715185596852523 ], [ 121.061222153183095, 14.710942484825846 ], [ 121.061220405704518, 14.710764019349011 ], [ 121.061190982208487, 14.710708300265155 ], [ 121.061155557120244, 14.710655993613369 ], [ 121.06111454103447, 14.710607710277953 ], [ 121.061294217410406, 14.710389610972566 ], [ 121.063572965294554, 14.707651601057067 ], [ 121.06377550596261, 14.707407571705447 ], [ 121.064073097814429, 14.707110466081751 ], [ 121.064568273244888, 14.706791891045457 ], [ 121.064804874545359, 14.706689242527565 ], [ 121.065435638276128, 14.706547568209182 ], [ 121.066232085962596, 14.706529542123816 ], [ 121.06781459851878, 14.706527010854826 ], [ 121.069367051629328, 14.706529936916699 ], [ 121.070317040701411, 14.706512566462308 ], [ 121.070591054158768, 14.706473316601613 ], [ 121.070934521783556, 14.706377493376246 ], [ 121.071608319739042, 14.706149805081347 ], [ 121.072184199075082, 14.705954101868416 ], [ 121.072976808862933, 14.705676749247486 ], [ 121.073539559277691, 14.705502452292659 ], [ 121.074203683656918, 14.705296799183291 ], [ 121.074571895093456, 14.705208298845477 ], [ 121.075063861970719, 14.705146481179741 ], [ 121.075581928982373, 14.70511730502847 ], [ 121.081587098847947, 14.705089162146768 ], [ 121.08188734634625, 14.70508815916949 ], [ 121.082067169674175, 14.705035471911057 ], [ 121.082860977456377, 14.704810287618098 ], [ 121.083539232858413, 14.704559744307412 ], [ 121.084184692238907, 14.704163925813026 ], [ 121.084518725644472, 14.703946206359026 ], [ 121.084772599879827, 14.703747356024344 ], [ 121.085237185675766, 14.703291825574674 ], [ 121.085823435990633, 14.702669192844784 ], [ 121.086278446798786, 14.702067324783824 ], [ 121.086849097815445, 14.700977626786422 ], [ 121.087230884244974, 14.699840169146649 ], [ 121.087442368934489, 14.69884770080019 ], [ 121.087519075441108, 14.696755767013132 ], [ 121.087497592910935, 14.694766924591873 ], [ 121.087485128551364, 14.693273588387402 ], [ 121.087434314129851, 14.688832500252023 ], [ 121.087333337751303, 14.687703393188322 ], [ 121.087254232334715, 14.687273172993434 ], [ 121.087204417568927, 14.686994865271695 ], [ 121.086950296188803, 14.686132909011405 ], [ 121.086820764203807, 14.685831438234002 ], [ 121.08656235095529, 14.685160787499221 ], [ 121.08602976559294, 14.68393391772174 ], [ 121.084084424620229, 14.679437615655148 ], [ 121.083497561246645, 14.67817627185514 ], [ 121.082885558306643, 14.676882633809702 ], [ 121.081849473842652, 14.675203273089274 ], [ 121.080625240923794, 14.67327075819402 ], [ 121.079311770513343, 14.671935938324321 ], [ 121.077646783753735, 14.670251108108708 ], [ 121.074452248447884, 14.667758350155284 ], [ 121.072096613327702, 14.666191805368044 ], [ 121.069055191099793, 14.664103014599029 ], [ 121.063628523801171, 14.660534627017089 ], [ 121.056144766004792, 14.655544449052483 ], [ 121.055280091249955, 14.654790042920508 ], [ 121.053938449462777, 14.654006708454194 ], [ 121.052358298553131, 14.653049277313004 ], [ 121.051911090545246, 14.652788161013675 ], [ 121.051821558560135, 14.652294793329625 ], [ 121.051839245513278, 14.65223220979081 ], [ 121.052030050404397, 14.651424073031002 ], [ 121.052082575266311, 14.650898027105402 ], [ 121.052029793211773, 14.650176098789476 ], [ 121.051920269265494, 14.649856417419302 ], [ 121.051737629676111, 14.649591621157683 ], [ 121.051450626759575, 14.649181731583582 ], [ 121.051048124720495, 14.648833536897572 ], [ 121.050645657290232, 14.648652221812712 ], [ 121.050064338225752, 14.648499962181248 ], [ 121.049550122774122, 14.648507313368318 ], [ 121.048857075652791, 14.648652553634772 ], [ 121.048313102266846, 14.648935622805176 ], [ 121.047970327099449, 14.649131587009117 ], [ 121.047523250742159, 14.649508960726825 ], [ 121.047292243458827, 14.649610580579681 ], [ 121.046919632594296, 14.649675946466903 ], [ 121.046710955838094, 14.649632448556414 ], [ 121.046271228234858, 14.649451132334363 ], [ 121.04574110809294, 14.649087531896066 ], [ 121.04567032728545, 14.649185495289917 ], [ 121.045124373466109, 14.648828244801161 ], [ 121.044183399043973, 14.64821166709655 ], [ 121.043594600884703, 14.647867117312385 ], [ 121.042998362357665, 14.647584240360262 ], [ 121.042838093677744, 14.647326689192038 ], [ 121.042320100409441, 14.647000264273213 ], [ 121.041645595326528, 14.646586793805504 ], [ 121.041347475989028, 14.646427213831483 ], [ 121.040904018316695, 14.646151564257703 ], [ 121.039812148330327, 14.645473317695208 ], [ 121.038731474591955, 14.644871248937067 ], [ 121.038068161151728, 14.644457766448046 ], [ 121.037494286571601, 14.64410957121752 ], [ 121.036590618261286, 14.643518352352338 ], [ 121.036182574894767, 14.643275339636167 ], [ 121.03567764093475, 14.642938014608113 ], [ 121.035092599256416, 14.642617023555761 ], [ 121.034688280226774, 14.642334101546645 ], [ 121.034032439135615, 14.641960512725166 ], [ 121.032903346623797, 14.641253215115805 ], [ 121.031919589953816, 14.640647475617898 ], [ 121.030704806655606, 14.639896642510605 ], [ 121.029106222338058, 14.638891891863219 ], [ 121.027541194761596, 14.637970567366288 ], [ 121.0264382236128, 14.637241468710785 ], [ 121.025819670780109, 14.636856969844542 ], [ 121.025044619612686, 14.636374530157243 ], [ 121.023755358525747, 14.635561993084886 ], [ 121.023159170432081, 14.635170229756598 ], [ 121.022950503163102, 14.635006991792398 ], [ 121.02216056187801, 14.634539054810803 ], [ 121.021836385556085, 14.634299638924896 ], [ 121.021024092435169, 14.63381718816153 ], [ 121.020304956676171, 14.633414541526479 ], [ 121.019175952001461, 14.632710804530301 ], [ 121.018400930857538, 14.632246481717656 ], [ 121.017897911669138, 14.631898234116077 ], [ 121.017428429343141, 14.631589890091313 ], [ 121.0165528124422, 14.631045753265377 ], [ 121.016001360526801, 14.630661225196038 ], [ 121.015274784399452, 14.630055404169957 ], [ 121.014704704119751, 14.629572922007151 ], [ 121.013005649607535, 14.627911424116846 ], [ 121.012580891792936, 14.62756316272095 ], [ 121.011634503649233, 14.626667108436227 ], [ 121.010546540334644, 14.625691240170427 ], [ 121.009682137253549, 14.624864105386557 ], [ 121.009138163668169, 14.624421515282448 ], [ 121.008188077103753, 14.623518191099212 ], [ 121.006913855679855, 14.622393565257653 ], [ 121.006135171304308, 14.62165348516058 ], [ 121.004279761461689, 14.619995549934881 ], [ 121.003009307066009, 14.618801973407461 ], [ 121.002651644078668, 14.618515367991614 ], [ 121.002301433347768, 14.618232390000935 ], [ 121.00199593177841, 14.61795304020754 ], [ 121.001898225353145, 14.617769674207644 ], [ 121.001889209543535, 14.617669305503041 ], [ 121.00182986377564, 14.617586773160065 ], [ 121.001701379737838, 14.617541233913197 ], [ 121.001614380728938, 14.617561430736663 ], [ 121.001511601264554, 14.617524944577086 ], [ 121.001332772047817, 14.617365315476281 ], [ 121.000510347370735, 14.616627029193944 ], [ 120.998241490556254, 14.61456634326141 ], [ 120.997094038804761, 14.613525107815834 ], [ 120.996263078065766, 14.612702362480857 ], [ 120.995171710698685, 14.611743749461592 ], [ 120.994124872991989, 14.610800455911264 ], [ 120.993070593542171, 14.609849901465441 ], [ 120.992178702455163, 14.608989089262717 ], [ 120.991289890330975, 14.608206376927697 ], [ 120.990626787500773, 14.607629504819601 ], [ 120.989522937780038, 14.60657915742514 ], [ 120.988533205247109, 14.605663058891521 ], [ 120.988121973827987, 14.60529630066703 ], [ 120.987650307177034, 14.605165973729463 ], [ 120.986907087404916, 14.605015356497354 ], [ 120.986240241708288, 14.604855673955152 ], [ 120.985597639168716, 14.604687466824881 ], [ 120.985400636750825, 14.604516615161904 ], [ 120.985323838524494, 14.604195323881115 ], [ 120.985234475055776, 14.603701928390672 ], [ 120.985112199621355, 14.60312849041623 ], [ 120.984973821937515, 14.602384995462469 ], [ 120.984769016204879, 14.601441735755781 ], [ 120.984646123522978, 14.600977359578007 ], [ 120.98410621063303, 14.59830721108281 ], [ 120.983860462598372, 14.597080974006461 ], [ 120.983746880268924, 14.596687341172709 ], [ 120.983568085244741, 14.596484163983787 ], [ 120.983275664544593, 14.59631362597924 ], [ 120.981254827923323, 14.594958413117087 ], [ 120.980187470162775, 14.594338465560286 ], [ 120.97992871501063, 14.594156510324622 ], [ 120.979824445390875, 14.593837247503147 ], [ 120.979921350992427, 14.593438194982358 ], [ 120.980100228803323, 14.592901293379462 ], [ 120.980159886032567, 14.59245870227822 ], [ 120.980202462331931, 14.592049138928719 ], [ 120.980502778531118, 14.591032995163848 ], [ 120.980989105526191, 14.589451305496285 ], [ 120.981141911502888, 14.588823703731444 ], [ 120.9814213732041, 14.588196115525704 ], [ 120.981898289486537, 14.587376271715533 ], [ 120.982602473945846, 14.586219059978786 ], [ 120.991629614350046, 14.570304409250577 ], [ 120.989961021218292, 14.56818562684348 ], [ 120.987920010758472, 14.565674993836124 ], [ 120.98781170766344, 14.565533886534736 ], [ 120.987388941957462, 14.565248260592467 ], [ 120.986832427046465, 14.564974727393517 ], [ 120.986007037455025, 14.564601450917122 ], [ 120.985341930978436, 14.564315369143813 ], [ 120.985554944699302, 14.563654074721047 ], [ 120.985772892141597, 14.563146193779755 ], [ 120.985601558935016, 14.563079063027065 ], [ 120.986218137194541, 14.561681484243579 ], [ 120.986773237957394, 14.560415408432618 ], [ 120.987082455475061, 14.559675350709181 ], [ 120.987391661814499, 14.559040500522052 ], [ 120.987581661252136, 14.558579777597433 ], [ 120.987794025880078, 14.557908640295247 ], [ 120.988135128953417, 14.556822703823833 ], [ 120.988472095674595, 14.55574285993988 ], [ 120.988889367336341, 14.554353420369406 ], [ 120.989355043161851, 14.553098214421613 ], [ 120.989532945524616, 14.55241618908561 ], [ 120.990028306924913, 14.552543199968571 ], [ 120.990652161893451, 14.552748217677934 ], [ 120.991495765465274, 14.553013107780211 ], [ 120.992015335676456, 14.553194533971974 ], [ 120.992667800651887, 14.553335980803229 ], [ 120.993184846885427, 14.553444926639095 ], [ 120.993907415079136, 14.553553802922083 ], [ 120.994066190058319, 14.553556431423678 ], [ 120.994093089172893, 14.553307659006574 ], [ 120.993598288647149, 14.553274440422618 ], [ 120.992931591271798, 14.553154682867286 ], [ 120.991978108277976, 14.552911558274571 ], [ 120.99041194914571, 14.552421239932404 ], [ 120.989677847139461, 14.552185816130915 ], [ 120.989936212407756, 14.55135597490974 ], [ 120.990092695749283, 14.55066850572104 ], [ 120.990148158760192, 14.550281884453069 ], [ 120.990120699928809, 14.550165328595872 ], [ 120.990336756448741, 14.549280864596712 ], [ 120.990647851752001, 14.547944017751568 ], [ 120.991027859596727, 14.546420339855356 ], [ 120.991287460063475, 14.545360523278527 ], [ 120.991556907592837, 14.543913518991355 ], [ 120.99214622309249, 14.540583099763181 ], [ 120.9923058139765, 14.539385987674592 ], [ 120.992341219441457, 14.539014133367585 ], [ 120.992408277457002, 14.53871121046217 ], [ 120.992578742661394, 14.537372628231836 ], [ 120.992680283940246, 14.536672364743509 ], [ 120.992845642814459, 14.535063830677695 ], [ 120.99281577955, 14.534996255496221 ], [ 120.992848023491135, 14.534337840884504 ], [ 120.992922571702579, 14.533325669626214 ], [ 120.993067881430804, 14.532291735143016 ], [ 120.99310140481154, 14.532208296067953 ], [ 120.993239208238492, 14.532108537554738 ], [ 120.99328948739371, 14.532079517461433 ], [ 120.993403135687814, 14.531094557107204 ], [ 120.993582013761269, 14.529139144778991 ], [ 120.993488936340185, 14.528671144197148 ], [ 120.993626782695188, 14.527796834886406 ], [ 120.993690142955359, 14.52695154430234 ], [ 120.993757213654732, 14.526334809779829 ], [ 120.993738637458776, 14.525565699878737 ], [ 120.993708960452267, 14.523566740496758 ], [ 120.994006888831819, 14.523574012479294 ], [ 120.99413351213974, 14.523510531491267 ], [ 120.994127933114257, 14.523383555644095 ], [ 120.994003179963954, 14.523305549688757 ], [ 120.993857939640236, 14.523309169691164 ], [ 120.993707113364181, 14.5233091614228 ], [ 120.993686706578515, 14.522006753858699 ], [ 120.993575107140799, 14.519909836723615 ], [ 120.993463485318003, 14.518226496856769 ], [ 120.993292226921852, 14.517450122017477 ], [ 120.993281061266799, 14.517344006046899 ], [ 120.992925416033032, 14.517387520020225 ], [ 120.992469222349854, 14.517432841339 ], [ 120.992080065370914, 14.517405608447302 ], [ 120.991698361369913, 14.517305817890767 ], [ 120.991078687025322, 14.517171159189237 ], [ 120.990743166619907, 14.517129803180264 ], [ 120.990679907866905, 14.516442316597413 ], [ 120.990497536616587, 14.515003851605048 ], [ 120.990300268352271, 14.513614361583977 ], [ 120.990222119574426, 14.51288152518628 ], [ 120.990097398741284, 14.512466124609224 ], [ 120.989782795257227, 14.511566388888117 ], [ 120.989604094105786, 14.510958706658435 ], [ 120.989194564686471, 14.509688919673815 ], [ 120.988772004832441, 14.508439084175093 ], [ 120.988634249551836, 14.508099867102747 ], [ 120.990851859764831, 14.50729826582031 ], [ 120.991147838753932, 14.508248789488571 ], [ 120.991376795213782, 14.509132192629888 ], [ 120.99142147159489, 14.509279124558415 ], [ 120.991469863753096, 14.509545776661701 ], [ 120.991620649632154, 14.510006526744474 ], [ 120.991857067078399, 14.510746628635147 ], [ 120.991914770065534, 14.511009653323802 ], [ 120.992007839313501, 14.511439562521817 ], [ 120.992015271044792, 14.511684444647761 ], [ 120.992052504333429, 14.511773329938238 ], [ 120.992087862773587, 14.51205993436754 ], [ 120.992065514995033, 14.512125234754134 ], [ 120.992009653238085, 14.512170579731155 ], [ 120.991654012479358, 14.51226669600605 ], [ 120.991356096196228, 14.512304769488679 ], [ 120.991309549300581, 14.51227392950369 ], [ 120.991289077489057, 14.512132440990209 ], [ 120.991246290169258, 14.511586442790804 ], [ 120.991196047961239, 14.51114565248988 ], [ 120.991114145637738, 14.510808254555629 ], [ 120.991026652257204, 14.510548855562469 ] ] ] } },
{ "type": "Feature", "properties": { "Agency": "LTFRB", "Type": "PUJ", "Route_Code": "PUJ42A", "Route_Name": "Fairview - Pier South 15", "Route_Begi": "Regalado/Dahlia Intersection, Quezon City", "Route_End": "25th St./ Antonio C. Delgado Intersection, City of Manila", "Schedule_T": "06:00-23:00", "Trip_Code": null, "Schedule_D": "Mondays to Sundays" }, "geometry": { "type": "MultiLineString", "coordinates": [ [ [ 121.067646320184565, 14.700070973086639 ], [ 121.067773470527669, 14.700844042129106 ], [ 121.067913212137157, 14.701523842874245 ], [ 121.068122084545223, 14.70207521547813 ], [ 121.068401845867314, 14.702884143847474 ], [ 121.068771111014414, 14.703870810746459 ], [ 121.069136654400751, 14.704864733593956 ], [ 121.069299066743454, 14.705480492603085 ], [ 121.069347112052483, 14.705837397022117 ], [ 121.069368648969359, 14.706419642731205 ], [ 121.069070939786826, 14.706419723191923 ], [ 121.067915511582299, 14.706420938797747 ], [ 121.067209208328535, 14.706417496824402 ], [ 121.067199939934923, 14.706597076045776 ], [ 121.068998306275773, 14.70658390134612 ], [ 121.069723243937929, 14.706580077163085 ], [ 121.070522721688135, 14.70656353281221 ], [ 121.071668722096547, 14.706189548988236 ], [ 121.072883657131072, 14.705768378214529 ], [ 121.073725915411416, 14.705494235801888 ], [ 121.07451973579235, 14.705276335651183 ], [ 121.07506015262193, 14.705203620345314 ], [ 121.07558194807558, 14.705178070905934 ], [ 121.077698982357575, 14.70518831448052 ], [ 121.079495476768983, 14.705187756334857 ], [ 121.081127963453241, 14.705150958938273 ], [ 121.081885503087165, 14.705130761102401 ], [ 121.082047617023534, 14.705079012038901 ], [ 121.082340173792929, 14.705004546432928 ], [ 121.082928081155714, 14.704852892334848 ], [ 121.083322182131894, 14.704720347009932 ], [ 121.083543917547445, 14.704633205974933 ], [ 121.083769827985293, 14.704495273949265 ], [ 121.084133144210838, 14.704264786531319 ], [ 121.084578430488421, 14.703959900800301 ], [ 121.085001325485067, 14.703578837700999 ], [ 121.085414873188199, 14.703119779008109 ], [ 121.085943910832256, 14.702524637042389 ], [ 121.086316437904259, 14.702014801361464 ], [ 121.086649792960969, 14.701407027616082 ], [ 121.087007343056868, 14.700719433062179 ], [ 121.087208331657934, 14.699972033477016 ], [ 121.087351002932508, 14.699320769562348 ], [ 121.087462799567447, 14.698680693581197 ], [ 121.087477885592619, 14.698181612962765 ], [ 121.087499920565335, 14.697292790533353 ], [ 121.087500060021611, 14.694488946799499 ], [ 121.087466099333739, 14.69147378495702 ], [ 121.087431530620663, 14.688772299394868 ], [ 121.087254232334715, 14.687273172993434 ], [ 121.08714608136323, 14.686739830315407 ], [ 121.086740947633587, 14.685640504975863 ], [ 121.086091911862397, 14.684073510238349 ], [ 121.084463073868648, 14.680360086705328 ], [ 121.083130498551981, 14.677384803930439 ], [ 121.08224299633892, 14.675788852970813 ], [ 121.081348142474582, 14.674454103965664 ], [ 121.080296715714368, 14.672923498575486 ], [ 121.07897611592648, 14.671571642526004 ], [ 121.079246194844188, 14.671270448809397 ], [ 121.079253615698647, 14.671172495235691 ], [ 121.079214469146947, 14.671119904026309 ], [ 121.079134340898065, 14.671099976029288 ], [ 121.078948048402665, 14.671212496680338 ], [ 121.07879531349613, 14.671381238028333 ], [ 121.07782889025782, 14.670442836849878 ], [ 121.075823450449747, 14.668723854135967 ], [ 121.074230940418303, 14.667611487746852 ], [ 121.072702763353533, 14.666614275453476 ], [ 121.071487684645433, 14.6658164961962 ], [ 121.070362038855706, 14.664978779876995 ], [ 121.068934523477409, 14.664021420889108 ], [ 121.067767922652067, 14.663245375850721 ], [ 121.0638190865415, 14.660726855093642 ], [ 121.063729574492839, 14.6604257673433 ], [ 121.062235031253948, 14.65942484913421 ], [ 121.061925738810118, 14.659417667300733 ], [ 121.060910123676464, 14.658715921874141 ], [ 121.058571461331766, 14.657198209810719 ], [ 121.057091874502262, 14.656222649576678 ], [ 121.055519120934093, 14.655149147997063 ], [ 121.054669382796718, 14.654521710498082 ], [ 121.054028366796942, 14.654101013739531 ], [ 121.052802269169234, 14.653415600497658 ], [ 121.052150100576171, 14.653089224337634 ], [ 121.05200475073616, 14.652969534324054 ], [ 121.051840750279894, 14.652755524224917 ], [ 121.051758694795836, 14.652378245677244 ], [ 121.051792195563166, 14.652204103242829 ], [ 121.052082575266311, 14.650898027105402 ], [ 121.05199296374974, 14.65001648135229 ], [ 121.051450626759575, 14.649181731583582 ], [ 121.051048124720495, 14.648833536897572 ], [ 121.050597211199033, 14.648625475713459 ], [ 121.050064338225752, 14.648499962181248 ], [ 121.049550122774122, 14.648507313368318 ], [ 121.048793739511922, 14.648701994358468 ], [ 121.047970327099449, 14.649131587009117 ], [ 121.047523250742159, 14.649508960726825 ], [ 121.047292243458827, 14.649610580579681 ], [ 121.047027691660702, 14.649667311605118 ], [ 121.046710955838094, 14.649632448556414 ], [ 121.046412840279501, 14.64953681568837 ], [ 121.045958191375291, 14.649261177767912 ], [ 121.04574110809294, 14.649087531896066 ], [ 121.04567032728545, 14.649185495289917 ], [ 121.044183399043973, 14.64821166709655 ], [ 121.043383118750583, 14.647745164949313 ], [ 121.042998362357665, 14.647584240360262 ], [ 121.042838093677744, 14.647326689192038 ], [ 121.042063899204408, 14.646838411388112 ], [ 121.04146206525013, 14.646486602468826 ], [ 121.041347475989028, 14.646427213831483 ], [ 121.037539944394027, 14.644199807543771 ], [ 121.035092599256416, 14.642617023555761 ], [ 121.033500500105944, 14.6416463135595 ], [ 121.030877149277799, 14.640006820125757 ], [ 121.029185408793907, 14.638969429203113 ], [ 121.026878839780835, 14.637396974260334 ], [ 121.026606839139163, 14.637386114291891 ], [ 121.024527609637701, 14.636045797760083 ], [ 121.023159170432081, 14.635170229756598 ], [ 121.022783759295237, 14.63492310968862 ], [ 121.021993814866278, 14.63440075456136 ], [ 121.021516871288796, 14.63411781421966 ], [ 121.01877446872281, 14.632478190700576 ], [ 121.017328757125512, 14.631513256600517 ], [ 121.015793634264213, 14.630497527228007 ], [ 121.015190015093651, 14.629924351597911 ], [ 121.01504842240098, 14.629699430703733 ], [ 121.014684210135044, 14.629391161319253 ], [ 121.014266464767942, 14.629040316273013 ], [ 121.01102438639596, 14.62613700256315 ], [ 121.009830240036806, 14.624985182587876 ], [ 121.009982995861989, 14.624820113626042 ], [ 121.009856316633474, 14.624707652344966 ], [ 121.00969424636385, 14.624879977032561 ], [ 121.009389657975646, 14.624621497172683 ], [ 121.008643558718276, 14.623941284602564 ], [ 121.008110766800854, 14.623491436280455 ], [ 121.007000479954712, 14.622461133686409 ], [ 121.005733722315497, 14.621300222846214 ], [ 121.004279761461689, 14.619995549934881 ], [ 121.00218314450693, 14.618125819883783 ], [ 121.00199593177841, 14.61795304020754 ], [ 121.00189441575256, 14.61778351728486 ], [ 121.001885760508713, 14.617662102884889 ], [ 121.00182986377564, 14.617586773160065 ], [ 121.001736089721973, 14.617544191624354 ], [ 121.001666669622708, 14.617544190166614 ], [ 121.001614380728938, 14.617561430736663 ], [ 121.001511601264554, 14.617524944577086 ], [ 121.000163869347077, 14.616299153471022 ], [ 120.998643847503203, 14.614898758608074 ], [ 120.996430908953002, 14.612859823729744 ], [ 120.995112105091195, 14.61166982917795 ], [ 120.993230784088411, 14.609990036262085 ], [ 120.990886601933425, 14.607817314657334 ], [ 120.988396888957197, 14.605527852826739 ], [ 120.988040968956028, 14.605250878611079 ], [ 120.987028163923938, 14.605032145481994 ], [ 120.986292397474713, 14.60486520160128 ], [ 120.985597639168716, 14.604687466824881 ], [ 120.985481754614668, 14.604621048345685 ], [ 120.985400636750825, 14.604516615161904 ], [ 120.985178609522279, 14.603533681813724 ], [ 120.984973821937515, 14.602384995462469 ], [ 120.984263896279842, 14.598802275004717 ], [ 120.983787914740063, 14.596706099406587 ], [ 120.983568085244741, 14.596484163983787 ], [ 120.983469370308583, 14.596422934247782 ], [ 120.982091096575289, 14.595526714531887 ], [ 120.981234340757965, 14.594940725119399 ], [ 120.980314255112802, 14.59439100392356 ], [ 120.97992871501063, 14.594156510324622 ], [ 120.979824445390875, 14.593837247503147 ], [ 120.98001637176921, 14.593220988235224 ], [ 120.980100228803323, 14.592901293379462 ], [ 120.980150556777332, 14.592593385204939 ], [ 120.980180403080354, 14.592223347737274 ], [ 120.980202462331931, 14.592049138928719 ], [ 120.980452469720888, 14.591185812793601 ], [ 120.980608942113747, 14.591082436489748 ], [ 120.980746823953766, 14.590672504532462 ], [ 120.980698427298535, 14.590404038117242 ], [ 120.98094065707788, 14.589629518422873 ], [ 120.981063641572646, 14.589176050358938 ], [ 120.981141911502888, 14.588823703731444 ], [ 120.981095016830082, 14.58842066514096 ], [ 120.980933402118879, 14.587856611169034 ], [ 120.980531245278868, 14.586553053903454 ], [ 120.980351593810468, 14.58596570415942 ], [ 120.980199798033482, 14.585776656041098 ], [ 120.980047321939423, 14.585550274716153 ], [ 120.979770472583311, 14.585313372839179 ], [ 120.9787284981265, 14.584699012530359 ], [ 120.977212485142701, 14.583817258169615 ], [ 120.975905073541796, 14.583055240621436 ], [ 120.975391271478202, 14.582818442021335 ], [ 120.975110659466779, 14.583300921981685 ], [ 120.974896413895053, 14.583661864477914 ], [ 120.974584543694363, 14.584348324371595 ], [ 120.974406102783036, 14.584712491704062 ], [ 120.97438210361139, 14.584763604280482 ], [ 120.974337499902134, 14.584666703455996 ], [ 120.974084221388026, 14.584458066738316 ], [ 120.973812311538708, 14.584291147446956 ], [ 120.973531089015481, 14.58412604044581 ], [ 120.973378373026961, 14.584031694570948 ], [ 120.973300125250375, 14.584165914019671 ] ] ] } },
{ "type": "Feature", "properties": { "Agency": "LTFRB", "Type": "PUJ", "Route_Code": "PUJ63A", "Route_Name": "Project 6 - T.M. Kalaw via Quezon Ave.", "Route_Begi": "Project 6 Jeepney Terminal, Road 3, Quezon City", "Route_End": "T.M. Kalaw, City of Manila", "Schedule_T": "06:00-23:00", "Trip_Code": null, "Schedule_D": "Mondays to Sundays" }, "geometry": { "type": "MultiLineString", "coordinates": [ [ [ 121.036906669605159, 14.664050026476509 ], [ 121.038101044314317, 14.664331024298644 ], [ 121.038734567174586, 14.664479678493811 ], [ 121.039906583223541, 14.664731647482354 ], [ 121.040430168726544, 14.664825895357177 ], [ 121.040715247968592, 14.664845806719784 ], [ 121.040922066807482, 14.664838520596264 ], [ 121.04123322152428, 14.664794940472326 ], [ 121.041510834306351, 14.664729598004945 ], [ 121.041728820882071, 14.664649752916961 ], [ 121.04205485977289, 14.664473753703911 ], [ 121.042421871086631, 14.664185285033563 ], [ 121.042619348428218, 14.664027443956305 ], [ 121.042786998527689, 14.663777097727625 ], [ 121.042893184022589, 14.663662804560232 ], [ 121.042990047551683, 14.663514048431024 ], [ 121.043073865032113, 14.663345341250199 ], [ 121.043178154699248, 14.663036959404261 ], [ 121.043235879747073, 14.66282653623287 ], [ 121.043912254390662, 14.662966100005629 ], [ 121.043541741399821, 14.664570566422618 ], [ 121.043701984369079, 14.664595935683685 ], [ 121.044025912625116, 14.662974244339532 ], [ 121.044282890827503, 14.662114407335652 ], [ 121.044457891295352, 14.66128723382468 ], [ 121.044651490551047, 14.660275037771168 ], [ 121.044759472173453, 14.659788890881005 ], [ 121.044099874004957, 14.659640257229677 ], [ 121.043958265967561, 14.659611257398014 ], [ 121.043794394544392, 14.660144574666804 ], [ 121.043693869864484, 14.660668812120463 ], [ 121.043576485350243, 14.6606543195107 ], [ 121.043511269744954, 14.660634376816294 ], [ 121.043462820283068, 14.660598106211175 ], [ 121.043194471458392, 14.660315177912402 ], [ 121.043011846218818, 14.660126559453577 ], [ 121.042734180163691, 14.659829120749423 ], [ 121.041416941552555, 14.660108664742317 ], [ 121.040664230582152, 14.660257517328118 ], [ 121.039786690383352, 14.660449919297635 ], [ 121.039030253923997, 14.6606205341057 ], [ 121.038016699173497, 14.660831087488965 ], [ 121.037129834277152, 14.660994458055058 ], [ 121.03662864524911, 14.661101544349968 ], [ 121.036544733642387, 14.660608170327308 ], [ 121.036477602316054, 14.660196420271053 ], [ 121.036311688100682, 14.659536176465664 ], [ 121.036196094003103, 14.658972063604779 ], [ 121.03605254248329, 14.658331769760752 ], [ 121.035894064146603, 14.657524597455192 ], [ 121.035664781325679, 14.656679341622384 ], [ 121.035483950695962, 14.655895752615994 ], [ 121.035174494565013, 14.654582515832548 ], [ 121.036992880072674, 14.654183223689596 ], [ 121.038013857347707, 14.653969045881228 ], [ 121.038663145701491, 14.653832913539281 ], [ 121.038691043549903, 14.653493707402548 ], [ 121.038690985169595, 14.653092831967481 ], [ 121.038767274767295, 14.652412602881418 ], [ 121.038832389351356, 14.651761397941662 ], [ 121.038940370912357, 14.651215394138848 ], [ 121.039029736190002, 14.650774600011369 ], [ 121.039094902476648, 14.650482550367345 ], [ 121.039273677719407, 14.649912955534813 ], [ 121.039392835157642, 14.649361508120158 ], [ 121.039560453952291, 14.648951539259187 ], [ 121.039649835304687, 14.648632277233061 ], [ 121.039847239184468, 14.648066307062505 ], [ 121.040338962428706, 14.647181044813932 ], [ 121.040581085211059, 14.646665857144072 ], [ 121.040759888953716, 14.646324814549651 ], [ 121.04089586238257, 14.64611982191116 ], [ 121.04045147643852, 14.645857775980428 ], [ 121.040223239841936, 14.645798856774769 ], [ 121.039874811889163, 14.645589399441674 ], [ 121.039528247404789, 14.645378127400603 ], [ 121.03805908515119, 14.644503115610824 ], [ 121.037539944394027, 14.644199807543771 ], [ 121.036879661497892, 14.643777705122984 ], [ 121.035715147907354, 14.643035961472229 ], [ 121.034906515204881, 14.64252816430024 ], [ 121.033829587726643, 14.641864398906545 ], [ 121.032858870340675, 14.64128587066353 ], [ 121.031623581778604, 14.640489696764002 ], [ 121.030308192973266, 14.639704407923588 ], [ 121.029000261195108, 14.638875576821828 ], [ 121.027804130875722, 14.638157377168584 ], [ 121.027899132520602, 14.638030394193239 ], [ 121.027125934696002, 14.637537077814175 ], [ 121.026878839780835, 14.637396974260334 ], [ 121.026732822832713, 14.637359348125928 ], [ 121.026648988161227, 14.637368424957183 ], [ 121.026606839139163, 14.637386114291891 ], [ 121.024750484177673, 14.6362058588279 ], [ 121.023505937997015, 14.635406014301667 ], [ 121.022950503163102, 14.635006991792398 ], [ 121.02248403806162, 14.634747633662005 ], [ 121.021910208990349, 14.634337726383805 ], [ 121.020404863968494, 14.633496161993452 ], [ 121.019246049541621, 14.632767032236243 ], [ 121.017625211186996, 14.631718669149285 ], [ 121.0165528124422, 14.631045753265377 ], [ 121.01570630587878, 14.630438124785673 ], [ 121.015274784399452, 14.630055404169957 ], [ 121.015139943106647, 14.629788762922843 ], [ 121.014684210135044, 14.629391161319253 ], [ 121.013884281063653, 14.628711337091223 ], [ 121.013314152688721, 14.628202389429127 ], [ 121.011816373668168, 14.626766870056443 ], [ 121.01117528425543, 14.626215224969053 ], [ 121.011011346003087, 14.626138136511139 ], [ 121.01064061936836, 14.625797126172536 ], [ 121.009830240036806, 14.624985182587876 ], [ 121.009982995861989, 14.624820113626042 ], [ 121.009856316633474, 14.624707652344966 ], [ 121.00969424636385, 14.624879977032561 ], [ 121.009457887689138, 14.624688157933923 ], [ 121.00872762268699, 14.624013387204656 ], [ 121.00771577311275, 14.623117260619011 ], [ 121.006135171304308, 14.62165348516058 ], [ 121.004334772638401, 14.619997123494359 ], [ 121.003098663797218, 14.61893342740543 ], [ 121.00208901355694, 14.618069983300856 ], [ 121.00199593177841, 14.61795304020754 ], [ 121.00189441575256, 14.61778351728486 ], [ 121.001889209543535, 14.617669305503041 ], [ 121.00182986377564, 14.617586773160065 ], [ 121.001769744932574, 14.617552973431653 ], [ 121.001701379737838, 14.617541233913197 ], [ 121.001614380728938, 14.617561430736663 ], [ 121.001511601264554, 14.617524944577086 ], [ 121.000563379425842, 14.616647833991262 ], [ 120.999654340371293, 14.615846055109557 ], [ 120.998361579474818, 14.61469235845491 ], [ 120.996819228159069, 14.613252044420527 ], [ 120.995112105091195, 14.61166982917795 ], [ 120.993149699756898, 14.609910615779697 ], [ 120.990702167771346, 14.607675708332017 ], [ 120.989379702967696, 14.606449402146024 ], [ 120.988079455435226, 14.605269826822408 ], [ 120.987738726559385, 14.60519585395274 ], [ 120.987375494931484, 14.605164987597734 ], [ 120.986734726131189, 14.605012564313041 ], [ 120.985645048000109, 14.604760333564753 ], [ 120.985426562049767, 14.604689273482363 ], [ 120.9853715322147, 14.604647586545651 ], [ 120.985315383978858, 14.604341287301617 ], [ 120.985186913526576, 14.603740866711522 ], [ 120.985095689761522, 14.603227517813488 ], [ 120.984956064112708, 14.602423936501431 ], [ 120.984794091067684, 14.601578632704397 ], [ 120.98467492924064, 14.601058025238654 ], [ 120.9844961764055, 14.600388670241687 ], [ 120.984384475985237, 14.599775553127429 ], [ 120.984101487887429, 14.598384245748116 ], [ 120.983860462598372, 14.597080974006461 ], [ 120.983746880268924, 14.596687341172709 ], [ 120.983599688040272, 14.596525830693141 ], [ 120.983354762375811, 14.596382506341254 ], [ 120.982042611111126, 14.59550987394149 ], [ 120.980615924177869, 14.59457736185214 ], [ 120.97992871501063, 14.594156510324622 ], [ 120.979824445390875, 14.593837247503147 ], [ 120.980075938724042, 14.593048161911938 ], [ 120.980124400062806, 14.592774264641141 ], [ 120.98016169999633, 14.592378833066753 ], [ 120.980178504384625, 14.592037816927588 ], [ 120.980452469720888, 14.591185812793601 ], [ 120.980608942113747, 14.591082436489748 ], [ 120.980746823953766, 14.590672504532462 ], [ 120.980698427298535, 14.590404038117242 ], [ 120.981143938329652, 14.588914116840382 ], [ 120.981143220161528, 14.588588507994757 ], [ 120.980846075440439, 14.587593545774858 ], [ 120.980581697366162, 14.586657530367276 ], [ 120.980351593810468, 14.58596570415942 ], [ 120.980086375110687, 14.585612652873685 ], [ 120.979770472583311, 14.585313372839179 ], [ 120.979572356373836, 14.585186321145027 ], [ 120.979546303415063, 14.584997669736081 ], [ 120.979589162767923, 14.584831700388728 ], [ 120.979630152199917, 14.584725590403089 ], [ 120.979779182442215, 14.584520633825882 ], [ 120.979881644143333, 14.58435013643847 ], [ 120.980984521332431, 14.58228419701873 ] ] ] } },
{ "type": "Feature", "properties": { "Agency": "LTFRB", "Type": "PUJ", "Route_Code": "PUJ64A", "Route_Name": "Project 8 - T.M. Kalaw via Quezon Ave.", "Route_Begi": "Project 8 Terminal, General Avenue, Quezon City", "Route_End": "T.M. Kalaw, City of Manila", "Schedule_T": "06:00-23:00", "Trip_Code": null, "Schedule_D": "Mondays to Sundays" }, "geometry": { "type": "MultiLineString", "coordinates": [ [ [ 121.02571744711679, 14.677865132037706 ], [ 121.025750972145431, 14.677689179764629 ], [ 121.025896272665122, 14.677222992210092 ], [ 121.026240899648414, 14.676189033097069 ], [ 121.026270703823201, 14.676085637548013 ], [ 121.026289311534782, 14.675799037759356 ], [ 121.026259469283033, 14.675476163817811 ], [ 121.026205397190779, 14.675078921485664 ], [ 121.026086105170435, 14.674639964617658 ], [ 121.025981728202439, 14.674291702074905 ], [ 121.025746896558644, 14.673684060710965 ], [ 121.025474794505328, 14.673012935150052 ], [ 121.024826400227766, 14.673476441809351 ], [ 121.024720185667292, 14.67340933534469 ], [ 121.024638193375452, 14.673331343469869 ], [ 121.024604493720247, 14.673270197009957 ], [ 121.024564113483677, 14.673170817903872 ], [ 121.024548727742797, 14.673006659951579 ], [ 121.024524469484021, 14.672574950478138 ], [ 121.024235652566702, 14.672524183042471 ], [ 121.023959877934033, 14.672460716878712 ], [ 121.023680373040293, 14.672348275002467 ], [ 121.023512669152367, 14.672266661190752 ], [ 121.023335649137891, 14.672188675756237 ], [ 121.023210806030619, 14.672166917769516 ], [ 121.022873609154686, 14.67299590004145 ], [ 121.021435115930331, 14.672756559966846 ], [ 121.020725696884128, 14.67264716393476 ], [ 121.020160599407902, 14.672557107538097 ], [ 121.019305334165509, 14.672442879442132 ], [ 121.018904713682701, 14.672276021022119 ], [ 121.018357821273355, 14.672051124144351 ], [ 121.018815215081503, 14.671198561162175 ], [ 121.019293395369743, 14.670255009098321 ], [ 121.01975980015149, 14.669419060167879 ], [ 121.019856683049028, 14.669290266769575 ], [ 121.020091427499963, 14.668818635630249 ], [ 121.020365298883306, 14.668334304519721 ], [ 121.02049011959744, 14.668040443012931 ], [ 121.020782616067422, 14.66746722847429 ], [ 121.02096333243999, 14.667155224127853 ], [ 121.021276323069713, 14.666592891143374 ], [ 121.021522236090561, 14.666046887264338 ], [ 121.021671274739617, 14.665731256538521 ], [ 121.021855706372804, 14.665295905033933 ], [ 121.021993561523942, 14.664936740869978 ], [ 121.022056889516435, 14.66461930162321 ], [ 121.02215561450133, 14.664240186885536 ], [ 121.022282277586058, 14.663719584865335 ], [ 121.022908335563358, 14.66387372447012 ], [ 121.022945588674844, 14.663717725190516 ], [ 121.022464866255334, 14.663605295833568 ], [ 121.021812724860979, 14.663462040228707 ], [ 121.021389764578331, 14.66336230225486 ], [ 121.020963072532666, 14.663175495832844 ], [ 121.020672394737034, 14.662956029950495 ], [ 121.020383572107477, 14.662598706061333 ], [ 121.020288532654433, 14.662357461007385 ], [ 121.020202804463594, 14.66203458919154 ], [ 121.020152475074028, 14.66166999522569 ], [ 121.020089080113365, 14.660926293743243 ], [ 121.020003326916154, 14.660178965657289 ], [ 121.019930612730533, 14.659366335790073 ], [ 121.019897042409667, 14.658823977009225 ], [ 121.019813164986346, 14.658261667995776 ], [ 121.019775872561269, 14.657782796404012 ], [ 121.020631071061814, 14.657739212327163 ], [ 121.021160213899563, 14.657721040596142 ], [ 121.021652088524576, 14.65763756911784 ], [ 121.022179359889122, 14.65750693242112 ], [ 121.023928855949777, 14.657111374874352 ], [ 121.025496689853966, 14.656758446028695 ], [ 121.025983900903185, 14.656654105735548 ], [ 121.025929849670362, 14.656435533393337 ], [ 121.021838384283313, 14.65731286606986 ], [ 121.020670182486953, 14.657497959182354 ], [ 121.020062788745108, 14.657552412661111 ], [ 121.019708784661105, 14.657559688579211 ], [ 121.019701924231143, 14.657450319464429 ], [ 121.0195708869757, 14.657182401863212 ], [ 121.019392006125869, 14.65691213834377 ], [ 121.019265290201929, 14.656565687377013 ], [ 121.019082686252091, 14.656337143871848 ], [ 121.018952243078118, 14.655959856346657 ], [ 121.018713714216943, 14.655172629385197 ], [ 121.018538540822817, 14.654505117340973 ], [ 121.018463985450651, 14.653964574142826 ], [ 121.018180706857393, 14.652451782220359 ], [ 121.018106142445205, 14.651708080157858 ], [ 121.017934676563669, 14.650587088096248 ], [ 121.017901103672628, 14.649872406514119 ], [ 121.017837724191992, 14.64921577166967 ], [ 121.017729626704309, 14.648482954400542 ], [ 121.017491076062669, 14.647002809282331 ], [ 121.017200358202487, 14.645435598072792 ], [ 121.016879817316166, 14.643480209193653 ], [ 121.016592831111595, 14.641836812019665 ], [ 121.016399021433088, 14.640654145603804 ], [ 121.016610961696927, 14.640436923483202 ], [ 121.016413907489977, 14.640244199434866 ], [ 121.016432526677505, 14.639993877912561 ], [ 121.01647403964931, 14.639726963124726 ], [ 121.016644882557983, 14.639337230359034 ], [ 121.016857255070022, 14.639065133311023 ], [ 121.017087688725823, 14.638708197943616 ], [ 121.017617320175091, 14.638078326823704 ], [ 121.017923178488289, 14.637649116888047 ], [ 121.018185757256887, 14.637203612743543 ], [ 121.018302663540098, 14.636809361786186 ], [ 121.01828791291436, 14.636315165008773 ], [ 121.018076928112777, 14.63537792140542 ], [ 121.01797483572301, 14.634515772791794 ], [ 121.017974813647697, 14.634087687847327 ], [ 121.018094025311669, 14.633717642447525 ], [ 121.018578350575595, 14.632803402634638 ], [ 121.018712482218064, 14.63275986162447 ], [ 121.021592754344908, 14.634481103353522 ], [ 121.021749717007765, 14.634568841529466 ], [ 121.021910208990349, 14.634337726383805 ], [ 121.020404863968494, 14.633496161993452 ], [ 121.019246049541621, 14.632767032236243 ], [ 121.017625211186996, 14.631718669149285 ], [ 121.0165528124422, 14.631045753265377 ], [ 121.01570630587878, 14.630438124785673 ], [ 121.015274784399452, 14.630055404169957 ], [ 121.015139943106647, 14.629788762922843 ], [ 121.014684210135044, 14.629391161319253 ], [ 121.013884281063653, 14.628711337091223 ], [ 121.013314152688721, 14.628202389429127 ], [ 121.011816373668168, 14.626766870056443 ], [ 121.01117528425543, 14.626215224969053 ], [ 121.011011346003087, 14.626138136511139 ], [ 121.01064061936836, 14.625797126172536 ], [ 121.009830240036806, 14.624985182587876 ], [ 121.009982995861989, 14.624820113626042 ], [ 121.009856316633474, 14.624707652344966 ], [ 121.00969424636385, 14.624879977032561 ], [ 121.009457887689138, 14.624688157933923 ], [ 121.00872762268699, 14.624013387204656 ], [ 121.00771577311275, 14.623117260619011 ], [ 121.006135171304308, 14.62165348516058 ], [ 121.004334772638401, 14.619997123494359 ], [ 121.003098663797218, 14.61893342740543 ], [ 121.00208901355694, 14.618069983300856 ], [ 121.00199593177841, 14.61795304020754 ], [ 121.00189441575256, 14.61778351728486 ], [ 121.001889209543535, 14.617669305503041 ], [ 121.00182986377564, 14.617586773160065 ], [ 121.001769744932574, 14.617552973431653 ], [ 121.001701379737838, 14.617541233913197 ], [ 121.001614380728938, 14.617561430736663 ], [ 121.001511601264554, 14.617524944577086 ], [ 121.000563379425842, 14.616647833991262 ], [ 120.999654340371293, 14.615846055109557 ], [ 120.998361579474818, 14.61469235845491 ], [ 120.996819228159069, 14.613252044420527 ], [ 120.995112105091195, 14.61166982917795 ], [ 120.993149699756898, 14.609910615779697 ], [ 120.990702167771346, 14.607675708332017 ], [ 120.989379702967696, 14.606449402146024 ], [ 120.988079455435226, 14.605269826822408 ], [ 120.987738726559385, 14.60519585395274 ], [ 120.987375494931484, 14.605164987597734 ], [ 120.986734726131189, 14.605012564313041 ], [ 120.985645048000109, 14.604760333564753 ], [ 120.985426562049767, 14.604689273482363 ], [ 120.9853715322147, 14.604647586545651 ], [ 120.985315383978858, 14.604341287301617 ], [ 120.985186913526576, 14.603740866711522 ], [ 120.985095689761522, 14.603227517813488 ], [ 120.984956064112708, 14.602423936501431 ], [ 120.984794091067684, 14.601578632704397 ], [ 120.98467492924064, 14.601058025238654 ], [ 120.9844961764055, 14.600388670241687 ], [ 120.984384475985237, 14.599775553127429 ], [ 120.984101487887429, 14.598384245748116 ], [ 120.983860462598372, 14.597080974006461 ], [ 120.983746880268924, 14.596687341172709 ], [ 120.983599688040272, 14.596525830693141 ], [ 120.983354762375811, 14.596382506341254 ], [ 120.982042611111126, 14.59550987394149 ], [ 120.980615924177869, 14.59457736185214 ], [ 120.97992871501063, 14.594156510324622 ], [ 120.979824445390875, 14.593837247503147 ], [ 120.980075938724042, 14.593048161911938 ], [ 120.980124400062806, 14.592774264641141 ], [ 120.98016169999633, 14.592378833066753 ], [ 120.980178504384625, 14.592037816927588 ], [ 120.980452469720888, 14.591185812793601 ], [ 120.980608942113747, 14.591082436489748 ], [ 120.980746823953766, 14.590672504532462 ], [ 120.980698427298535, 14.590404038117242 ], [ 120.981143938329652, 14.588914116840382 ], [ 120.981143220161528, 14.588588507994757 ], [ 120.980846075440439, 14.587593545774858 ], [ 120.980581697366162, 14.586657530367276 ], [ 120.980351593810468, 14.58596570415942 ], [ 120.980086375110687, 14.585612652873685 ], [ 120.979770472583311, 14.585313372839179 ], [ 120.979572356373836, 14.585186321145027 ], [ 120.979546303415063, 14.584997669736081 ], [ 120.979589162767923, 14.584831700388728 ], [ 120.979630152199917, 14.584725590403089 ], [ 120.979779182442215, 14.584520633825882 ], [ 120.979881644143333, 14.58435013643847 ], [ 120.980984521332431, 14.58228419701873 ] ] ] } },
{ "type": "Feature", "properties": { "Agency": "LTFRB", "Type": "PUJ", "Route_Code": "PUJ65A", "Route_Name": "Roces - Cubao", "Route_Begi": "Roces Jeepney Terminal", "Route_End": "Araneta City Modern Jeepney Terminal", "Schedule_T": "06:00-23:00", "Trip_Code": null, "Schedule_D": "Mondays to Sundays" }, "geometry": { "type": "MultiLineString", "coordinates": [ [ [ 121.056287400496132, 14.61902259478995 ], [ 121.0556245333091, 14.620417640267707 ], [ 121.05538992374747, 14.620923773371022 ], [ 121.054941164123562, 14.621803618373338 ], [ 121.054721442355202, 14.622253516130916 ], [ 121.054691654389359, 14.622336962621242 ], [ 121.054125451685735, 14.622866743544005 ], [ 121.053883382594762, 14.623363806964621 ], [ 121.053220129379582, 14.623062829824217 ], [ 121.052292320208551, 14.622627672692257 ], [ 121.051540489612989, 14.62229008956912 ], [ 121.050619299504646, 14.621880659450296 ], [ 121.050020243459556, 14.621611971465924 ], [ 121.049635616222304, 14.621456385738728 ], [ 121.049344989259069, 14.621362115346789 ], [ 121.048716186195364, 14.621387284609749 ], [ 121.04819191090931, 14.621583622315645 ], [ 121.047698285483932, 14.621783241169975 ], [ 121.046528502564172, 14.62236571307343 ], [ 121.045321461087028, 14.622979021938033 ], [ 121.044909800916258, 14.623200388290503 ], [ 121.044418048557745, 14.623497951588801 ], [ 121.043697170208063, 14.62386447941584 ], [ 121.043026585068588, 14.624214671866481 ], [ 121.042700607244242, 14.624396114644753 ], [ 121.04242118763095, 14.62449229555307 ], [ 121.041728216579074, 14.624671979183098 ], [ 121.04111346629189, 14.624722860830332 ], [ 121.040552728240101, 14.624697548334041 ], [ 121.039986401876078, 14.624674049209391 ], [ 121.039708907247089, 14.625194683963066 ], [ 121.039554324840353, 14.625455910409073 ], [ 121.039448182920779, 14.62575159440795 ], [ 121.039314108271896, 14.626123466925517 ], [ 121.039211694763125, 14.626440917319883 ], [ 121.039113008940092, 14.626772878502127 ], [ 121.038552547774771, 14.628695711241011 ], [ 121.038505994775562, 14.628837203369555 ], [ 121.038222819750175, 14.628779196554255 ], [ 121.038245151875486, 14.628617754654817 ], [ 121.037352761320363, 14.62830406604796 ], [ 121.036980158712822, 14.628189837989169 ], [ 121.036369094035919, 14.6280230362523 ], [ 121.035452497085359, 14.627760133193437 ], [ 121.034498643526163, 14.627495417063301 ], [ 121.034088784311464, 14.627373933145368 ], [ 121.033867098951987, 14.627397540163365 ], [ 121.03374974147367, 14.62745378539573 ], [ 121.033660326963414, 14.62750277164375 ], [ 121.033637588420788, 14.627551069907105 ], [ 121.033665553241093, 14.627721575147902 ], [ 121.033837404437691, 14.628308131505236 ], [ 121.033908250013496, 14.628745277917449 ], [ 121.033079262516793, 14.628912254274558 ], [ 121.032527844736265, 14.629017523669473 ], [ 121.031950350349703, 14.629167235636416 ], [ 121.031808771017594, 14.62920443636199 ], [ 121.03107478971269, 14.629365953523434 ], [ 121.030282125441687, 14.629535636986517 ], [ 121.029536964043956, 14.629695336519179 ], [ 121.026773338527235, 14.630301441554199 ], [ 121.025428312628009, 14.630595409203746 ], [ 121.023364193788211, 14.631045419070091 ], [ 121.021814237159688, 14.631397425942639 ], [ 121.021646573657847, 14.631440970912047 ], [ 121.021646576502249, 14.631482691064134 ], [ 121.021622363682496, 14.631566132931994 ], [ 121.021559029484166, 14.631662274751475 ], [ 121.021428627070378, 14.631736653799578 ], [ 121.021296358222074, 14.631760243142859 ], [ 121.021214387933085, 14.631762062223158 ], [ 121.021136142375667, 14.631745741845815 ], [ 121.020994571685989, 14.631968862755292 ], [ 121.020776629764427, 14.632358868837098 ], [ 121.020946167363661, 14.632473135379529 ] ] ] } },
{ "type": "Feature", "properties": { "Agency": "LTFRB", "Type": "PUJ", "Route_Code": "PUJ01A", "Route_Name": "Angono - Araneta, Cubao", "Route_Begi": "Manila East Rd./ Quezon, Angono", "Route_End": "Gateway", "Schedule_T": "04:00-22:00", "Trip_Code": "T252", "Schedule_D": "Mondays to Sundays" }, "geometry": { "type": "MultiLineString", "coordinates": [ [ [ 121.052195406143355, 14.622414556016812 ], [ 121.051681202677273, 14.622182474228033 ], [ 121.052202598618791, 14.621159321550691 ], [ 121.052332935214082, 14.620847301646917 ], [ 121.053208125811238, 14.619145670506787 ], [ 121.054068856036707, 14.619566326466421 ], [ 121.054670630543555, 14.619890894969686 ], [ 121.054732111344947, 14.619919905015045 ], [ 121.054964856117493, 14.619402889390622 ], [ 121.055300022830977, 14.618731668854958 ], [ 121.055394995908514, 14.618584721392194 ], [ 121.055471334335991, 14.618410568981288 ], [ 121.055517864649758, 14.618225539273942 ], [ 121.055538339622018, 14.618151617692638 ], [ 121.055638927798626, 14.618126201658708 ], [ 121.055828024458378, 14.618205067368688 ], [ 121.056156860380895, 14.618397273323314 ], [ 121.056271435871949, 14.618442596962593 ], [ 121.056481005765761, 14.618438924370054 ], [ 121.05781223116999, 14.61938187457474 ], [ 121.058132686844871, 14.619570451710684 ], [ 121.058833185843696, 14.619839209537398 ], [ 121.059369735277954, 14.620027736433327 ], [ 121.059569078142616, 14.620096166721872 ], [ 121.059831763570941, 14.620185442468596 ], [ 121.060213680451866, 14.620306887612937 ], [ 121.06080053496099, 14.620517166669341 ], [ 121.061249052195279, 14.620645396814421 ], [ 121.062005433927055, 14.620871958296625 ], [ 121.062603471160699, 14.621091299735287 ], [ 121.062927637398673, 14.621194615078187 ], [ 121.062706056746507, 14.621593731007051 ], [ 121.062313204633341, 14.622446367785855 ], [ 121.062119586817587, 14.622932544604032 ], [ 121.061572177443352, 14.624057304829604 ], [ 121.061492115648832, 14.624229646102114 ], [ 121.061415824990462, 14.624585192370924 ], [ 121.060879566271794, 14.625631949665664 ], [ 121.060423377992961, 14.626555340631437 ], [ 121.060801597294216, 14.626745714504928 ], [ 121.061565489542105, 14.627126458635221 ], [ 121.062490334306247, 14.627566947591797 ], [ 121.062841125119164, 14.627712193599097 ], [ 121.063391333951913, 14.627822565746655 ], [ 121.063924154419468, 14.627909503370514 ], [ 121.064954401852646, 14.62808701166322 ], [ 121.066344213232142, 14.628324282784702 ], [ 121.0668155582173, 14.628407601703405 ], [ 121.067306009857461, 14.62853172786836 ], [ 121.067981867204452, 14.628810440816169 ], [ 121.068566914663492, 14.629113210391791 ], [ 121.069360633424907, 14.629486665190843 ], [ 121.070340681454198, 14.629970715394682 ], [ 121.071637475591814, 14.630590717107353 ], [ 121.073344192406168, 14.631424636806022 ], [ 121.074536738074855, 14.632018121996477 ], [ 121.07565648264945, 14.632566731205037 ], [ 121.075995589786686, 14.632715371694598 ], [ 121.076316040741006, 14.632778763119592 ], [ 121.076761281564572, 14.632749606715132 ], [ 121.077041912083246, 14.632692182981568 ], [ 121.077457951661643, 14.632497261164422 ], [ 121.077724291877757, 14.632297648978454 ], [ 121.077871418240093, 14.632148862709251 ], [ 121.078297859458829, 14.631600928515462 ], [ 121.078637707789113, 14.631165483259792 ], [ 121.0791367133682, 14.630352692961845 ], [ 121.079650652433884, 14.629641476309899 ], [ 121.080201867515385, 14.628991919953883 ], [ 121.080376919529741, 14.628799589206851 ], [ 121.080753039162303, 14.628222643654517 ], [ 121.081088215254468, 14.627772684883366 ], [ 121.081598475337444, 14.62723560121934 ], [ 121.082324760695229, 14.626491659560019 ], [ 121.082797777827736, 14.626016258585546 ], [ 121.083803391070745, 14.624985621556833 ], [ 121.084227985498373, 14.624564651261737 ], [ 121.084656325893391, 14.624205352182374 ], [ 121.084980359495745, 14.623893249318373 ], [ 121.085200095990842, 14.623653737971061 ], [ 121.085334184248438, 14.623541229713695 ], [ 121.086309982652864, 14.622550498063474 ], [ 121.086674967278157, 14.622162194199976 ], [ 121.088250365290975, 14.620540003606772 ], [ 121.089028748767859, 14.619748860689148 ], [ 121.089501745213028, 14.619295213026163 ], [ 121.089810904283411, 14.619095571701282 ], [ 121.090317532102958, 14.618913998327706 ], [ 121.090816727029889, 14.618783216292472 ], [ 121.091196728050335, 14.618728661104866 ], [ 121.091666162494661, 14.618717606752334 ], [ 121.092355455589697, 14.618815305856439 ], [ 121.093100661854336, 14.618981911121162 ], [ 121.09448301472392, 14.619271621176402 ], [ 121.095567291900451, 14.619507019384603 ], [ 121.096901210898423, 14.619782222177001 ], [ 121.097378147837773, 14.619890872076086 ], [ 121.098145700740659, 14.620021174067404 ], [ 121.099226262702814, 14.620263812332727 ], [ 121.102136330961955, 14.620897509343514 ], [ 121.104671927163267, 14.621417050887569 ], [ 121.104727789207757, 14.621362609815145 ], [ 121.104772419996692, 14.621186640909155 ], [ 121.104744443891192, 14.621112282025072 ], [ 121.104105427884747, 14.620996459433783 ], [ 121.103220488423332, 14.620822691759642 ], [ 121.102544202494045, 14.620674229782452 ], [ 121.102041189093754, 14.620583740354354 ], [ 121.101929408480032, 14.620563832991193 ], [ 121.101748013041842, 14.61894407739323 ], [ 121.101658248162821, 14.61813510603076 ], [ 121.101665465503942, 14.6175909272817 ], [ 121.10169132991588, 14.617090274969751 ], [ 121.101735874072517, 14.61670933370206 ], [ 121.101955280072843, 14.615762378041326 ], [ 121.102200827991481, 14.614964152814732 ], [ 121.102665922818204, 14.613559987686417 ], [ 121.103264892037657, 14.611604334306882 ], [ 121.103670440668807, 14.610374327889518 ], [ 121.104146626108019, 14.608817785428977 ], [ 121.104641427635173, 14.607250350483735 ], [ 121.105199476194429, 14.605505123338673 ], [ 121.105552835326009, 14.604249740296702 ], [ 121.105757413618605, 14.603531340612964 ], [ 121.105880227999435, 14.603251944500549 ], [ 121.106099885474407, 14.602932600774537 ], [ 121.106535441975737, 14.602224985280156 ], [ 121.107998413203077, 14.59977918783855 ], [ 121.109070545737907, 14.5980990279323 ], [ 121.109517203671643, 14.597271682971117 ], [ 121.109949031493088, 14.59660396883978 ], [ 121.110686100800336, 14.595442731133121 ], [ 121.111598116830024, 14.593998440519361 ], [ 121.112338876820971, 14.59280091733932 ], [ 121.11389857444567, 14.590347782286285 ], [ 121.114557434982942, 14.58931354255026 ], [ 121.114758418945087, 14.588950664946918 ], [ 121.114806778311348, 14.588810970467273 ], [ 121.114866117284734, 14.588270393861963 ], [ 121.114878862874122, 14.587671793275423 ], [ 121.114902830905834, 14.587169325395578 ], [ 121.114932450437522, 14.586797457360667 ], [ 121.11491187779869, 14.586625144171391 ], [ 121.114932064635525, 14.586008400813974 ], [ 121.114950526287174, 14.585672816387603 ], [ 121.114929959953201, 14.58551320064543 ], [ 121.114952002132128, 14.584881944978846 ], [ 121.114979646961203, 14.584281523383554 ], [ 121.114996238761378, 14.583931428382083 ], [ 121.115008811701586, 14.582980926395317 ], [ 121.115032768363562, 14.582456691223328 ], [ 121.115187089436589, 14.581905186621928 ], [ 121.115613034868673, 14.580733193237812 ], [ 121.11590690860146, 14.579909534297538 ], [ 121.116148627015647, 14.579080457622906 ], [ 121.116323405515288, 14.578478152669028 ], [ 121.116438697898715, 14.578108057884963 ], [ 121.116548347513728, 14.577627316279001 ], [ 121.116752908479057, 14.576994160212372 ], [ 121.11685896538701, 14.576781881002111 ], [ 121.116948311090098, 14.576673003349791 ], [ 121.117009759920265, 14.576645765461141 ], [ 121.117231357132567, 14.576565847997035 ], [ 121.117451140658773, 14.576583883127261 ], [ 121.117674654662565, 14.576612799827162 ], [ 121.118075159648754, 14.576748653541969 ], [ 121.119025183885185, 14.577045682222565 ], [ 121.119489024715193, 14.577199642274536 ], [ 121.119641759935661, 14.577219521633609 ], [ 121.119787041475121, 14.577232148803404 ], [ 121.119924846139739, 14.577192175693261 ], [ 121.120044000693809, 14.577103235588632 ], [ 121.12022457950593, 14.576939894663152 ], [ 121.121030722054684, 14.5763209531129 ], [ 121.121781036338319, 14.575799988232111 ], [ 121.122724997001256, 14.57518641467315 ], [ 121.123583326267777, 14.574663576412703 ], [ 121.123870047313105, 14.574472970663594 ], [ 121.124180984857418, 14.574291422009836 ], [ 121.124424867033767, 14.574099023197016 ], [ 121.124611055572473, 14.573988279876289 ], [ 121.124800956300831, 14.573853953507719 ], [ 121.124959205440788, 14.573739596183771 ], [ 121.125858436616326, 14.573102451608198 ], [ 121.126383469726861, 14.572764793189604 ], [ 121.12704256092016, 14.572358135431553 ], [ 121.127753794489422, 14.571944193109434 ], [ 121.128111306514214, 14.571798893603631 ], [ 121.12852843851087, 14.571693468822438 ], [ 121.12900889349946, 14.571588010159443 ], [ 121.129481918313616, 14.571518832915073 ], [ 121.129906498916952, 14.571413401767481 ], [ 121.130167157208177, 14.571260894480789 ], [ 121.13041294187488, 14.571155556828181 ], [ 121.130718298257207, 14.57100302525849 ], [ 121.130896977366362, 14.5707961429097 ], [ 121.13112032833034, 14.570542074591602 ], [ 121.131302741775485, 14.570353329192018 ], [ 121.131336224936646, 14.570280754334819 ], [ 121.131440554844474, 14.570339651225636 ], [ 121.13151405287212, 14.570218079003567 ], [ 121.131389221360166, 14.570132891172543 ], [ 121.13143107523193, 14.570042172583726 ], [ 121.131435704791016, 14.569995008061465 ], [ 121.131432874385538, 14.569929708270555 ], [ 121.131401165986219, 14.569846284641107 ], [ 121.131285587781989, 14.569655884156267 ], [ 121.131097303563294, 14.56933854756409 ], [ 121.130905315859124, 14.569058398243081 ], [ 121.130715169252937, 14.568739248383464 ], [ 121.130467263683116, 14.568376594744489 ], [ 121.130262214868665, 14.568050196678584 ], [ 121.129994731698645, 14.567644925606547 ], [ 121.129986316513552, 14.567583256578795 ], [ 121.130045885665979, 14.56753243523309 ], [ 121.13025721761278, 14.567437999476077 ], [ 121.130454572137779, 14.567327245600747 ], [ 121.130694746814157, 14.567189259962824 ], [ 121.13084090124967, 14.567108462691429 ], [ 121.131257958393974, 14.566887848846319 ], [ 121.13149068193178, 14.566748959401506 ], [ 121.131744822389336, 14.566609151305819 ], [ 121.131905865093515, 14.566510206149688 ], [ 121.13204455566806, 14.566405831094357 ], [ 121.132079905025492, 14.566341417777187 ], [ 121.132066827653091, 14.566269774731827 ], [ 121.131943779116455, 14.566040379110271 ], [ 121.131928822497159, 14.56593880728887 ], [ 121.131933426259423, 14.565846294614472 ], [ 121.131945493464741, 14.565778265936677 ], [ 121.132007804544941, 14.565637653300836 ], [ 121.132149182428037, 14.56534644239273 ], [ 121.132234769139032, 14.565198561497503 ], [ 121.132380805523766, 14.564912789718559 ], [ 121.132688720898713, 14.564364818373067 ], [ 121.132965019621267, 14.563896676426957 ], [ 121.133271966803719, 14.563288845255535 ], [ 121.133696160052978, 14.562537649847098 ], [ 121.134231953936492, 14.561545140619589 ], [ 121.134591028051815, 14.560915512097345 ], [ 121.13491659762775, 14.5603203659808 ], [ 121.135190062668613, 14.559799619013102 ], [ 121.135381664098645, 14.559418589110843 ], [ 121.135797442160168, 14.558632703048612 ], [ 121.13613734154606, 14.558669700655884 ], [ 121.136276996142072, 14.558633344786477 ], [ 121.136321483604462, 14.558275976611423 ], [ 121.136382771195983, 14.557985714386144 ], [ 121.136436637926607, 14.55774443227409 ], [ 121.136492392343399, 14.557546683337232 ], [ 121.136676513729512, 14.557120308319831 ], [ 121.136910883185067, 14.556635859523148 ], [ 121.13740201815655, 14.555754017166242 ], [ 121.137759129216917, 14.554984712345593 ], [ 121.138172122055209, 14.554240770528233 ], [ 121.138637135777543, 14.55329363878684 ], [ 121.139057615003992, 14.552622248217405 ], [ 121.139451924212693, 14.551791246123457 ], [ 121.14051956847085, 14.549621180721621 ], [ 121.140969811571637, 14.548917118893817 ], [ 121.141513087519911, 14.548086027665597 ], [ 121.142108486867869, 14.547229510011293 ], [ 121.143399640375989, 14.545204415881676 ], [ 121.144601562159679, 14.543465967733335 ], [ 121.145844308652329, 14.541527956936525 ], [ 121.146365261452331, 14.540791191792255 ], [ 121.14664421792213, 14.540199684520136 ], [ 121.146874934689322, 14.539891178651187 ], [ 121.147649099828641, 14.539096213181706 ], [ 121.1482892570193, 14.538417417651939 ], [ 121.148821427802503, 14.537774964503214 ], [ 121.149491260315187, 14.536922010496236 ], [ 121.149829834708854, 14.536395764441398 ], [ 121.150294886141481, 14.535640885325993 ], [ 121.150880823717443, 14.534654654925433 ], [ 121.151141207587457, 14.534168361491787 ], [ 121.151394210869611, 14.533788187178835 ], [ 121.151538326506099, 14.53348154407316 ] ] ] } },
{ "type": "Feature", "properties": { "Agency": "LTFRB", "Type": "PUJ", "Route_Code": "PUJ06A", "Route_Name": "Arroceros - Cubao via Espana", "Route_Begi": "Arlegui, City of Manila", "Route_End": "Eulogio Rodriguez Sr. Ave., Quezon City", "Schedule_T": "04:00-22:00", "Trip_Code": "T348", "Schedule_D": "Mondays to Sundays" }, "geometry": { "type": "MultiLineString", "coordinates": [ [ [ 121.047987008187107, 14.621657349324064 ], [ 121.045502143985118, 14.622880359911855 ], [ 121.044362165350066, 14.623519047478004 ], [ 121.043520210051767, 14.623954523326482 ], [ 121.042946490710477, 14.62427749136971 ], [ 121.042611197035285, 14.624451679793738 ], [ 121.042130592872113, 14.624604122894064 ], [ 121.041478593963191, 14.624713056634379 ], [ 121.04093090468119, 14.624742160706651 ], [ 121.039986401876078, 14.624674049209391 ], [ 121.03734663782879, 14.624463317528818 ], [ 121.032756402415416, 14.624086582587864 ], [ 121.031362947076943, 14.624025061555669 ], [ 121.030982907381585, 14.623948916969207 ], [ 121.02951489609292, 14.623488330105474 ], [ 121.027897855152816, 14.622980585692591 ], [ 121.026370239477828, 14.622465566770991 ], [ 121.024662861475846, 14.621933319556907 ], [ 121.024577170134037, 14.621947837552835 ], [ 121.024036922315375, 14.621791881392284 ], [ 121.023895336780427, 14.621706637651146 ], [ 121.023163207777358, 14.621472695013114 ], [ 121.022438533122056, 14.621256888774314 ], [ 121.021086059395302, 14.620856100179719 ], [ 121.020493653926437, 14.620662046673337 ], [ 121.019668386946634, 14.620400889741555 ], [ 121.017842748072212, 14.619847738937152 ], [ 121.01637665407911, 14.619385255069817 ], [ 121.015078225101291, 14.618971731801976 ], [ 121.014415046414356, 14.618917337338694 ], [ 121.01214608343426, 14.618725126698061 ], [ 121.010406175216431, 14.618576420043675 ], [ 121.009892026066183, 14.618456709043048 ], [ 121.00785406548647, 14.618326126575946 ], [ 121.006434573352863, 14.618213666758916 ], [ 121.005266567224609, 14.618104827711161 ], [ 121.004655553018992, 14.618081242440336 ], [ 121.004271806450959, 14.61805765794522 ], [ 121.003780015299171, 14.617992351335259 ], [ 121.002818787252906, 14.617907083412019 ], [ 121.002237580478038, 14.617829074627865 ], [ 121.002051295678839, 14.617836326757725 ], [ 121.001960016197316, 14.617836324960127 ], [ 121.001937661503348, 14.617861719420837 ], [ 121.002014035626345, 14.617986881543942 ], [ 121.002192865512683, 14.618162835410139 ], [ 121.002667885413942, 14.618538325713406 ], [ 121.003168986064196, 14.618968233072787 ], [ 121.002973384300674, 14.619082507182167 ], [ 121.002228255491374, 14.618373251007121 ], [ 121.001788631236138, 14.617977807394794 ], [ 121.001736937988596, 14.617942434846487 ], [ 121.001667546991698, 14.617939259026373 ], [ 121.001598622313523, 14.617909327847936 ], [ 121.001554846077184, 14.617879850674766 ], [ 121.001522712946155, 14.617837222813328 ], [ 121.001503619750977, 14.617794595232541 ], [ 121.00150148804471, 14.617735867383272 ], [ 121.001512870222641, 14.617671746871304 ], [ 121.001375089318472, 14.617542457243104 ], [ 121.000837205022634, 14.617084429277696 ], [ 121.00049351991575, 14.616761542412133 ], [ 120.998767656603135, 14.615190634236967 ], [ 120.998203240926912, 14.614661856238104 ], [ 120.997042750162606, 14.61359794604704 ], [ 120.99607785496795, 14.612739919117612 ], [ 120.995064538340159, 14.611809328832477 ], [ 120.994685477186053, 14.611479175819358 ], [ 120.994400485067587, 14.611203444807897 ], [ 120.993300566300618, 14.61022023842656 ], [ 120.992514515572594, 14.609538157193063 ], [ 120.990635098860949, 14.607807553310501 ], [ 120.988664438990838, 14.606051532117824 ], [ 120.98811310976626, 14.60552545119898 ], [ 120.987952922140664, 14.605427486566274 ], [ 120.987621361535957, 14.605340391486614 ], [ 120.986883729902772, 14.605184332865047 ], [ 120.985650623895225, 14.604890369731619 ], [ 120.985332106079795, 14.604783319404527 ], [ 120.985274363694771, 14.604757919199352 ], [ 120.985138463655574, 14.603936199200406 ], [ 120.985021167079182, 14.603368430159911 ], [ 120.984741893324355, 14.602002519258319 ], [ 120.984638202467465, 14.60165132485705 ], [ 120.984432811968688, 14.600714603789672 ], [ 120.984283873715896, 14.599941857740411 ], [ 120.984123735308359, 14.599415804226174 ], [ 120.983874252394401, 14.59826937961272 ], [ 120.983773709865545, 14.597859422776516 ], [ 120.98353165282478, 14.59698508713468 ], [ 120.983386394555225, 14.596698472570477 ], [ 120.983136814285317, 14.596535194352729 ], [ 120.983397622669969, 14.596201458202067 ], [ 120.983550348297243, 14.596324820246528 ], [ 120.983755218643026, 14.59654613925672 ], [ 120.983866960602825, 14.596722100903131 ], [ 120.983915354849486, 14.597064937449137 ], [ 120.983997278497284, 14.59739689367523 ], [ 120.984409003023984, 14.597321472751133 ], [ 120.985016177831142, 14.597228295110751 ] ] ] } },
{ "type": "Feature", "properties": { "Agency": "LTFRB", "Type": "PUJ", "Route_Code": "PUJ07A", "Route_Name": "Arroceros - Project 2 & 3 via Timog, Quezon City", "Route_Begi": "Mayor Antonio J. Villegas Rd., Manila", "Route_End": "Molave/Banuyo Intersection, Quezon City", "Schedule_T": "04:00-22:00", "Trip_Code": null, "Schedule_D": "Mondays to Sundays" }, "geometry": { "type": "MultiLineString", "coordinates": [ [ [ 121.069043213983448, 14.630237939646719 ], [ 121.067575946916932, 14.629535434811563 ], [ 121.067005821573318, 14.629299773891676 ], [ 121.066927571074075, 14.629274399304828 ], [ 121.065499559206287, 14.629023536977666 ], [ 121.065083172492351, 14.628949271207903 ], [ 121.064765531825955, 14.628913072358111 ], [ 121.063934622040676, 14.628762723066133 ], [ 121.063069247545542, 14.628606483924312 ], [ 121.062933305716129, 14.628812396672348 ], [ 121.062798282871071, 14.628970240258061 ], [ 121.062653008134617, 14.629106319201236 ], [ 121.062500273876353, 14.629212470176963 ], [ 121.062180829192641, 14.629410263808985 ], [ 121.061916345349132, 14.629626183147041 ], [ 121.061785043319119, 14.629768606943028 ], [ 121.061654695205718, 14.630001726392386 ], [ 121.061401446587226, 14.630454358916641 ], [ 121.061216173280485, 14.630819907111787 ], [ 121.060908913978849, 14.631341480653308 ], [ 121.060735733696006, 14.631647166302249 ], [ 121.060620269774603, 14.631809538849224 ], [ 121.060542988039927, 14.631937438039092 ], [ 121.060445217355579, 14.632080760250108 ], [ 121.059971204195648, 14.632542511690747 ], [ 121.059643463336982, 14.632814674380745 ], [ 121.059201047368632, 14.633302718857315 ], [ 121.059107024893834, 14.633545805171835 ], [ 121.058983229396745, 14.633935825546649 ], [ 121.058873450093799, 14.63451267630052 ], [ 121.058687143553442, 14.634479160560613 ], [ 121.057961461988214, 14.634270721138169 ], [ 121.057094186196508, 14.634023310945116 ], [ 121.056868750692487, 14.63395896561264 ], [ 121.05645793129014, 14.633817568287864 ], [ 121.055471421300552, 14.633538433952738 ], [ 121.054279040275588, 14.633191315714077 ], [ 121.053281355285407, 14.63289947692531 ], [ 121.051774122131334, 14.632468968452788 ], [ 121.05044947536031, 14.632088298658202 ], [ 121.048647887696319, 14.631566222212571 ], [ 121.046747567814009, 14.631022381794534 ], [ 121.04610853878431, 14.630828401711389 ], [ 121.045655812999286, 14.630672481007737 ], [ 121.044834209982724, 14.630440435654906 ], [ 121.043457422231697, 14.63004522316149 ], [ 121.041741569994173, 14.629566613608043 ], [ 121.040457945267221, 14.629204019810254 ], [ 121.039477999174906, 14.628944769677373 ], [ 121.038842713133846, 14.62878341962548 ], [ 121.038566986428179, 14.628701831239196 ], [ 121.03803043918218, 14.62855316283253 ], [ 121.037324351160237, 14.628301122177341 ], [ 121.036258711503805, 14.627994707833897 ], [ 121.03457083504594, 14.627519669586709 ], [ 121.034395711607161, 14.627454389426676 ], [ 121.034077139750352, 14.627363731218525 ], [ 121.033913197052925, 14.627322030337007 ], [ 121.033641204717085, 14.627280341908557 ], [ 121.033574140715288, 14.627291233205343 ], [ 121.033596523101934, 14.62751434278813 ], [ 121.033908250013496, 14.628745277917449 ], [ 121.034230239967926, 14.630082779059007 ], [ 121.034616069395796, 14.631649959476219 ], [ 121.034748416307707, 14.632250350838548 ], [ 121.034837904197317, 14.632761865250993 ], [ 121.034972109300412, 14.633315094302397 ], [ 121.035208842775631, 14.634359882738824 ], [ 121.035214465010213, 14.63461655158715 ], [ 121.035187459911896, 14.634680042069231 ], [ 121.035151136803464, 14.634719952744256 ], [ 121.035125994546235, 14.63478253603075 ], [ 121.035120411790814, 14.634830605567155 ], [ 121.034809309348645, 14.634962152596966 ], [ 121.034501922657014, 14.635015700251149 ], [ 121.033088879492936, 14.635312441074781 ], [ 121.030562721353093, 14.635876843613239 ], [ 121.027082712280347, 14.636653533147548 ], [ 121.026698935552176, 14.636678961471286 ], [ 121.026307708332894, 14.636722528981634 ], [ 121.025851275430696, 14.636762473400369 ], [ 121.025629578499874, 14.63677156122848 ], [ 121.023177278167395, 14.635193866100414 ], [ 121.022661668616223, 14.634832705615318 ], [ 121.02216056187801, 14.634539054810803 ], [ 121.021836385556085, 14.634299638924896 ], [ 121.020304956676171, 14.633414541526479 ], [ 121.018648655295578, 14.632391412534814 ], [ 121.016752096550817, 14.631172548986166 ], [ 121.015604479492893, 14.630330937419478 ], [ 121.015224425829402, 14.630037096787227 ], [ 121.014704704119751, 14.629572922007151 ], [ 121.014415874956356, 14.629166443740143 ], [ 121.013005649607535, 14.627911424116846 ], [ 121.01159532260985, 14.626601638087907 ], [ 121.011011346003087, 14.626138136511139 ], [ 121.00969424636385, 14.624879977032561 ], [ 121.008188077103753, 14.623518191099212 ], [ 121.006591518370371, 14.62209228450245 ], [ 121.005733722315497, 14.621300222846214 ], [ 121.004508834037964, 14.620162262824588 ], [ 121.003197394166449, 14.618997709716485 ], [ 121.002061071519819, 14.618036311834489 ], [ 121.001960480301534, 14.617912963168848 ], [ 121.00189441575256, 14.61778351728486 ], [ 121.001898226789962, 14.617702077225907 ], [ 121.001889209543535, 14.617669305503041 ], [ 121.001854500730119, 14.617610764095748 ], [ 121.001801322775435, 14.617567312505122 ], [ 121.001736089721973, 14.617544191624354 ], [ 121.001648187268415, 14.617549012020232 ], [ 121.001614380728938, 14.617561430736663 ], [ 121.001511601264554, 14.617524944577086 ], [ 121.000770148667442, 14.6168608617222 ], [ 120.999730714058018, 14.615921221772146 ], [ 120.998350403742734, 14.614660501048126 ], [ 120.997070696565601, 14.613499541892262 ], [ 120.995863650714981, 14.612365787798065 ], [ 120.995038468800658, 14.611625667855192 ], [ 120.994276624371452, 14.610936338145304 ], [ 120.993343417715906, 14.610096440616841 ], [ 120.992564820239522, 14.609385337198406 ], [ 120.991465853037056, 14.608358587916955 ], [ 120.990184355172289, 14.607204845954229 ], [ 120.989044430972982, 14.6061581290401 ], [ 120.988161540363606, 14.605326806256754 ], [ 120.988040968956028, 14.605250878611079 ], [ 120.987738726559385, 14.60519585395274 ], [ 120.986522381444175, 14.604929899229845 ], [ 120.985563093734498, 14.604695818521524 ], [ 120.985420781013588, 14.604660382521656 ], [ 120.985354476730194, 14.60459784772714 ], [ 120.985153397361756, 14.60360742684677 ], [ 120.985000738423736, 14.602740357042892 ], [ 120.984831318947187, 14.601846076648497 ], [ 120.984794091067684, 14.601578632704397 ], [ 120.984570667694513, 14.600556351933717 ], [ 120.984148046224391, 14.5984702982913 ], [ 120.983809188033561, 14.59701186979775 ], [ 120.983760330926216, 14.596652105867133 ], [ 120.983568085244741, 14.596484163983787 ], [ 120.983248954849742, 14.596333372902112 ], [ 120.981548117592766, 14.59513603940823 ], [ 120.980615924177869, 14.59457736185214 ], [ 120.97992871501063, 14.594156510324622 ], [ 120.979824445390875, 14.593837247503147 ], [ 120.980088055224016, 14.592970051115989 ], [ 120.980150556777332, 14.592593385204939 ], [ 120.980147760985773, 14.592148037752958 ], [ 120.980211122463828, 14.591852686815749 ], [ 120.980378808368499, 14.59143550276772 ], [ 120.981894979195431, 14.591482830222933 ], [ 120.981883859339618, 14.590982185491839 ] ] ] } },
{ "type": "Feature", "properties": { "Agency": "LTFRB", "Type": "PUJ", "Route_Code": "PUJ08A", "Route_Name": "Arroceros - Project 7 via Espana", "Route_Begi": "Padre Burgos St., City of Manila", "Route_End": "FHELSEN, Epifanio de los Santos Avenue, Quezon City", "Schedule_T": "04:00-22:00", "Trip_Code": null, "Schedule_D": "Mondays to Sundays" }, "geometry": { "type": "MultiLineString", "coordinates": [ [ [ 120.980138362036527, 14.59283945417778 ], [ 120.979924079772161, 14.593496070856562 ], [ 120.979824445390875, 14.593837247503147 ], [ 120.97992871501063, 14.594156510324622 ], [ 120.980723018119079, 14.594649817395076 ], [ 120.981730641509913, 14.595281172952637 ], [ 120.98279227789385, 14.596005039834624 ], [ 120.983248955644527, 14.596333372743842 ], [ 120.983546607142941, 14.596476736107189 ], [ 120.983760330926216, 14.596652105867133 ], [ 120.983896707525673, 14.597265827831908 ], [ 120.984069848608797, 14.59812564503352 ], [ 120.98428581163428, 14.599195881412131 ], [ 120.98445337417624, 14.599990396372235 ], [ 120.984769016204879, 14.601441735755781 ], [ 120.985095689761522, 14.603227517813488 ], [ 120.9853715322147, 14.604647586545651 ], [ 120.985426559705402, 14.604689274881279 ], [ 120.985702792066817, 14.604768388031475 ], [ 120.987375494931484, 14.605164987597734 ], [ 120.9880460673416, 14.605330902551774 ], [ 120.988403691864363, 14.605595763591301 ], [ 120.989934762000956, 14.606988971356447 ], [ 120.991093322715869, 14.608030243320373 ], [ 120.993566939397908, 14.610301426519744 ], [ 120.995038468800658, 14.611625667855192 ], [ 120.996379623138921, 14.612870081487946 ], [ 120.998608037795677, 14.614835366376303 ], [ 120.999654340371293, 14.615846055109557 ], [ 121.000510347370735, 14.616627029193944 ], [ 121.00140163722331, 14.617441331688015 ], [ 121.001511601264554, 14.617524944577086 ], [ 121.001601435545211, 14.617567308307741 ], [ 121.001666669622708, 14.617544190166614 ], [ 121.001701379737838, 14.617541233913197 ], [ 121.001769744932574, 14.617552973431653 ], [ 121.00182986377564, 14.617586773160065 ], [ 121.00188131494464, 14.617648128984209 ], [ 121.001901805353285, 14.61768984960178 ], [ 121.001898225353145, 14.617769674207644 ], [ 121.00189441575256, 14.61778351728486 ], [ 121.001972588372027, 14.617933823510873 ], [ 121.002061071519819, 14.618036311834489 ], [ 121.002319071807293, 14.618253080371057 ], [ 121.003401374249123, 14.619183639574702 ], [ 121.004334772638401, 14.619997123494359 ], [ 121.005251181916151, 14.620866976778704 ], [ 121.006154673278303, 14.621672361316646 ], [ 121.007203476773029, 14.622646436626628 ], [ 121.009269441264095, 14.624522016363755 ], [ 121.009936369502626, 14.625116973768931 ], [ 121.010700175367816, 14.625849785513575 ], [ 121.011634503649233, 14.626667108436227 ], [ 121.013005649607535, 14.627911424116846 ], [ 121.013584049717792, 14.628483529257968 ], [ 121.014802449015505, 14.62953193532711 ], [ 121.015175050585896, 14.629854799656052 ], [ 121.015274784399452, 14.630055404169957 ], [ 121.016214615942175, 14.630783486017101 ], [ 121.017254180756069, 14.631519892170376 ], [ 121.018502407076227, 14.632296189283343 ], [ 121.019564338066431, 14.632960027092361 ], [ 121.020304956676171, 14.633414541526479 ], [ 121.021086447470324, 14.633868710933779 ], [ 121.021910208990349, 14.634337726383805 ], [ 121.021749717007765, 14.634568841529466 ], [ 121.020132585071451, 14.633611191808987 ], [ 121.018858263365999, 14.632824021393326 ], [ 121.018712482218064, 14.63275986162447 ], [ 121.018578350575595, 14.632803402634638 ], [ 121.018124292998138, 14.633607672089354 ], [ 121.017974813647697, 14.634087687847327 ], [ 121.01799394833597, 14.634844771451899 ], [ 121.018113216238461, 14.635544938361512 ], [ 121.01828791291436, 14.636315165008773 ], [ 121.018302663540098, 14.636809361786186 ], [ 121.018185757256887, 14.637203612743543 ], [ 121.017975917159845, 14.637571655384544 ], [ 121.01756934923074, 14.638113473765488 ], [ 121.016965767383354, 14.638875347271213 ], [ 121.016644882557983, 14.639337230359034 ], [ 121.01647403964931, 14.639726963124726 ], [ 121.016413907489977, 14.640244199434866 ], [ 121.016399021433088, 14.640654145603804 ], [ 121.016500117320803, 14.641233461460526 ], [ 121.016723747081883, 14.642637424431797 ], [ 121.016954830604604, 14.64401236400095 ], [ 121.017226915253516, 14.645604971409393 ], [ 121.017663797309851, 14.648240326568686 ], [ 121.017819550297446, 14.649047758488921 ], [ 121.017934676563669, 14.650587088096248 ], [ 121.018166257943832, 14.652269257596098 ], [ 121.018326540871058, 14.653266903578979 ], [ 121.018538540822817, 14.654505117340973 ], [ 121.018889349743532, 14.655755567403739 ], [ 121.019064518006573, 14.656296105001854 ], [ 121.019291843076246, 14.656611714040556 ], [ 121.019392006125869, 14.65691213834377 ], [ 121.0195708869757, 14.657182401863212 ], [ 121.019701924231143, 14.657450319464429 ], [ 121.019708784661105, 14.657559688579211 ], [ 121.02000735924257, 14.657554910002251 ], [ 121.020465699879111, 14.657522232603975 ], [ 121.021550060856327, 14.657366168581417 ], [ 121.023010771578157, 14.657064959962648 ], [ 121.024069969059582, 14.656826352801751 ] ] ] } },
{ "type": "Feature", "properties": { "Agency": "LTFRB", "Type": "PUJ", "Route_Code": "PUJ09A", "Route_Name": "Arroceros - Project 8 via Espana", "Route_Begi": "Padre Burgos St., City of Manila", "Route_End": "General Avenue/Gsisea Street Intersection, Quezon City", "Schedule_T": "04:00-22:00", "Trip_Code": "T367", "Schedule_D": "Mondays to Sundays" }, "geometry": { "type": "MultiLineString", "coordinates": [ [ [ 121.026240899648414, 14.676189033097069 ], [ 121.026270703823201, 14.676085637548013 ], [ 121.026289769061876, 14.675706301431138 ], [ 121.026204001776136, 14.675102275731563 ], [ 121.026002693609868, 14.674325937929735 ], [ 121.02572500081628, 14.673663882734036 ], [ 121.025432429791721, 14.672956567385672 ], [ 121.024801727720401, 14.673432068113 ], [ 121.024720185667292, 14.67340933534469 ], [ 121.024638193375452, 14.673331343469869 ], [ 121.024564113483677, 14.673170817903872 ], [ 121.024524469484021, 14.672574950478138 ], [ 121.023959877934033, 14.672460716878712 ], [ 121.023335649137891, 14.672188675756237 ], [ 121.023210806030619, 14.672166917769516 ], [ 121.022873609154686, 14.67299590004145 ], [ 121.019305334165509, 14.672442879442132 ], [ 121.018357821273355, 14.672051124144351 ], [ 121.019336556936949, 14.670173164465945 ], [ 121.019856683049028, 14.669290266769575 ], [ 121.020365298883306, 14.668334304519721 ], [ 121.020911306897588, 14.667235421111883 ], [ 121.021288495677496, 14.666538023985368 ], [ 121.021591166036544, 14.66589383380061 ], [ 121.021796094449115, 14.665469364510406 ], [ 121.021993561523942, 14.664936740869978 ], [ 121.022123949644907, 14.664384621953401 ], [ 121.022282277586058, 14.663719584865335 ], [ 121.022908335563358, 14.66387372447012 ], [ 121.022945588674844, 14.663717725190516 ], [ 121.021812724860979, 14.663462040228707 ], [ 121.021389764578331, 14.66336230225486 ], [ 121.021073006232513, 14.663223784484206 ], [ 121.020845683058354, 14.663082313196242 ], [ 121.020672394737034, 14.662956029950495 ], [ 121.020514007289904, 14.662748572992573 ], [ 121.020383572107477, 14.662598706061333 ], [ 121.020288532654433, 14.662357461007385 ], [ 121.020202804463594, 14.66203458919154 ], [ 121.019962311162573, 14.659762901207076 ], [ 121.019897042409667, 14.658823977009225 ], [ 121.019813164986346, 14.658261667995776 ], [ 121.019775872561269, 14.657782796404012 ], [ 121.020631071061814, 14.657739212327163 ], [ 121.021160213899563, 14.657721040596142 ], [ 121.022179359889122, 14.65750693242112 ], [ 121.024223233064461, 14.657048999376073 ], [ 121.025983900903185, 14.656654105735548 ], [ 121.025929849670362, 14.656435533393337 ], [ 121.023539439018151, 14.656945657053312 ], [ 121.021838384283313, 14.65731286606986 ], [ 121.020334812772248, 14.657544460849257 ], [ 121.019708784661105, 14.657559688579211 ], [ 121.019696477747658, 14.657423897320207 ], [ 121.019555978517289, 14.657130932837285 ], [ 121.019417076954241, 14.656908726612935 ], [ 121.019356452978158, 14.65672562562445 ], [ 121.019228557934582, 14.656382545756443 ], [ 121.019191615250477, 14.656283913108854 ], [ 121.018538540822817, 14.654505117340973 ], [ 121.018244069459399, 14.652752208960457 ], [ 121.017919769121519, 14.650539246768975 ], [ 121.017800450861643, 14.648997423214153 ], [ 121.017503072246512, 14.6472156114546 ], [ 121.017286087272041, 14.646000856187607 ], [ 121.017006540853799, 14.644226857465364 ], [ 121.016671102348411, 14.642344025481329 ], [ 121.016399021433088, 14.640654145603804 ], [ 121.016610961696927, 14.640436923483202 ], [ 121.016413907489977, 14.640244199434866 ], [ 121.01647403964931, 14.639726963124726 ], [ 121.016644882557983, 14.639337230359034 ], [ 121.017047269543994, 14.638766961989429 ], [ 121.0178276471092, 14.637853333550909 ], [ 121.018167655082237, 14.637341355648966 ], [ 121.018273314624096, 14.637054253781798 ], [ 121.018325288372182, 14.636841003119086 ], [ 121.018335498157569, 14.636525694198204 ], [ 121.01827027481248, 14.635975982145734 ], [ 121.018039257719082, 14.634663314785307 ], [ 121.018026444852183, 14.634088292339312 ], [ 121.018124292998138, 14.633607672089354 ], [ 121.018622067230993, 14.632848187219578 ], [ 121.018712482218064, 14.63275986162447 ], [ 121.019841483886822, 14.633433897936134 ], [ 121.021749717007765, 14.634568841529466 ], [ 121.021910208990349, 14.634337726383805 ], [ 121.021255129502777, 14.633955768498966 ], [ 121.020219274240404, 14.633355424121435 ], [ 121.018502407076227, 14.632296189283343 ], [ 121.0165528124422, 14.631045753265377 ], [ 121.015224425829402, 14.630037096787227 ], [ 121.015139943106647, 14.629788762922843 ], [ 121.013314152688721, 14.628202389429127 ], [ 121.011243301083042, 14.626317766817756 ], [ 121.00771577311275, 14.623117260619011 ], [ 121.003761909637944, 14.619497452682854 ], [ 121.002014035626345, 14.617986881543942 ], [ 121.001937661503348, 14.617861719420837 ], [ 121.001898225353145, 14.617769674207644 ], [ 121.00188131494464, 14.617648128984209 ], [ 121.001854500730119, 14.617610764095748 ], [ 121.001801322775435, 14.617567312505122 ], [ 121.001736089721973, 14.617544191624354 ], [ 121.001666669622708, 14.617544190166614 ], [ 121.001614380728938, 14.617561430736663 ], [ 121.001511601264554, 14.617524944577086 ], [ 120.999455100028584, 14.615659101733305 ], [ 120.995384014042216, 14.61190088279743 ], [ 120.9918216943056, 14.608711418817489 ], [ 120.988685024085314, 14.605823432794558 ], [ 120.988121973827987, 14.60529630066703 ], [ 120.987940826071522, 14.605217648507827 ], [ 120.987165088281714, 14.60509048591712 ], [ 120.985597639168716, 14.604687466824881 ], [ 120.985420781013588, 14.604660382521656 ], [ 120.985354476730194, 14.60459784772714 ], [ 120.985231674030757, 14.603962056173026 ], [ 120.984997098329714, 14.602648753534961 ], [ 120.984717831905741, 14.601219355168633 ], [ 120.984019657157177, 14.597885295134031 ], [ 120.983785072052811, 14.596795103396582 ], [ 120.983760330926216, 14.596652105867133 ], [ 120.983546607142941, 14.596476736107189 ], [ 120.98304379685699, 14.596163783810001 ], [ 120.981952357170613, 14.595432659233383 ], [ 120.980594581065873, 14.594569083440486 ], [ 120.97992871501063, 14.594156510324622 ], [ 120.979824445390875, 14.593837247503147 ], [ 120.979985644820104, 14.593317406215862 ], [ 120.980138362036527, 14.59283945417778 ] ] ] } },
{ "type": "Feature", "properties": { "Agency": "LTFRB", "Type": "PUJ", "Route_Code": "PUJ10A", "Route_Name": "Aurora/Lauan - Quezon Memorial Circle", "Route_Begi": "Kalayaan Ave./Elliptical Rd. Intersection, Quezon City", "Route_End": "Anson Square, Quezon City", "Schedule_T": "04:00-22:00", "Trip_Code": "T251", "Schedule_D": "Mondays to Sundays" }, "geometry": { "type": "MultiLineString", "coordinates": [ [ [ 121.06459421036601, 14.628884545848196 ], [ 121.063069247545542, 14.628606483924312 ], [ 121.062933305716129, 14.628812396672348 ], [ 121.062798282871071, 14.628970240258061 ], [ 121.062653008134617, 14.629106319201236 ], [ 121.062437020598736, 14.629253298529532 ], [ 121.062209773682781, 14.62938032723453 ], [ 121.061893137445949, 14.629636165212609 ], [ 121.061785043319119, 14.629768606943028 ], [ 121.061401446587226, 14.630454358916641 ], [ 121.060908913978849, 14.631341480653308 ], [ 121.060699495015157, 14.631698871410165 ], [ 121.060445217355579, 14.632080760250108 ], [ 121.059621119001349, 14.632861841355334 ], [ 121.059179696963582, 14.633291840167349 ], [ 121.058928348718396, 14.633939465723452 ], [ 121.058757088580961, 14.634507260639472 ], [ 121.058698437910053, 14.634648759409181 ], [ 121.05863140264681, 14.634785725240452 ], [ 121.058577399685618, 14.634886409774094 ], [ 121.058533652510846, 14.635026998211769 ], [ 121.05851042719884, 14.635290928513426 ], [ 121.058424790008544, 14.635548523993688 ], [ 121.058136003551667, 14.635453357384105 ], [ 121.057352565068882, 14.635238580153661 ], [ 121.057006042683724, 14.635213260574174 ], [ 121.056631599343817, 14.635293153747842 ], [ 121.056285121866935, 14.635467364109774 ], [ 121.056013170172818, 14.635670580843977 ], [ 121.05583808050929, 14.635813917488559 ], [ 121.05562758599072, 14.635922797010771 ], [ 121.05536678146953, 14.635991780683018 ], [ 121.054657016045226, 14.636162436596852 ], [ 121.053913728317582, 14.636392956467775 ], [ 121.053312001626281, 14.636501913079536 ], [ 121.052829510018626, 14.636627169754757 ], [ 121.052574282970241, 14.636648987317503 ], [ 121.052086202348676, 14.636777871393589 ], [ 121.050491530911884, 14.63708654362831 ], [ 121.049846954245155, 14.637210010712151 ], [ 121.049064532238845, 14.637427824949306 ], [ 121.048092078969162, 14.637632973080377 ], [ 121.047708301695053, 14.637651180354439 ], [ 121.046620351089373, 14.637921643766987 ], [ 121.046121084090871, 14.638039633757478 ], [ 121.046430586458342, 14.639378252580281 ], [ 121.046764319705929, 14.640758586757343 ], [ 121.047053326300642, 14.64204279042929 ], [ 121.047754394641728, 14.645051956379286 ], [ 121.048403308871983, 14.648026664353376 ], [ 121.048418274228951, 14.648345910987588 ], [ 121.04842577757131, 14.648614369290732 ], [ 121.048284222701426, 14.648832064687019 ], [ 121.048165019392016, 14.649020733336734 ], [ 121.047874413776512, 14.649231199401251 ], [ 121.047367752291223, 14.649797230690965 ], [ 121.047047360307161, 14.650145558576085 ], [ 121.04674191720764, 14.650740576046395 ], [ 121.046578059711464, 14.651277523474404 ], [ 121.046540901017053, 14.651850727358616 ], [ 121.046548487690089, 14.652590803797279 ], [ 121.046645463215924, 14.653098683577861 ], [ 121.046958568324044, 14.653628292868515 ], [ 121.047249284988524, 14.653983769714806 ], [ 121.047644318943071, 14.654230392850184 ], [ 121.048240559452694, 14.65439716706816 ], [ 121.048754795631211, 14.654426097048146 ], [ 121.049246657232331, 14.654367962045715 ], [ 121.049745952718069, 14.654215501010828 ], [ 121.050431529475972, 14.653896123619658 ], [ 121.051005255457909, 14.653279283411658 ], [ 121.051504457077485, 14.652684223159529 ], [ 121.051792195563166, 14.652204103242829 ], [ 121.052003475164952, 14.651211226510469 ], [ 121.052010763259929, 14.650413101994483 ], [ 121.051951066153819, 14.650037632987079 ], [ 121.051764673390096, 14.649642235509749 ], [ 121.051485125754525, 14.649246855863529 ] ] ] } },
{ "type": "Feature", "properties": { "Agency": "LTFRB", "Type": "PUJ", "Route_Code": "PUJ11A", "Route_Name": "Bagong Nayon II - Marikina", "Route_Begi": "Marcos Hwy., San Isidro, Antipolo City", "Route_End": "Marikina Elementary School, Marikina City", "Schedule_T": "04:00-22:00", "Trip_Code": "T230", "Schedule_D": "Mondays to Sundays" }, "geometry": { "type": "MultiLineString", "coordinates": [ [ [ 121.097887924662786, 14.631663683061163 ], [ 121.09805882717167, 14.630480941811113 ], [ 121.098133068504694, 14.629813390961393 ], [ 121.098211106010552, 14.629316346829645 ], [ 121.099586024897704, 14.62947905463872 ], [ 121.100096504768857, 14.629558662680042 ], [ 121.100722470470956, 14.629598316777919 ], [ 121.101232949456389, 14.629674294489325 ], [ 121.101814219096553, 14.629746614319185 ], [ 121.101958897457877, 14.628284537538297 ], [ 121.102163149720468, 14.626735368007378 ], [ 121.102278172987496, 14.6256324586333 ], [ 121.102300295301845, 14.625095529771935 ], [ 121.102270184043959, 14.62439174185222 ], [ 121.102015792654996, 14.621990218047042 ], [ 121.101940786026134, 14.620851107743258 ], [ 121.104671927163267, 14.621417050887569 ], [ 121.106903939668967, 14.621886586106713 ], [ 121.111416279410207, 14.622835093525822 ], [ 121.111395927045905, 14.623128957403976 ], [ 121.111792752340634, 14.623192265748713 ], [ 121.111859696199289, 14.6229401009165 ], [ 121.113620289503999, 14.623282129540582 ], [ 121.116468948517209, 14.623888466343232 ], [ 121.118518359426844, 14.624337342611977 ], [ 121.119960405771238, 14.624655895004286 ], [ 121.119956860533364, 14.625007796682949 ], [ 121.121957745133685, 14.625249879591744 ], [ 121.12206570639178, 14.625082945743236 ], [ 121.124226894482192, 14.625495437844844 ], [ 121.124562217695654, 14.625495268324627 ], [ 121.125479641651452, 14.625387780966536 ], [ 121.125543044417142, 14.625506560164377 ], [ 121.125659456537008, 14.625470222373268 ], [ 121.125660318580501, 14.625341433835828 ], [ 121.125876406296527, 14.625324091111244 ], [ 121.12598442833054, 14.625275060035037 ], [ 121.126878553472821, 14.625147626030291 ], [ 121.129259136731051, 14.624772718193594 ], [ 121.131058540982792, 14.624492420887936 ], [ 121.133100187562789, 14.624335324665914 ], [ 121.134024179935579, 14.624327565568127 ], [ 121.13612563733669, 14.624515054260394 ], [ 121.13756389531838, 14.624684758489604 ], [ 121.139598466956016, 14.625158852119903 ], [ 121.14143927166711, 14.625578622632956 ], [ 121.143361907521694, 14.625766149312804 ], [ 121.144613835775189, 14.625852479074606 ], [ 121.144841101494052, 14.625837833023754 ], [ 121.145057157900155, 14.625772403778114 ], [ 121.145507887980827, 14.625623394434836 ], [ 121.146759408755528, 14.625067586839259 ], [ 121.14738793697542, 14.624813201176444 ], [ 121.148094303309136, 14.624505948170002 ], [ 121.148603107442867, 14.624174024151539 ], [ 121.149206528110739, 14.62393059098112 ], [ 121.149523191521538, 14.62388686300854 ], [ 121.15138979893014, 14.623871199386153 ], [ 121.152731101949755, 14.623903012612773 ], [ 121.152895021951295, 14.623881142780551 ], [ 121.153990237192559, 14.623633760180455 ], [ 121.154660755559433, 14.623451943612324 ], [ 121.15583423963615, 14.623251664427894 ], [ 121.156463816123292, 14.623135169848466 ], [ 121.156910836774799, 14.623029674880557 ], [ 121.157845892446772, 14.622865817558228 ], [ 121.158129030587929, 14.622836610992747 ], [ 121.158456905228832, 14.622847281067305 ], [ 121.158743846458364, 14.622930534005098 ], [ 121.159675659586853, 14.623466842605307 ], [ 121.160007349148799, 14.623604482015601 ], [ 121.160353858920971, 14.62362239279976 ], [ 121.161255468775977, 14.623581890067401 ], [ 121.161717472538967, 14.623592466488773 ], [ 121.161996951613531, 14.623657581216174 ], [ 121.162220597848432, 14.623798917309248 ], [ 121.162515098210946, 14.624030901512254 ], [ 121.162880355772117, 14.624215676114876 ], [ 121.163308839124952, 14.624240783160435 ], [ 121.163688815120267, 14.624164342917631 ], [ 121.164225214212379, 14.624004356243008 ], [ 121.164489677312005, 14.623909853661569 ], [ 121.164701948131352, 14.623771852252712 ], [ 121.164835920240961, 14.62355409159845 ], [ 121.16515217889031, 14.62295165706138 ], [ 121.165364359748509, 14.622690308929192 ], [ 121.165580336335438, 14.622526909395626 ], [ 121.165978905939312, 14.622406918812748 ], [ 121.166522813580684, 14.622333989641788 ], [ 121.166921398100826, 14.622235764416308 ], [ 121.167323649957638, 14.622057723749306 ], [ 121.16758434926723, 14.621916058497503 ], [ 121.168008803412746, 14.621531215074404 ], [ 121.16858602176039, 14.62116077607574 ], [ 121.169178202455285, 14.620873765283518 ], [ 121.169543248905654, 14.620771931162313 ], [ 121.170076033123934, 14.620778813749782 ], [ 121.170567880131259, 14.620847397008403 ], [ 121.171048631236076, 14.621024821910538 ], [ 121.17171957711129, 14.621445175643075 ], [ 121.172651423030814, 14.621992315644583 ], [ 121.173557185026979, 14.622528587052429 ], [ 121.173788195567454, 14.622546560582943 ], [ 121.174529769756305, 14.622741930094554 ], [ 121.175051331690526, 14.62268350845199 ], [ 121.175759036732913, 14.622436303592014 ], [ 121.176414599202189, 14.622214529383573 ], [ 121.17698834779344, 14.622192343662668 ], [ 121.177994471580618, 14.622412903364074 ], [ 121.178508732639287, 14.622550382016726 ], [ 121.178624295987944, 14.622633736759679 ], [ 121.179317312088259, 14.622665874630297 ], [ 121.179656336016961, 14.622640228344356 ], [ 121.179823943833298, 14.622574802947403 ], [ 121.181165155262946, 14.62249761784256 ], [ 121.184152171843692, 14.622363852652891 ], [ 121.184561972219328, 14.622323634007241 ], [ 121.185769059097254, 14.622253780469638 ], [ 121.186894305991885, 14.622339980504593 ], [ 121.187976758190572, 14.622487881432296 ] ] ] } },
{ "type": "Feature", "properties": { "Agency": "LTFRB", "Type": "PUJ", "Route_Code": "PUJ14A", "Route_Name": "Binangonan, Rizal - Riverbanks, Marikina", "Route_Begi": "Osmena, Binangonan", "Route_End": "Riverbanks, A. Bonifacio Ave., Marikina City", "Schedule_T": "04:00-22:00", "Trip_Code": "T237", "Schedule_D": "Mondays to Sundays" }, "geometry": { "type": "MultiLineString", "coordinates": [ [ [ 121.082801617931125, 14.632874682845332 ], [ 121.081847680101717, 14.63259202183165 ], [ 121.081061444737131, 14.632407254907344 ], [ 121.079865354530611, 14.632211731108034 ], [ 121.079611961165369, 14.6321211147793 ], [ 121.079339950314051, 14.632066782351691 ], [ 121.078523936280092, 14.631958200697813 ], [ 121.078278005023478, 14.631896603298792 ], [ 121.078233264477376, 14.631805921153228 ], [ 121.078270475448633, 14.631657168409715 ], [ 121.078516281185344, 14.631334215187044 ], [ 121.0791367133682, 14.630352692961845 ], [ 121.080013383478843, 14.629178813045549 ], [ 121.080475214299767, 14.628645374972479 ], [ 121.081088215254468, 14.627772684883366 ], [ 121.081916531578059, 14.62689992363223 ], [ 121.082501279362134, 14.626290257123109 ], [ 121.083655889845971, 14.625150737016195 ], [ 121.084227985498373, 14.624564651261737 ], [ 121.084523708550222, 14.624312417797769 ], [ 121.085108451318305, 14.623728139551979 ], [ 121.086501398913242, 14.622352715305766 ], [ 121.088175488747652, 14.620614400526769 ], [ 121.089432451285887, 14.619351469170896 ], [ 121.089810904283411, 14.619095571701282 ], [ 121.090050782847626, 14.618988464684593 ], [ 121.090816727029889, 14.618783216292472 ], [ 121.091317417848259, 14.618712291996856 ], [ 121.09180176205453, 14.618719371149277 ], [ 121.092457533734063, 14.618842477075999 ], [ 121.09517007965718, 14.619421916440189 ], [ 121.097875176176444, 14.61997230434066 ], [ 121.100602649626907, 14.620544418748727 ], [ 121.103168067199803, 14.621116568329933 ], [ 121.104671927163267, 14.621417050887569 ], [ 121.104727789207757, 14.621362609815145 ], [ 121.104772419996692, 14.621186640909155 ], [ 121.104744443891192, 14.621112282025072 ], [ 121.102654666020825, 14.620702300027558 ], [ 121.101929408480032, 14.620563832991193 ], [ 121.101924555740382, 14.620473139029381 ], [ 121.101810550508759, 14.619613388016479 ], [ 121.101743207267305, 14.618962218546562 ], [ 121.101681436592173, 14.618272954440851 ], [ 121.101666263099048, 14.617643530618778 ], [ 121.101690234244941, 14.617072136221907 ], [ 121.101755206328477, 14.616544259134349 ], [ 121.101940908232109, 14.615736082083444 ], [ 121.102253416427104, 14.614703833756886 ], [ 121.102750332442113, 14.613119170337846 ], [ 121.103148397473873, 14.6118020998675 ], [ 121.103256076182404, 14.611503665386902 ], [ 121.103401181670975, 14.611064636496037 ], [ 121.103622548480615, 14.610369813015506 ], [ 121.103966915416308, 14.609278596343716 ], [ 121.104262440744662, 14.608321629668627 ], [ 121.104519142358839, 14.607508885561268 ], [ 121.104816754145219, 14.606541940628421 ], [ 121.105088297914449, 14.605604028995277 ], [ 121.105231519486807, 14.605134162927861 ], [ 121.105337770050795, 14.604779496401562 ], [ 121.105605628684444, 14.603941351284474 ], [ 121.105750488146384, 14.603494158167786 ], [ 121.105845383677746, 14.603263749811711 ], [ 121.105973819353707, 14.603058722032994 ], [ 121.106426371715074, 14.602346564703931 ], [ 121.106871232165872, 14.601622619287138 ], [ 121.107379383544654, 14.600815205277351 ], [ 121.107988003655663, 14.599761053142315 ], [ 121.108786518623972, 14.598505470970656 ], [ 121.109162497687976, 14.597895828281473 ], [ 121.109436069962214, 14.59737692620933 ], [ 121.109759951550913, 14.596897907863877 ], [ 121.110152684089485, 14.596277372594651 ], [ 121.110632887689832, 14.595504428210237 ], [ 121.111276874108825, 14.594462948916275 ], [ 121.112237270097395, 14.592933379680902 ], [ 121.113376113105957, 14.591157938318613 ], [ 121.114283440867581, 14.589720441280422 ], [ 121.114731264560277, 14.588970630673897 ], [ 121.114778489055382, 14.588890796189085 ], [ 121.114807997344414, 14.588766982266218 ], [ 121.114834926140205, 14.588605530628062 ], [ 121.114942085646248, 14.586824208262989 ], [ 121.115102151309571, 14.586586510000126 ], [ 121.121579126136936, 14.584508283686487 ], [ 121.126480568141048, 14.58298938033005 ], [ 121.130614699270524, 14.581688453721009 ], [ 121.135069085342522, 14.580300210054558 ], [ 121.137482464163398, 14.579529767518983 ], [ 121.139344635349687, 14.578948261865486 ], [ 121.142711409677503, 14.577886994388093 ], [ 121.143225322337329, 14.577661768098698 ], [ 121.144201628695114, 14.57223030866097 ], [ 121.144216168207024, 14.571649844460897 ], [ 121.144156182770587, 14.571025889906148 ], [ 121.143842833798672, 14.570285992985117 ], [ 121.142463452310125, 14.568367666415 ], [ 121.141009510510088, 14.566304260051503 ], [ 121.139406524301549, 14.564106698236497 ], [ 121.138832437221936, 14.563316151896201 ], [ 121.138377645387607, 14.562692418068435 ], [ 121.137920042706213, 14.562035127251919 ], [ 121.137621801948569, 14.561592696527313 ], [ 121.137298450901667, 14.56120197631431 ], [ 121.136950872185921, 14.56078043238576 ], [ 121.136674991853837, 14.560352499330348 ], [ 121.1364586485101, 14.559822953023717 ], [ 121.136316842562863, 14.559365922236355 ], [ 121.136260730538879, 14.558952378113457 ], [ 121.13627902768232, 14.558393678622684 ], [ 121.136427529230119, 14.557562817924328 ], [ 121.137032137981123, 14.55645598649707 ], [ 121.137597656717247, 14.555390895650261 ], [ 121.137694335473526, 14.555116938565185 ], [ 121.138637135777543, 14.55329363878684 ], [ 121.139095092533339, 14.5524923044742 ], [ 121.140562663170286, 14.549543837409468 ], [ 121.141576677391456, 14.54802681163221 ], [ 121.142641370872994, 14.546423136897351 ], [ 121.143710657058151, 14.544742362602255 ], [ 121.144527429261686, 14.543541062672569 ], [ 121.145016723372365, 14.542787993855949 ], [ 121.145814852577772, 14.541575816803473 ], [ 121.146365261452331, 14.540791191792255 ], [ 121.14664421792213, 14.540199684520136 ], [ 121.146874934689322, 14.539891178651187 ], [ 121.148319814486484, 14.538398579663419 ], [ 121.149629720103718, 14.536743480782071 ], [ 121.150623052197957, 14.535104894614239 ], [ 121.151492163743114, 14.533606506988741 ], [ 121.151917743488596, 14.533019890916002 ], [ 121.152640336096923, 14.532443065837503 ], [ 121.153258359901159, 14.532137939898263 ], [ 121.154987605102249, 14.531141004564956 ], [ 121.155477097664019, 14.530777908376228 ], [ 121.155923681067449, 14.530296933088101 ], [ 121.156375616845011, 14.529471306924039 ], [ 121.157253290118106, 14.527644117552102 ], [ 121.157734809291242, 14.526524613037445 ], [ 121.15783826329583, 14.52599986712017 ], [ 121.157852920691496, 14.525647955253376 ], [ 121.157714159880982, 14.524222295626203 ], [ 121.157553145008009, 14.522927253042067 ], [ 121.157296580364431, 14.520763398767629 ], [ 121.157377924743301, 14.519899915419158 ], [ 121.157532646581359, 14.519470367789182 ], [ 121.157759505635056, 14.519018552930794 ], [ 121.157961784358648, 14.518702345048862 ], [ 121.160950058127597, 14.515656622052095 ], [ 121.161613877839187, 14.515020855099772 ], [ 121.163041409138145, 14.513496659058468 ], [ 121.164362401007793, 14.512080908363778 ], [ 121.164708458754006, 14.511707005632239 ], [ 121.165006497715325, 14.511231101142137 ], [ 121.16564252254345, 14.51016589321423 ], [ 121.166739758044656, 14.508347587671464 ], [ 121.167331144695723, 14.507371288181529 ], [ 121.167817968964471, 14.506636765439859 ], [ 121.169233342655062, 14.504530267692402 ], [ 121.17048319063359, 14.502705943363358 ], [ 121.17127176167061, 14.501537219290604 ], [ 121.171852017450377, 14.500666124135893 ], [ 121.172261329094056, 14.500266770653914 ], [ 121.17335527316115, 14.499163125586424 ], [ 121.174464049184266, 14.497990535387292 ], [ 121.175197084629275, 14.497293460299222 ], [ 121.175677037120863, 14.496767074873324 ], [ 121.176562672871768, 14.495990072632328 ], [ 121.179264630484525, 14.494181425604561 ], [ 121.181847358495986, 14.492332930097721 ], [ 121.18262879279122, 14.491679330240014 ], [ 121.184728319150807, 14.489809850910365 ], [ 121.184904999685131, 14.489575719576411 ], [ 121.186118022746754, 14.487366786046822 ], [ 121.18646645229552, 14.4865634006823 ], [ 121.186956080492536, 14.484248446192019 ], [ 121.187252706794894, 14.482705467652671 ], [ 121.187505782196666, 14.481412845017863 ], [ 121.188056582484307, 14.478800355151641 ], [ 121.188504489291304, 14.476728949234882 ], [ 121.188960039642723, 14.474908766293694 ], [ 121.189145289002198, 14.473789424628691 ], [ 121.189312047259449, 14.471686944034108 ], [ 121.190239219055613, 14.469529452894339 ], [ 121.191049329667464, 14.467657744591241 ] ] ] } },
{ "type": "Feature", "properties": { "Agency": "LTFRB", "Type": "PUJ", "Route_Code": "PUJ13A", "Route_Name": "Binangonan, Rizal - Marcos Highway", "Route_Begi": "Robinsons Metro East Transport Terminal", "Route_End": "Binangonan Medical Hospital", "Schedule_T": "04:00-22:00", "Trip_Code": "T253", "Schedule_D": "Mondays to Sundays" }, "geometry": { "type": "MultiLineString", "coordinates": [ [ [ 121.100447880339487, 14.619091305168801 ], [ 121.100638437927174, 14.620375483105237 ], [ 121.101732024051074, 14.620570942573393 ], [ 121.101819554556386, 14.620514675344335 ], [ 121.101705549710374, 14.619654924280628 ], [ 121.101638206764591, 14.619003754780756 ], [ 121.101576436404216, 14.618314490647633 ], [ 121.101561263206335, 14.617685066819027 ], [ 121.101585234627493, 14.617113672433215 ], [ 121.101650206973488, 14.616585795375064 ], [ 121.1018603960174, 14.615863769588499 ], [ 121.102163567152544, 14.61477710761061 ], [ 121.10264533489935, 14.613160707027035 ], [ 121.10304340063081, 14.611843636736007 ], [ 121.10300425825335, 14.611789235312916 ], [ 121.103259086623609, 14.610932959464947 ], [ 121.103519497401592, 14.610067611366356 ], [ 121.103841288282339, 14.608999078238616 ], [ 121.104138925793237, 14.608079296190954 ], [ 121.104345383711404, 14.607380850272047 ], [ 121.104698822204455, 14.606286907610759 ], [ 121.104996398522445, 14.605245591612009 ], [ 121.105141490067879, 14.604792050087937 ], [ 121.105232776949975, 14.604821034255576 ], [ 121.105500636031337, 14.603982889258987 ], [ 121.105783464781666, 14.603300734786501 ], [ 121.105876531657145, 14.603146511891497 ], [ 121.106321379973238, 14.602388103047238 ], [ 121.106766240851456, 14.601664157830259 ], [ 121.107274392709229, 14.600856744048688 ], [ 121.107883013435099, 14.599802592186965 ], [ 121.10868152914972, 14.598547010373805 ], [ 121.109057508573784, 14.597937367853403 ], [ 121.10933108114564, 14.597418465904067 ], [ 121.109654963022749, 14.59693944770398 ], [ 121.110047695929723, 14.596318912610998 ], [ 121.110527899987275, 14.595545968442076 ], [ 121.111171887021612, 14.594504489437062 ], [ 121.112132283916694, 14.592974920632512 ], [ 121.113263898541504, 14.59117499512438 ], [ 121.114168433414591, 14.589737953285921 ], [ 121.1146262807287, 14.58901217274382 ], [ 121.114708130679517, 14.588798091944108 ], [ 121.114734130909582, 14.588642082516774 ], [ 121.114800232938066, 14.586693898260311 ], [ 121.114807569866628, 14.586461712655565 ], [ 121.11634956578439, 14.586018395995229 ], [ 121.119463297464492, 14.585048277372609 ], [ 121.121776229768642, 14.584325207079276 ], [ 121.123228799556912, 14.583892772739338 ], [ 121.123083289410502, 14.583453875851411 ], [ 121.123012436173099, 14.583308797282571 ], [ 121.122945321461856, 14.583189111757857 ], [ 121.12261743087582, 14.583033277366569 ], [ 121.122174045738404, 14.582844849038267 ], [ 121.120456428058944, 14.582167284786557 ], [ 121.119338609270443, 14.581590998943483 ], [ 121.119137659684895, 14.581993786926025 ], [ 121.119014838708949, 14.582204261220088 ], [ 121.118892019338887, 14.582418363294481 ], [ 121.118757993244188, 14.582570797269717 ], [ 121.118322045975958, 14.582349707392781 ], [ 121.117778075769891, 14.582135923807998 ], [ 121.117923200996941, 14.581831115480504 ], [ 121.117941797233783, 14.581773061051281 ], [ 121.117908247845023, 14.581725915008587 ], [ 121.117215091938746, 14.581142160571291 ], [ 121.117248584950119, 14.58107684344451 ], [ 121.117274616942353, 14.580989762755788 ], [ 121.11746395114082, 14.57970178676192 ], [ 121.117675564258093, 14.578275941633681 ], [ 121.117848785856253, 14.578292184573025 ], [ 121.117910248682023, 14.578292155311187 ], [ 121.117956796851033, 14.578263110345928 ], [ 121.118047970461618, 14.578085302280607 ], [ 121.118114924954071, 14.577894808261448 ], [ 121.118574468449154, 14.576913255313077 ], [ 121.119025183885185, 14.577045682222565 ], [ 121.119379185776666, 14.577145050813657 ], [ 121.119641759935661, 14.577219521633609 ], [ 121.119807584884285, 14.577192005772227 ], [ 121.119990067259934, 14.577108476790361 ], [ 121.120381020935426, 14.576774524682488 ], [ 121.122213048256029, 14.575489367107645 ], [ 121.123657860526379, 14.574585313598051 ], [ 121.124588759966898, 14.573946344116528 ], [ 121.125716995690382, 14.573158528639985 ], [ 121.126930912257905, 14.572399686448028 ], [ 121.127753844003735, 14.571894990368669 ], [ 121.128126243657093, 14.571727916026219 ], [ 121.128576907649077, 14.571636985129617 ], [ 121.129377686211924, 14.571498707750797 ], [ 121.129846959606681, 14.571382369691259 ], [ 121.130301274229879, 14.571160830960252 ], [ 121.130707184102661, 14.570974688580112 ], [ 121.131015225857951, 14.57062987915308 ], [ 121.131215310764716, 14.570402125032279 ], [ 121.131345536903041, 14.570144478250905 ], [ 121.131384582850387, 14.57002836621756 ], [ 121.131390101802708, 14.569906830294267 ], [ 121.13132669934491, 14.569765377961641 ], [ 121.130912873355442, 14.569114399167194 ], [ 121.130547505320777, 14.568521439520795 ], [ 121.129971532254615, 14.567652873768486 ], [ 121.129973357355112, 14.56758575756221 ], [ 121.130045885665979, 14.56753243523309 ], [ 121.130262875062257, 14.567426886191278 ], [ 121.13084090124967, 14.567108462691429 ], [ 121.13137160003609, 14.566813190567823 ], [ 121.132052074897928, 14.566393809804996 ], [ 121.132062284814765, 14.566334851748303 ], [ 121.132026833946881, 14.566219686485562 ], [ 121.131917782716798, 14.566041980223526 ], [ 121.131889774422817, 14.565914113469438 ], [ 121.131912057723966, 14.565798010291818 ], [ 121.132688720898713, 14.564364818373067 ], [ 121.133290617189203, 14.563201539970187 ], [ 121.133768741162683, 14.562314270763718 ], [ 121.134475705734857, 14.561033253611118 ], [ 121.135337017653157, 14.559373038773893 ], [ 121.135191739661593, 14.559347723676296 ], [ 121.135057652591343, 14.559351425168861 ], [ 121.134849075721107, 14.559362423123869 ], [ 121.13474849627184, 14.55934071110374 ], [ 121.13345192577583, 14.558684776063222 ], [ 121.133336421092679, 14.558615909427212 ], [ 121.133250649816603, 14.558434563189495 ], [ 121.133023313946509, 14.558206131333073 ], [ 121.132751259753107, 14.557937816965232 ], [ 121.132751195856841, 14.557825353536623 ], [ 121.133082466583957, 14.557429738697616 ], [ 121.133183018123177, 14.557404289362209 ], [ 121.134211324301276, 14.557922514023071 ], [ 121.135645771285169, 14.558690832376596 ], [ 121.135890003935089, 14.558372225934527 ], [ 121.136186704365343, 14.557784349632771 ], [ 121.136282504508387, 14.557595648202442 ], [ 121.136387672879806, 14.557503986612321 ], [ 121.136881103277958, 14.556535203165824 ], [ 121.137606607771531, 14.555174353116868 ], [ 121.138637135777543, 14.55329363878684 ], [ 121.139042741670011, 14.552536095088469 ], [ 121.140482382558659, 14.549593086107127 ], [ 121.141513087519911, 14.548086027665597 ], [ 121.142536412440876, 14.546464691437373 ], [ 121.143652725601598, 14.54479159930364 ], [ 121.144467642832595, 14.543601184237794 ], [ 121.145732714944614, 14.541626882331542 ], [ 121.146313194714679, 14.540788501951678 ], [ 121.14664421792213, 14.540199684520136 ], [ 121.146878703965982, 14.539841293357354 ], [ 121.148214860916013, 14.538440136731124 ], [ 121.149524767562212, 14.536785038432605 ], [ 121.150533013041155, 14.535170024627652 ], [ 121.151812793135548, 14.533061449583322 ], [ 121.152538627911014, 14.532458774315167 ], [ 121.153141699974697, 14.532070217238592 ], [ 121.154880269037861, 14.531093230086903 ], [ 121.155360465686883, 14.530751907171373 ], [ 121.155818218268621, 14.530265483206213 ], [ 121.156272012813758, 14.529434414265127 ], [ 121.157105029960803, 14.527656230036346 ], [ 121.15760331471742, 14.526545784675118 ], [ 121.157733317374763, 14.526041428419061 ], [ 121.157747974938516, 14.525689516558369 ], [ 121.157609214770986, 14.524263856867584 ], [ 121.157448200475358, 14.522968814210106 ], [ 121.157191636798601, 14.520804959818694 ], [ 121.157272981598425, 14.519941476505416 ], [ 121.157529536741677, 14.519346342258812 ], [ 121.15785684188775, 14.518743906393739 ], [ 121.16084511765834, 14.515698184724078 ], [ 121.161518733672665, 14.515091887984909 ], [ 121.162936470082911, 14.513538222658788 ], [ 121.164257462869699, 14.512122472550235 ], [ 121.164603520857639, 14.511748569972212 ], [ 121.164919729846929, 14.511294874023745 ], [ 121.165563193955322, 14.510216963771514 ], [ 121.16664554280942, 14.508409552337799 ], [ 121.16771303404154, 14.506678331156261 ], [ 121.169156346239959, 14.504584058743376 ], [ 121.170378258063934, 14.502747510259324 ], [ 121.171166829799816, 14.501578786535436 ], [ 121.171747086098975, 14.50070769163737 ], [ 121.172156398008227, 14.500308338336749 ], [ 121.173250342802064, 14.499204693753896 ], [ 121.174359119587024, 14.498032104045775 ], [ 121.175092155499101, 14.497335029282404 ], [ 121.175572108329277, 14.496808644068961 ], [ 121.176457744613884, 14.496031642220322 ], [ 121.179159703591793, 14.494222996390253 ], [ 121.181742432964185, 14.492374502027676 ], [ 121.18252386771529, 14.49172090251591 ], [ 121.184637384267276, 14.489883610836268 ], [ 121.184830816465649, 14.489644025070623 ], [ 121.186013100358721, 14.487408359864048 ], [ 121.186384858669783, 14.486675246742534 ], [ 121.186902340457749, 14.484269574382989 ], [ 121.18717943687362, 14.482748378115197 ], [ 121.188399572336436, 14.476770524088973 ], [ 121.188889562834007, 14.474948954217284 ], [ 121.189112011085371, 14.473787863247415 ], [ 121.189288995171566, 14.471669049314809 ], [ 121.190188307292871, 14.46958957923289 ], [ 121.191195367591931, 14.467259697898486 ], [ 121.19082531980446, 14.465493213831945 ], [ 121.190417641511843, 14.463233367434164 ], [ 121.190417498353668, 14.463059229612519 ], [ 121.19048071909576, 14.46297211128765 ], [ 121.191513379590674, 14.462374517473563 ] ] ] } },
{ "type": "Feature", "properties": { "Agency": null, "Type": null, "Route_Code": "PUJ15A", "Route_Name": "Cainta, Rizal - Araneta, Cubao", "Route_Begi": "San Roque Covered Court, Cainta", "Route_End": "TELUS", "Schedule_T": null, "Trip_Code": null, "Schedule_D": "Mondays to Sundays" }, "geometry": { "type": "MultiLineString", "coordinates": [ [ [ 121.0548382575234, 14.619400194743411 ], [ 121.054707934793043, 14.619755750170196 ], [ 121.054670630543555, 14.619890894969686 ], [ 121.05418283231424, 14.620798862411391 ], [ 121.054074803739525, 14.620882324793888 ], [ 121.053622317828527, 14.621783935082719 ], [ 121.053292727002855, 14.622440640581967 ], [ 121.053253646260515, 14.622629296137221 ], [ 121.053132613289861, 14.622888710958291 ], [ 121.053156855683753, 14.623006610942269 ], [ 121.053976613732701, 14.623410949956156 ], [ 121.055398152320166, 14.624096318443957 ], [ 121.057207226161054, 14.62496661418117 ], [ 121.058803261000136, 14.625762072122351 ], [ 121.060016823956389, 14.62635544955849 ], [ 121.061701107573597, 14.627182204623074 ], [ 121.062490334306247, 14.627566947591797 ], [ 121.062919596025807, 14.62771520554953 ], [ 121.063391333951913, 14.627822565746655 ], [ 121.065967494589771, 14.62826225236457 ], [ 121.066895278911474, 14.628421638955761 ], [ 121.067306009857461, 14.62853172786836 ], [ 121.067659151276217, 14.628671760821572 ], [ 121.069485082228454, 14.629560095341407 ], [ 121.070178192456353, 14.629890040416965 ], [ 121.070035762483542, 14.630187561933214 ], [ 121.070209043940565, 14.630281838451022 ], [ 121.070371964329667, 14.62997796250699 ], [ 121.071897942546968, 14.630735757721308 ], [ 121.075796739747773, 14.632639754671175 ], [ 121.076423711753591, 14.632804125715891 ], [ 121.076945319391328, 14.632727784178927 ], [ 121.077457951661643, 14.632497261164422 ], [ 121.07789004877398, 14.632151577884322 ], [ 121.078688529056137, 14.631101980394371 ], [ 121.079526421039546, 14.629773931287891 ], [ 121.080122328050265, 14.629066315733844 ], [ 121.080848557311825, 14.628122847702302 ], [ 121.081088215254468, 14.627772684883366 ], [ 121.0822973708799, 14.62652613291948 ], [ 121.083478041637193, 14.625321304152939 ], [ 121.084379374738262, 14.624428556844213 ], [ 121.085157805114633, 14.623691844535136 ], [ 121.086674967278157, 14.622162194199976 ], [ 121.089265787997093, 14.619518408947258 ], [ 121.089578636531314, 14.619220814959176 ], [ 121.089810904283411, 14.619095571701282 ], [ 121.090211900502581, 14.618937617196819 ], [ 121.090816727029889, 14.618783216292472 ], [ 121.091196728050335, 14.618728661104866 ], [ 121.091471103103871, 14.618712236093009 ], [ 121.0921454820474, 14.618780918533615 ], [ 121.093887400608594, 14.61916482372213 ], [ 121.097266900427556, 14.619847381313212 ], [ 121.097875176176444, 14.61997230434066 ], [ 121.099904941008788, 14.620390515976389 ], [ 121.102900712772325, 14.621042308278426 ], [ 121.104671927163267, 14.621417050887569 ], [ 121.104727789207757, 14.621362609815145 ], [ 121.104772419996692, 14.621186640909155 ], [ 121.104744443891192, 14.621112282025072 ], [ 121.101929408480032, 14.620563832991193 ], [ 121.10175511107002, 14.619027514777882 ], [ 121.101658248162821, 14.61813510603076 ], [ 121.10169132991588, 14.617090274969751 ], [ 121.10190189445288, 14.615980977186402 ], [ 121.103264892037657, 14.611604334306882 ], [ 121.104186251508153, 14.608738863307529 ], [ 121.105346904711595, 14.604900118294145 ], [ 121.105651866969765, 14.603724568063523 ], [ 121.105845383677746, 14.603263749811711 ], [ 121.107379383544654, 14.600815205277351 ], [ 121.109517203671643, 14.597271682971117 ], [ 121.111198489394653, 14.5946307718719 ], [ 121.112895928436075, 14.591930888495662 ], [ 121.114557434982942, 14.58931354255026 ], [ 121.114731264560277, 14.588970630673897 ], [ 121.114807997344414, 14.588766982266218 ], [ 121.114831367083355, 14.588469034557631 ], [ 121.114941990948651, 14.586154417056992 ], [ 121.114950526287174, 14.585672816387603 ], [ 121.114929959953201, 14.58551320064543 ], [ 121.115008811701586, 14.582980926395317 ], [ 121.115032768363562, 14.582456691223328 ], [ 121.115187089436589, 14.581905186621928 ], [ 121.115408948302488, 14.581242094118792 ], [ 121.11590690860146, 14.579909534297538 ], [ 121.116548347513728, 14.577627316279001 ], [ 121.116752908479057, 14.576994160212372 ], [ 121.11685896538701, 14.576781881002111 ], [ 121.117009759920265, 14.576645765461141 ], [ 121.117231357132567, 14.576565847997035 ], [ 121.117451140658773, 14.576583883127261 ], [ 121.117674654662565, 14.576612799827162 ], [ 121.117807455143563, 14.576655137181218 ] ] ] } },
{ "type": "Feature", "properties": { "Agency": "LTFRB", "Type": "PUJ", "Route_Code": "PUJ19A", "Route_Name": "Commonwealth Market - Sta. Lucia Q. Plaza", "Route_Begi": "Manggahan/Commonwealth Market, Commonwealth Avenue, Quezon City", "Route_End": "Pizza Hut/Q.Plaza, Marcos Highway (Eastbound)", "Schedule_T": "04:00-22:00", "Trip_Code": null, "Schedule_D": "Mondays to Sundays" }, "geometry": { "type": "MultiLineString", "coordinates": [ [ [ 121.103021221553021, 14.62078536220352 ], [ 121.104744443891192, 14.621112282025072 ], [ 121.104772419996692, 14.621186640909155 ], [ 121.104727789207757, 14.621362609815145 ], [ 121.104671927163267, 14.621417050887569 ], [ 121.101940786026134, 14.620851107743258 ], [ 121.102169181453675, 14.62345308053067 ], [ 121.102270184043959, 14.62439174185222 ], [ 121.102296602886909, 14.625172622811844 ], [ 121.102330326980862, 14.625615204989098 ], [ 121.102185569502012, 14.626885007040793 ], [ 121.10192565162653, 14.628949351973823 ], [ 121.101465315474911, 14.63284220652513 ], [ 121.101476560331761, 14.632998198809419 ], [ 121.101603393818522, 14.633350046999682 ], [ 121.101696653489697, 14.633607585141094 ], [ 121.101763826985717, 14.633854250398553 ], [ 121.10199529723775, 14.6349207387613 ], [ 121.101708730065454, 14.635693584479208 ], [ 121.101515278180401, 14.636390207372699 ], [ 121.102149249462627, 14.637663317359074 ], [ 121.102544620966114, 14.638613646834727 ], [ 121.102988383887762, 14.639447864888725 ], [ 121.103581369793872, 14.640684709192405 ], [ 121.101968295532785, 14.641414569816503 ], [ 121.100460914636443, 14.642088145296436 ], [ 121.101533140730851, 14.644349662974445 ], [ 121.104590528766025, 14.650851279513143 ], [ 121.104538373837542, 14.650879417146996 ], [ 121.10430084342822, 14.650919423146497 ], [ 121.104154595925195, 14.650936716711806 ], [ 121.10403349254257, 14.650935860513258 ], [ 121.103847174662263, 14.650923241083341 ], [ 121.103639415723805, 14.650876166081019 ], [ 121.103279777836491, 14.650750248800703 ], [ 121.103127921143667, 14.650722196197064 ], [ 121.103038487366604, 14.65071316372164 ], [ 121.102898762008081, 14.650733174664801 ], [ 121.102868022885104, 14.650738629131101 ], [ 121.103017250262951, 14.651144884098498 ], [ 121.10306972280344, 14.651351365127887 ], [ 121.103121796475364, 14.651627341889194 ], [ 121.10314060012395, 14.652020953429492 ], [ 121.103166927100901, 14.652576000170294 ], [ 121.103170839310792, 14.653000454393212 ], [ 121.103360876434948, 14.652993119752535 ], [ 121.103832228504317, 14.652942133587119 ], [ 121.103912620566575, 14.653569714127723 ], [ 121.103890573054343, 14.654272614897369 ], [ 121.103178878771146, 14.654340026352136 ], [ 121.103462791256987, 14.655963360851178 ], [ 121.103587990526947, 14.656797708782522 ], [ 121.103649661333804, 14.657220324825651 ], [ 121.103720625097054, 14.657590333474156 ], [ 121.10386237961724, 14.657936731614896 ], [ 121.104416258369966, 14.659093775697338 ], [ 121.104895554219553, 14.660114806410531 ], [ 121.105484888889322, 14.661369783940513 ], [ 121.106021992161473, 14.662474227433984 ], [ 121.106165605229634, 14.662795228418691 ], [ 121.106439932265829, 14.663751042411532 ], [ 121.106891494080898, 14.66520016357946 ], [ 121.10748487123746, 14.667090002614199 ], [ 121.108072647121546, 14.668932680521525 ], [ 121.108681007354534, 14.670944041248683 ], [ 121.109283757588145, 14.672888287759822 ], [ 121.109854979927633, 14.675126399769944 ], [ 121.109966945678948, 14.675480062419187 ], [ 121.11010121719157, 14.675717624823864 ], [ 121.111389551765726, 14.677338682393088 ], [ 121.111835409147503, 14.677972158730215 ], [ 121.110849771934411, 14.678585081237472 ], [ 121.110168036286183, 14.679122303536641 ], [ 121.10814903055784, 14.681024172431448 ], [ 121.105705386355226, 14.683481261545278 ], [ 121.10491938269368, 14.684265204500411 ], [ 121.10469212660783, 14.684443063732283 ], [ 121.104426230959987, 14.684570800580129 ], [ 121.104170472655767, 14.68466820832492 ], [ 121.103935739427172, 14.684795280511413 ], [ 121.103376925791565, 14.685270758327718 ], [ 121.10237843962669, 14.685967713543006 ], [ 121.100906783372011, 14.687005872077545 ], [ 121.100560274102875, 14.687212798234269 ], [ 121.100217447792573, 14.687318143502861 ], [ 121.099669683586072, 14.687517893806671 ], [ 121.099382762431347, 14.687630471049593 ], [ 121.099215087798243, 14.687712163925649 ], [ 121.099032533776253, 14.687860977228604 ], [ 121.098218626691178, 14.688855321945679 ], [ 121.097374916492981, 14.689896837048456 ], [ 121.096231326694038, 14.691295805025458 ], [ 121.096002212753433, 14.69152263196715 ], [ 121.094520153063641, 14.690014026622636 ], [ 121.093310334250347, 14.688906183763791 ], [ 121.092465885628485, 14.688117447475637 ], [ 121.091373501779785, 14.687056712378757 ], [ 121.091125589701576, 14.686859086721697 ], [ 121.090765865578845, 14.686643362284864 ], [ 121.090231003088718, 14.68648755947566 ], [ 121.089696174253987, 14.686418823062578 ], [ 121.087378298922332, 14.687029115067691 ], [ 121.087123033056443, 14.687094504528472 ], [ 121.087330169472111, 14.687899808252523 ], [ 121.087393952954102, 14.6890606878607 ], [ 121.087407555198013, 14.690578924847317 ], [ 121.087458307676883, 14.691772459059026 ], [ 121.087488523080779, 14.692858979703237 ], [ 121.087497543244339, 14.694258170201218 ], [ 121.087528695590152, 14.69568140680842 ] ] ] } },
{ "type": "Feature", "properties": { "Agency": "LTFRB", "Type": "PUJ", "Route_Code": "PUJ20A", "Route_Name": "Crame - Q. Mart via P. Tuazon, E. Garcia", "Route_Begi": "Road 6, San Juan", "Route_End": "New York Ave./ Montreal Intersection, Quezon City", "Schedule_T": "04:00-22:00", "Trip_Code": null, "Schedule_D": "Mondays to Sundays" }, "geometry": { "type": "MultiLineString", "coordinates": [ [ [ 121.051714172659672, 14.605359929815695 ], [ 121.050062768386198, 14.609670124000711 ], [ 121.051478554389604, 14.610041709999917 ], [ 121.051806427423841, 14.610157737718527 ], [ 121.052650315985915, 14.610391568618171 ], [ 121.054075414321559, 14.610714161063651 ], [ 121.057147319560343, 14.611464479298506 ], [ 121.059684590196042, 14.612080649042683 ], [ 121.061048237131132, 14.612403212743148 ], [ 121.060165733211733, 14.614315290577077 ], [ 121.059331598387473, 14.616020566852965 ], [ 121.058087831956584, 14.618614752068645 ], [ 121.057735916993536, 14.61932407260262 ], [ 121.057758292285897, 14.61941476373427 ], [ 121.058443907343687, 14.619768326799255 ], [ 121.059159302816624, 14.620005790192149 ], [ 121.059803912227267, 14.62024870931003 ], [ 121.060224947206578, 14.620361075899144 ], [ 121.060817392256283, 14.620578609307469 ], [ 121.061314814558202, 14.620725420628574 ], [ 121.062913284450175, 14.621225681933305 ], [ 121.062352848623831, 14.622372214315579 ], [ 121.061853875677897, 14.623491521893003 ], [ 121.061492115648832, 14.624229646102114 ], [ 121.061423825092149, 14.624610812107456 ], [ 121.060423377992961, 14.626555340631437 ], [ 121.060129548645179, 14.626430474612299 ], [ 121.05952439020264, 14.627640497239547 ], [ 121.059111017234684, 14.628469551973575 ], [ 121.058421688632421, 14.628288314404559 ], [ 121.057661538695271, 14.627972860281572 ], [ 121.057493867791223, 14.627942060342484 ], [ 121.057318749376861, 14.627929401099312 ], [ 121.057169723640442, 14.627967525808153 ], [ 121.057041242712771, 14.62823601375004 ], [ 121.056704173595151, 14.628773006650828 ], [ 121.056596164265187, 14.628954421798001 ], [ 121.056534693007251, 14.628979829855332 ], [ 121.055977622956036, 14.628751394765645 ], [ 121.055321800447345, 14.628441352634891 ], [ 121.054990176533721, 14.628343470108099 ], [ 121.054826238711513, 14.628345318025779 ], [ 121.054721939290815, 14.628459616525367 ], [ 121.054690278870936, 14.628503157131957 ], [ 121.054040058214042, 14.628242086049882 ], [ 121.052933375064796, 14.627762527063844 ], [ 121.052384689502915, 14.627507779833776 ], [ 121.051898429380628, 14.627331924681444 ], [ 121.051010182155565, 14.62916415454227 ], [ 121.050376753329985, 14.629019160891712 ], [ 121.050838558267856, 14.627999650825341 ], [ 121.051348811856869, 14.627063570778182 ], [ 121.050264495633598, 14.626584901693159 ], [ 121.049271014810387, 14.626176500309116 ] ] ] } },
{ "type": "Feature", "properties": { "Agency": "LTFRB", "Type": "PUJ", "Route_Code": "PUJ32A", "Route_Name": "Cubao (Mercury) - Roces/Super Palengke", "Route_Begi": "Cubao - Roces Jeepney Terminal", "Route_End": "Roces Jeepney Terminal", "Schedule_T": "04:00-22:00", "Trip_Code": "T3152", "Schedule_D": "Mondays to Sundays" }, "geometry": { "type": "MultiLineString", "coordinates": [ [ [ 121.049493684441529, 14.621642565517483 ], [ 121.049596104255968, 14.621444829287011 ], [ 121.0494293657529, 14.621387721486132 ], [ 121.048971096041029, 14.62137601476933 ], [ 121.048711224185539, 14.621372434029944 ], [ 121.048382449775787, 14.621494932856445 ], [ 121.047963333577229, 14.621660981368651 ], [ 121.04482838481789, 14.6232523251375 ], [ 121.044362165350066, 14.623519047478004 ], [ 121.04308114758895, 14.624192216064342 ], [ 121.042816642607022, 14.624355510167694 ], [ 121.042611197035285, 14.624451679793738 ], [ 121.042257805097591, 14.62455875544971 ], [ 121.042023090406545, 14.624627720228276 ], [ 121.041478593963191, 14.624713056634379 ], [ 121.041054400480107, 14.624754839919524 ], [ 121.040117780834152, 14.62468398787856 ], [ 121.039954968608924, 14.624965275236008 ], [ 121.039651567134442, 14.625530375258506 ], [ 121.039241767507065, 14.626796763996328 ], [ 121.039140266972851, 14.627150370954276 ], [ 121.039022982453446, 14.627497906442455 ], [ 121.038916405242915, 14.62787976463304 ], [ 121.038811558273864, 14.628195058589997 ], [ 121.038707638481924, 14.628178042527932 ], [ 121.038102153836277, 14.627958640891158 ], [ 121.036498108407699, 14.627505372301078 ], [ 121.036444081298015, 14.627489053948899 ], [ 121.036589341615212, 14.627135320874629 ], [ 121.03681280372794, 14.626485908579308 ], [ 121.036915212740098, 14.6261104137847 ], [ 121.035985576415499, 14.625800352532103 ], [ 121.035812319716996, 14.625756840233917 ], [ 121.035653972352634, 14.625758673956437 ], [ 121.035570145312562, 14.625789521041785 ], [ 121.035318672070815, 14.625943735406942 ], [ 121.035244160663837, 14.62598365082779 ], [ 121.034912577623217, 14.626107037944463 ], [ 121.034705808264675, 14.626219526041558 ], [ 121.034590318451464, 14.626306608120705 ], [ 121.034521417329913, 14.626518845060545 ], [ 121.034361273295971, 14.627052156742849 ], [ 121.034253268000199, 14.627405884018055 ], [ 121.034088784311464, 14.627373933145368 ], [ 121.033867098951987, 14.627397540163365 ], [ 121.033660326963414, 14.62750277164375 ], [ 121.033637588420788, 14.627551069907105 ], [ 121.033951637629968, 14.62872826732686 ], [ 121.033832412949081, 14.628755490096525 ], [ 121.033079262516793, 14.628912254274558 ], [ 121.032188409613312, 14.629098507386168 ], [ 121.030731626042851, 14.62943242415013 ], [ 121.028730868279055, 14.629873405405116 ], [ 121.027242402981003, 14.630194605916317 ], [ 121.025634705890724, 14.630533945890502 ], [ 121.024116425601463, 14.63087145413699 ], [ 121.022214377738862, 14.631303302364516 ], [ 121.021730016351484, 14.631423053046928 ], [ 121.021646573657847, 14.631440970912047 ], [ 121.021646576502249, 14.631482691064134 ], [ 121.021622363682496, 14.631566132931994 ], [ 121.021559029484166, 14.631662274751475 ], [ 121.021428627070378, 14.631736653799578 ], [ 121.021296358222074, 14.631760243142859 ], [ 121.021214387933085, 14.631762062223158 ], [ 121.021136142375667, 14.631745741845815 ], [ 121.020776629764427, 14.632358868837098 ], [ 121.020946167363661, 14.632473135379529 ] ] ] } },
{ "type": "Feature", "properties": { "Agency": "LTFRB", "Type": "PUJ", "Route_Code": "PUJ29A", "Route_Name": "Cubao - Silangan (San Mateo) via Woodland", "Route_Begi": "Araneta Center Jeepney Terminal (Telus), Cubao", "Route_End": "Durian St.", "Schedule_T": "04:00-22:00", "Trip_Code": "T275", "Schedule_D": "Mondays to Sundays" }, "geometry": { "type": "MultiLineString", "coordinates": [ [ [ 121.054123003238161, 14.617622925769464 ], [ 121.054111816816743, 14.617579393940789 ], [ 121.054134158846907, 14.617523157828712 ], [ 121.054182587691216, 14.617499566973063 ], [ 121.054661415226036, 14.617853183376441 ], [ 121.054918469714352, 14.617769689864824 ], [ 121.05508238695775, 14.617709796433639 ], [ 121.055086084793885, 14.61758282118271 ], [ 121.055076748695797, 14.617483057459035 ], [ 121.055112137930394, 14.617461283042932 ], [ 121.055331987343592, 14.617615420489253 ], [ 121.056649229455957, 14.618549310752597 ], [ 121.057735916993536, 14.61932407260262 ], [ 121.058132686844871, 14.619570451710684 ], [ 121.058762003746736, 14.619822219971287 ], [ 121.05963016896925, 14.620119507058938 ], [ 121.060516967844222, 14.620427670111052 ], [ 121.062927637398673, 14.621194615078187 ], [ 121.064526222500859, 14.621816171164326 ], [ 121.065830381664327, 14.62235276373069 ], [ 121.066176914170541, 14.622486905486316 ], [ 121.066359489609553, 14.622534020661867 ], [ 121.066631477706522, 14.622559345637532 ], [ 121.06742134199007, 14.622562768670161 ], [ 121.06747405853794, 14.624579833814993 ], [ 121.067021378280543, 14.624598090836292 ], [ 121.066887254265197, 14.624616264774764 ], [ 121.066782945564071, 14.624667081492385 ], [ 121.066686106189351, 14.624783197347405 ], [ 121.065697229841831, 14.626000590346028 ], [ 121.065855636911522, 14.626221848296078 ], [ 121.065986149787264, 14.626626319111674 ], [ 121.066068199312255, 14.626927408808386 ], [ 121.066485845492011, 14.628224254121879 ], [ 121.066811871110914, 14.628269518059792 ], [ 121.067264591296151, 14.628369166155903 ], [ 121.067776954946638, 14.62857400502193 ], [ 121.068484961528455, 14.628898509516249 ], [ 121.069876761599687, 14.629543890738519 ], [ 121.072144301840325, 14.630680590744889 ], [ 121.073910652567264, 14.631568907038046 ], [ 121.074223649982287, 14.631634117430469 ], [ 121.075427325427654, 14.632283147579392 ], [ 121.076194972938382, 14.632616680395243 ], [ 121.076582472903723, 14.632623819945012 ], [ 121.077010917728856, 14.632503972203303 ], [ 121.077346210220767, 14.63237326848161 ], [ 121.077755977707298, 14.632108311588983 ], [ 121.078305514145356, 14.631990238357904 ], [ 121.078972483854656, 14.632077100122615 ], [ 121.079460605790885, 14.632153132487012 ], [ 121.080546772983482, 14.632326926280836 ], [ 121.081463411125554, 14.632498955638818 ], [ 121.083145838771046, 14.632980910892673 ], [ 121.08437553594834, 14.633365054023509 ], [ 121.085195334918595, 14.633616913343349 ], [ 121.086270458878076, 14.634131700595866 ], [ 121.087503965585327, 14.634711728888659 ], [ 121.08875427334749, 14.635366115265803 ], [ 121.09045362949152, 14.636174516516858 ], [ 121.090562624242082, 14.636198965117535 ], [ 121.090700489976584, 14.636208891904186 ], [ 121.090972480575147, 14.636189747372082 ], [ 121.091568612320145, 14.636116973906827 ], [ 121.09201571367268, 14.636069648474537 ], [ 121.092621167495722, 14.636016821984418 ], [ 121.092830750102976, 14.636004953999752 ], [ 121.093551707917072, 14.635948454452851 ], [ 121.094363941349329, 14.635864709535262 ], [ 121.094425428158914, 14.635884639437057 ], [ 121.094345163572342, 14.635492863637763 ], [ 121.094332010877835, 14.635211711458757 ], [ 121.094412020617114, 14.63496317466514 ], [ 121.094568420570084, 14.634734562081711 ], [ 121.094816094122464, 14.634475078239872 ], [ 121.094881261579104, 14.634382543770002 ], [ 121.094903589084495, 14.634311792536236 ], [ 121.094927752704947, 14.634173925668987 ], [ 121.094959195430974, 14.63360434374029 ], [ 121.095093078934582, 14.632978491439713 ], [ 121.09517672563527, 14.63251228287738 ], [ 121.095485985582812, 14.632530304223932 ], [ 121.096130604828872, 14.63260986966857 ], [ 121.096624321067665, 14.632682236037688 ], [ 121.096982023014618, 14.632711120168782 ], [ 121.097688134780498, 14.632823307932846 ], [ 121.097770112212089, 14.632839601110126 ], [ 121.097591788882411, 14.634105785014039 ], [ 121.097393013171185, 14.635475369892607 ], [ 121.097337285195607, 14.63586901156366 ], [ 121.097346961119641, 14.636746943481306 ], [ 121.097360168478502, 14.637151441737688 ], [ 121.097393857809536, 14.637528723244563 ], [ 121.097470361459884, 14.637820733952433 ], [ 121.097880184427993, 14.637724436057285 ], [ 121.098068329051628, 14.637677200385962 ], [ 121.098694235706986, 14.637520956821245 ], [ 121.098904733816042, 14.63746826988254 ], [ 121.099141548967182, 14.637976072465781 ], [ 121.099648754432593, 14.639080545299446 ], [ 121.099950825805024, 14.639698969756202 ], [ 121.099438597614594, 14.639947681109529 ], [ 121.099742540295324, 14.640584244200268 ], [ 121.100460914636443, 14.642088145296436 ], [ 121.101685597974452, 14.644701046805929 ], [ 121.102666479869143, 14.646783018351629 ], [ 121.103770457239406, 14.649118881918689 ], [ 121.104590528766025, 14.650851279513143 ], [ 121.104993400371754, 14.650787168976811 ], [ 121.105671517899523, 14.650656279335058 ], [ 121.106174542363462, 14.650616158440764 ], [ 121.107169459990644, 14.650641125217955 ], [ 121.107501111971089, 14.650677259873429 ], [ 121.108432779389688, 14.650909034858957 ], [ 121.109107305553863, 14.651071990832035 ], [ 121.110174837032531, 14.650989891816117 ], [ 121.111104508680086, 14.650933244675432 ], [ 121.111780767566628, 14.650818663307479 ], [ 121.111911153137143, 14.650749675592776 ], [ 121.112760596444375, 14.650459063281241 ], [ 121.113151798676199, 14.650350049595907 ], [ 121.113390216191789, 14.650222966306103 ], [ 121.113770223125826, 14.650081306275528 ], [ 121.114224690372936, 14.649809009399389 ], [ 121.114314069273604, 14.649705574947546 ], [ 121.114367148012491, 14.649664737305022 ], [ 121.11444631960164, 14.649642933650021 ], [ 121.114525501384648, 14.649641989971688 ], [ 121.114629856495782, 14.649684568507864 ], [ 121.114696037415172, 14.649767070840417 ], [ 121.11474919438669, 14.649885857482735 ], [ 121.114904846755309, 14.650053572084154 ], [ 121.115048365910795, 14.650174130479403 ], [ 121.115313947089604, 14.650350863093315 ], [ 121.115397828979809, 14.65043517085893 ], [ 121.115429515412686, 14.650462364740658 ], [ 121.115489119067192, 14.650429686403399 ], [ 121.11588037919681, 14.650440386407931 ], [ 121.116128162158532, 14.650416688996483 ], [ 121.116385232654608, 14.650336755618488 ], [ 121.116575213587396, 14.650222389326618 ], [ 121.116791253457848, 14.650059034871328 ], [ 121.116957922777559, 14.649900238425648 ], [ 121.117034443509652, 14.650165940448659 ], [ 121.117090451954624, 14.650395373913064 ], [ 121.117129611972473, 14.65046428402232 ], [ 121.117181869792233, 14.65064474357653 ], [ 121.117327307889383, 14.650873227485032 ], [ 121.117418684258439, 14.651039157046485 ], [ 121.117525954358442, 14.651318448573811 ], [ 121.117704072481871, 14.651694750573096 ], [ 121.117839281991166, 14.651957703369263 ], [ 121.118107775543336, 14.652358449618571 ], [ 121.118301695872233, 14.652663093971107 ], [ 121.118746344584551, 14.653234262598735 ], [ 121.118914105852141, 14.653388364246267 ], [ 121.119670856201367, 14.6540011001112 ], [ 121.120190866020721, 14.654372698819184 ], [ 121.120800375700185, 14.65487304020205 ], [ 121.121627931722983, 14.655476665203521 ], [ 121.121885099039005, 14.655574489125238 ], [ 121.122281996088674, 14.65565773199223 ], [ 121.123267695886241, 14.655822305572007 ], [ 121.123960871654077, 14.655970697570535 ], [ 121.124093175640127, 14.656006909004271 ], [ 121.124670944121917, 14.65635670140732 ], [ 121.125015809385729, 14.656690285866322 ], [ 121.125575100184861, 14.657319427828272 ], [ 121.12625557774173, 14.658089991171778 ], [ 121.126406571400224, 14.658229584620967 ], [ 121.12652211539573, 14.658278500670541 ], [ 121.126669314788202, 14.658292935994366 ], [ 121.126831387999061, 14.65824931835936 ], [ 121.127023229445783, 14.658127686992101 ], [ 121.127175981592472, 14.658075004386708 ], [ 121.127427524036861, 14.658098454655256 ], [ 121.127733138691966, 14.658194432953191 ], [ 121.128230713556775, 14.6583846339087 ], [ 121.128459953414179, 14.658507859859091 ], [ 121.128618410530024, 14.65866377314628 ], [ 121.128780476575599, 14.658607456778123 ], [ 121.128948155257206, 14.658592857308978 ], [ 121.129086038067541, 14.658605482090785 ], [ 121.129212752878757, 14.658638065707093 ], [ 121.129367416534663, 14.658672448409199 ], [ 121.129939395491775, 14.658637681363588 ], [ 121.130611956687588, 14.658550255853985 ], [ 121.131073980548408, 14.65846838294669 ], [ 121.13120810112315, 14.658417521585147 ], [ 121.13139809557623, 14.658328538023062 ], [ 121.13153031064553, 14.658203307131176 ], [ 121.13170721514193, 14.658030890424781 ], [ 121.131796572598944, 14.657898426791728 ], [ 121.131833786716456, 14.657811339000954 ], [ 121.131843024266516, 14.657673476753644 ], [ 121.131842923243809, 14.657495713481653 ], [ 121.131798132817678, 14.657365135973699 ], [ 121.131635868823949, 14.657069555701774 ], [ 121.131298440576145, 14.6567269076043 ], [ 121.131089664113077, 14.656547442213975 ], [ 121.130851103906465, 14.656415154252528 ], [ 121.13060881254934, 14.656273798473594 ], [ 121.130493216717923, 14.656132374970923 ], [ 121.130289971921457, 14.655847699009437 ], [ 121.130260107383478, 14.655751577563384 ], [ 121.130423960656969, 14.655564657449254 ], [ 121.130567395422588, 14.655513791497432 ], [ 121.130783506618172, 14.655486467513274 ], [ 121.130953068455483, 14.655511771669547 ], [ 121.131126368947932, 14.655558840642138 ], [ 121.131297799169431, 14.655593213104881 ], [ 121.131521367098813, 14.655573140084085 ], [ 121.131729984396756, 14.655473262773699 ], [ 121.131938577780886, 14.655331665317524 ], [ 121.132139700706105, 14.65515923520616 ], [ 121.132361327336852, 14.655003119040494 ], [ 121.132739453391622, 14.654837848272173 ], [ 121.133059845085043, 14.654714328265541 ], [ 121.133301952766288, 14.65453643312604 ], [ 121.133523551831487, 14.654334968073929 ], [ 121.133799079204493, 14.653955709953991 ], [ 121.134162151314797, 14.65353831135238 ], [ 121.134469469912432, 14.653365820958111 ], [ 121.135033872782628, 14.653144212715004 ], [ 121.135540544831102, 14.652969796830119 ], [ 121.136002524220814, 14.65283531077786 ], [ 121.13628946220345, 14.652860545728579 ], [ 121.136634173545303, 14.652912956711054 ], [ 121.136868971713099, 14.652985381798461 ], [ 121.136952812916704, 14.652985334825118 ], [ 121.137079397860745, 14.652802058747065 ], [ 121.137178026979285, 14.652604286999752 ], [ 121.137478006726013, 14.652629513164229 ], [ 121.137740707653208, 14.652627551284723 ], [ 121.137962386103979, 14.652569381012793 ], [ 121.138105755473987, 14.652415117488822 ], [ 121.138221308701361, 14.652480352955827 ], [ 121.138334995611174, 14.652540147686024 ], [ 121.138500791745415, 14.652501961576167 ], [ 121.138763276114787, 14.652139030207206 ], [ 121.140189342758077, 14.650337001008774 ], [ 121.140323441952276, 14.650262553567913 ], [ 121.140515338347072, 14.650255187532137 ], [ 121.140940190336295, 14.650356521647819 ], [ 121.141269893061946, 14.650243868471271 ], [ 121.141547356116988, 14.650013340858028 ], [ 121.141832303292546, 14.649835412012743 ], [ 121.142122909565941, 14.649771755980709 ], [ 121.142387473459763, 14.649775229532889 ], [ 121.142557061231045, 14.649847686964319 ], [ 121.142808680920481, 14.650008977940436 ], [ 121.14298196157695, 14.65002701553834 ], [ 121.143255806495176, 14.649974251390143 ], [ 121.143414169881609, 14.649972344397604 ], [ 121.143641505603611, 14.650030255768989 ], [ 121.143820380191585, 14.650055545093766 ], [ 121.144025376833682, 14.650142491853103 ], [ 121.14418569851324, 14.650292951769259 ], [ 121.144415061130289, 14.650612064471604 ], [ 121.14452509510393, 14.650787948693351 ], [ 121.144614567944672, 14.650856824270448 ], [ 121.144888482877747, 14.650914706768313 ], [ 121.145292850593506, 14.651026928548356 ], [ 121.14555375378211, 14.651131979717164 ], [ 121.145717793165304, 14.651266111125114 ], [ 121.145781308797254, 14.651534532033816 ], [ 121.145829955078909, 14.651859193072998 ], [ 121.145873065971998, 14.652269111240855 ], [ 121.145971912826056, 14.652428676232581 ], [ 121.146124825141541, 14.652642626092408 ], [ 121.146303877981879, 14.652945441796451 ], [ 121.146421298163148, 14.653012485954319 ], [ 121.146607648756984, 14.653070419013213 ], [ 121.146702727574336, 14.653162871230819 ], [ 121.146721453498714, 14.653311600665173 ], [ 121.14666190793244, 14.653429540755161 ], [ 121.146473921758357, 14.65373076313111 ], [ 121.146446071265913, 14.653883148410403 ], [ 121.146492743121101, 14.654030047138471 ], [ 121.146597169145025, 14.654171469363652 ], [ 121.146796554723977, 14.65421669703275 ], [ 121.147005273452294, 14.654289127560373 ], [ 121.147135753949556, 14.654383372121094 ], [ 121.147607434605391, 14.654858331268334 ], [ 121.147885321082853, 14.65528987338166 ], [ 121.147971097244863, 14.655400469809171 ], [ 121.148066155523765, 14.655458457146223 ], [ 121.148192825787987, 14.6554202879309 ], [ 121.148261714819526, 14.655345875637471 ], [ 121.148356611000793, 14.655151729363563 ], [ 121.148513045971242, 14.655042799310705 ], [ 121.148779473524698, 14.655037194845587 ], [ 121.149314218747108, 14.655067703786125 ], [ 121.149683183373241, 14.655159986514688 ], [ 121.149966450208069, 14.655263204964976 ], [ 121.150182715733322, 14.655477112989042 ], [ 121.150348672819646, 14.655685610176034 ], [ 121.150525802081987, 14.655883216860941 ], [ 121.150717827477081, 14.656066302890032 ], [ 121.150982484516277, 14.656200368089534 ], [ 121.151139039051401, 14.656274641159431 ], [ 121.15128258487546, 14.656399711706289 ], [ 121.151491439473304, 14.656673482121684 ], [ 121.151649962734766, 14.656907377714939 ], [ 121.151752509945609, 14.657017962248002 ], [ 121.151940757173946, 14.657119423632384 ], [ 121.152086192320965, 14.657282584597313 ], [ 121.152233544796516, 14.657527370220729 ], [ 121.15225969278579, 14.657623491076677 ], [ 121.152250970327572, 14.658521381994399 ], [ 121.152709309826889, 14.658515652692548 ], [ 121.153055855889448, 14.658506365112967 ], [ 121.153350255741714, 14.658531574223076 ], [ 121.153547772531155, 14.65856047203113 ], [ 121.153676375781188, 14.658625691470007 ], [ 121.153760315972164, 14.658770751140672 ], [ 121.153834953672771, 14.658935769676697 ], [ 121.153868608620542, 14.659111697606535 ], [ 121.15385374917517, 14.659180635587726 ], [ 121.153803540014238, 14.659325780159321 ] ] ] } },
{ "type": "Feature", "properties": { "Agency": "LTFRB", "Type": "PUJ", "Route_Code": "PUJ22A", "Route_Name": "Cubao - Bagumbayan via Libis", "Route_Begi": "Araneta Center Jeepney Terminal (Telus), Cubao", "Route_End": "Bagumbayan Jeepney Terminal", "Schedule_T": "04:00-22:00", "Trip_Code": null, "Schedule_D": "Mondays to Sundays" }, "geometry": { "type": "MultiLineString", "coordinates": [ [ [ 121.054281946273605, 14.618251416990535 ], [ 121.054535242627011, 14.618015555297346 ], [ 121.054661415226036, 14.617853183376441 ], [ 121.054918469714352, 14.617769689864824 ], [ 121.05508238695775, 14.617709796433639 ], [ 121.055086084793885, 14.61758282118271 ], [ 121.055076748695797, 14.617483057459035 ], [ 121.055112137930394, 14.617461283042932 ], [ 121.056481005765761, 14.618438924370054 ], [ 121.057735916993536, 14.61932407260262 ], [ 121.058190518005176, 14.619596514028945 ], [ 121.058961813567095, 14.619897452879833 ], [ 121.059897047756493, 14.620216490940305 ], [ 121.061152716781564, 14.620611635112589 ], [ 121.062927637398673, 14.621194615078187 ], [ 121.06330240042584, 14.620349917493572 ], [ 121.063585356896638, 14.61957711832421 ], [ 121.064013580993006, 14.618677308581661 ], [ 121.064184905764961, 14.618455967988428 ], [ 121.064963125188015, 14.616743433127949 ], [ 121.065625873491996, 14.615165154899728 ], [ 121.06635939717556, 14.613579600799742 ], [ 121.06779014023428, 14.613960153242134 ], [ 121.070245496362787, 14.614547206472171 ], [ 121.070521178661295, 14.614496341267298 ], [ 121.070945881934051, 14.614430923291643 ], [ 121.071266263018174, 14.614351022128666 ], [ 121.071989066643312, 14.614456027980356 ], [ 121.072883299095167, 14.614724235815812 ], [ 121.073181429864491, 14.614988983346052 ], [ 121.073494481497178, 14.615311771676248 ], [ 121.073725523414922, 14.615482213842366 ], [ 121.074087096450754, 14.616087959031997 ], [ 121.074299482433304, 14.616164082131274 ], [ 121.074489466675402, 14.616084214372762 ], [ 121.074597426022152, 14.615808466947833 ], [ 121.074731383043115, 14.615267879421866 ], [ 121.07498430959231, 14.613918248147469 ], [ 121.075147937876523, 14.612953194035274 ], [ 121.075252194067687, 14.612757259869316 ], [ 121.07537867053199, 14.612133233665576 ], [ 121.075661413465156, 14.610845265869047 ], [ 121.075754472224816, 14.61058766143103 ], [ 121.075918299417793, 14.610275618280671 ], [ 121.076219943217325, 14.609872837829593 ], [ 121.07673388468659, 14.609288601068457 ], [ 121.078141656366142, 14.607789874114371 ], [ 121.078346472916834, 14.607521350762898 ], [ 121.078547544581326, 14.607194782878357 ], [ 121.078700188820392, 14.606882741162279 ], [ 121.078882576177534, 14.606385670071013 ], [ 121.079001616359534, 14.605848712198146 ], [ 121.079049888508408, 14.605362566052115 ], [ 121.079134781304774, 14.602942767108804 ], [ 121.079212678643827, 14.601916062619408 ], [ 121.079179057050411, 14.601633101116706 ], [ 121.079056074355222, 14.601498909038881 ], [ 121.078839976635948, 14.601426419113471 ], [ 121.078553119818324, 14.601426507729409 ], [ 121.078601538387744, 14.601390214338494 ], [ 121.079421137510138, 14.601415354962903 ], [ 121.079395429546906, 14.60253999511264 ], [ 121.079332407222736, 14.603483254532179 ], [ 121.079206393170693, 14.605467724893527 ], [ 121.080704023222381, 14.605427347748984 ], [ 121.083367732799772, 14.605401091614462 ], [ 121.08406060470179, 14.605208586871326 ], [ 121.084133350972181, 14.605492441514375 ] ] ] } },
{ "type": "Feature", "properties": { "Agency": "LTFRB", "Type": "PUJ", "Route_Code": "PUJ24A", "Route_Name": "Cubao - Padilla", "Route_Begi": "Aurora Blvd./General Aguinaldo Ave. Intersection, Quezon City", "Route_End": "Marcos Hwy., San Isidro, Antipolo City", "Schedule_T": "04:00-22:00", "Trip_Code": "T248", "Schedule_D": "Mondays to Sundays" }, "geometry": { "type": "MultiLineString", "coordinates": [ [ [ 121.052544680673464, 14.622756071316379 ], [ 121.056309210121455, 14.624542576951432 ], [ 121.061421639271771, 14.62706277860716 ], [ 121.062490334306247, 14.627566947591797 ], [ 121.062841125119164, 14.627712193599097 ], [ 121.063391333951913, 14.627822565746655 ], [ 121.065080699035477, 14.628113962040338 ], [ 121.066792893130739, 14.628401525512563 ], [ 121.067100214692715, 14.628468974458093 ], [ 121.067413217730007, 14.62857772810249 ], [ 121.067808212411094, 14.628766272233646 ], [ 121.069820456880294, 14.629716228319571 ], [ 121.07198178493725, 14.630767704516199 ], [ 121.074169222755202, 14.631844547760421 ], [ 121.075093392008441, 14.632294129539478 ], [ 121.075711987857773, 14.63258417370221 ], [ 121.075967988318141, 14.63272073559807 ], [ 121.076528031601242, 14.632783461095844 ], [ 121.077041912083246, 14.632692182981568 ], [ 121.077457951661643, 14.632497261164422 ], [ 121.07789004877398, 14.632151577884322 ], [ 121.078580521696296, 14.631237377453067 ], [ 121.079526421039546, 14.629773931287891 ], [ 121.080073907692835, 14.62911462659352 ], [ 121.080535727302959, 14.628548537866953 ], [ 121.081088215254468, 14.627772684883366 ], [ 121.082501279362134, 14.626290257123109 ], [ 121.084227985498373, 14.624564651261737 ], [ 121.08558985033288, 14.623282886440988 ], [ 121.087522799770468, 14.621286911974765 ], [ 121.089087004104016, 14.61965383603885 ], [ 121.089578636531314, 14.619220814959176 ], [ 121.089947408559951, 14.619025913763819 ], [ 121.09036835862976, 14.618880649293228 ], [ 121.090942070296521, 14.618757095878761 ], [ 121.091471103103871, 14.618712236093009 ], [ 121.092205089538965, 14.618771146833039 ], [ 121.09448301472392, 14.619271621176402 ], [ 121.096355893415023, 14.619680173096762 ], [ 121.097838850089389, 14.619971638342992 ], [ 121.099185815447697, 14.62024863683007 ], [ 121.100849504679189, 14.620603498166377 ], [ 121.102377195522934, 14.620925752971649 ], [ 121.109739985213565, 14.622486208706638 ], [ 121.115113086137555, 14.623601142220283 ], [ 121.119960405771238, 14.624655895004286 ], [ 121.119956860533364, 14.625007796682949 ], [ 121.121957745133685, 14.625249879591744 ], [ 121.12206570639178, 14.625082945743236 ], [ 121.124226894482192, 14.625495437844844 ], [ 121.124562217695654, 14.625495268324627 ], [ 121.125263082997122, 14.625395600499923 ], [ 121.125660318580501, 14.625341433835828 ], [ 121.126563280917239, 14.625191776041174 ], [ 121.127960341314633, 14.624977010412922 ], [ 121.129931117499979, 14.6246639819752 ], [ 121.13128719965782, 14.624470985127095 ], [ 121.132792340058103, 14.624328689393954 ], [ 121.133980859493917, 14.624313531399942 ], [ 121.135482423517573, 14.624432424229383 ], [ 121.13720012167677, 14.624612859486593 ], [ 121.139767532214805, 14.625170092534702 ], [ 121.141485378871195, 14.625579049425355 ], [ 121.143001874028471, 14.625723279859658 ], [ 121.144613835775189, 14.625852479074606 ], [ 121.144841101494052, 14.625837833023754 ], [ 121.145057157900155, 14.625772403778114 ], [ 121.145507887980827, 14.625623394434836 ], [ 121.146708651881994, 14.625078954336157 ], [ 121.147008917646744, 14.62487878941204 ], [ 121.148898765003764, 14.624054578851315 ], [ 121.149206528110739, 14.62393059098112 ], [ 121.149573014764599, 14.62387277460061 ], [ 121.151670627651413, 14.623867850378533 ], [ 121.152731101949755, 14.623903012612773 ], [ 121.153246587521096, 14.623797935185511 ], [ 121.154660755559433, 14.623451943612324 ], [ 121.156655188369925, 14.623077454900317 ], [ 121.157947873115617, 14.622848065680133 ], [ 121.158346519834922, 14.622833295128039 ], [ 121.158652074849471, 14.622894769079066 ], [ 121.158965141599893, 14.623043305632832 ], [ 121.159675659586853, 14.623466842605307 ], [ 121.160007349148799, 14.623604482015601 ], [ 121.160353858920971, 14.62362239279976 ], [ 121.160932728879388, 14.623589813167298 ], [ 121.161551197411583, 14.623574891439807 ], [ 121.161826920055859, 14.623596474919117 ], [ 121.162128789576983, 14.623712364180507 ], [ 121.162441923751473, 14.623951591700578 ], [ 121.162646954459632, 14.624111078968586 ], [ 121.162880355772117, 14.624215676114876 ], [ 121.163308839124952, 14.624240783160435 ], [ 121.16382803049764, 14.624113912905056 ], [ 121.164342072087763, 14.623950313217852 ], [ 121.164621404457549, 14.623808638648988 ], [ 121.164835920240961, 14.62355409159845 ], [ 121.165030753629793, 14.623129956733891 ], [ 121.165268931775188, 14.622752500489563 ], [ 121.165542605547003, 14.622516505122718 ], [ 121.166056646049682, 14.622358343424274 ], [ 121.166513007552211, 14.622298171560379 ], [ 121.166920906389649, 14.622199939944858 ], [ 121.167385536740312, 14.621983764050727 ], [ 121.167586639865462, 14.62186390687601 ], [ 121.168048345991849, 14.621471781988749 ], [ 121.168487775816033, 14.621188506530721 ], [ 121.169113466929389, 14.620872449993149 ], [ 121.169543248905654, 14.620771931162313 ], [ 121.170115596484962, 14.62074840293203 ], [ 121.170567880131259, 14.620847397008403 ], [ 121.171048631236076, 14.621024821910538 ], [ 121.173462601869588, 14.622472876941147 ], [ 121.173557185026979, 14.622528587052429 ], [ 121.174014178678277, 14.622702502276837 ], [ 121.174367642984819, 14.622759917989738 ], [ 121.174763889398506, 14.622771569703909 ], [ 121.17517278639923, 14.622677515556289 ], [ 121.175545244426374, 14.622549313704596 ], [ 121.176236240393337, 14.622297541076051 ], [ 121.176482767076962, 14.622237878412022 ], [ 121.176794530060036, 14.622230330513863 ], [ 121.17742677944085, 14.622325114788842 ], [ 121.178258920409959, 14.622554236806829 ], [ 121.178691858509296, 14.622630069438429 ], [ 121.179277289794015, 14.622657923925539 ], [ 121.179278578338852, 14.622564777665923 ], [ 121.179173670722093, 14.62181389523114 ], [ 121.179083593145265, 14.620968678213549 ], [ 121.179038723058255, 14.620761925263718 ], [ 121.179623462929584, 14.620507544024907 ], [ 121.179904565588643, 14.620266084679074 ], [ 121.180280630512527, 14.619970136848622 ], [ 121.180539279025567, 14.619603533428601 ], [ 121.180894538788905, 14.61891216694724 ], [ 121.181411662629415, 14.617966730650489 ], [ 121.181473076021206, 14.617890500209247 ], [ 121.181782216502839, 14.617775991538695 ], [ 121.182763749250043, 14.617546698768093 ], [ 121.183551585979302, 14.617368338565937 ], [ 121.185138436905163, 14.617017043389476 ], [ 121.186010090387114, 14.616830448099972 ], [ 121.186454312936377, 14.616753921462022 ], [ 121.186961909020525, 14.616723599757995 ], [ 121.187374523769137, 14.616721466275566 ], [ 121.187659544498601, 14.616731221625512 ], [ 121.187657816126119, 14.616895382135636 ], [ 121.187568703288747, 14.61726548966265 ], [ 121.187433229266915, 14.617892301849627 ], [ 121.187366668538758, 14.61850545615599 ], [ 121.187356209472469, 14.619383398233467 ], [ 121.187342089925906, 14.620341155253943 ], [ 121.187372029185596, 14.62050438419972 ], [ 121.187413101130659, 14.620613187116376 ], [ 121.187592583387357, 14.62083525214047 ] ] ] } },
{ "type": "Feature", "properties": { "Agency": "LTFRB", "Type": "PUJ", "Route_Code": "PUJ26A", "Route_Name": "Cubao - QMC via Ybardolaza", "Route_Begi": "Elliptical Rd. / Commonwealth Ave. Intersection, Quezon City", "Route_End": "P.A. Bernardo, Quezon City", "Schedule_T": "04:00-22:00", "Trip_Code": "T245", "Schedule_D": "Mondays to Sundays" }, "geometry": { "type": "MultiLineString", "coordinates": [ [ [ 121.048875665498983, 14.619160327693379 ], [ 121.048553419464227, 14.619309127445796 ], [ 121.047981565774407, 14.619543225490656 ], [ 121.047605308717152, 14.619762776434259 ], [ 121.047137832797716, 14.620321545875152 ], [ 121.046158834546603, 14.619977069105678 ], [ 121.045736876412235, 14.619867398117471 ], [ 121.045721058452727, 14.619959910746553 ], [ 121.046281812397183, 14.620137580210596 ], [ 121.046646028377594, 14.620279910713574 ], [ 121.04684723382212, 14.620366944261836 ], [ 121.046337819211246, 14.620809628380261 ], [ 121.045853562002023, 14.621312166525943 ], [ 121.045585347647531, 14.621537137729295 ], [ 121.045169966566021, 14.621769388707605 ], [ 121.044778794541912, 14.621958100880427 ], [ 121.044629772512039, 14.622007101107334 ], [ 121.044519870928937, 14.622056094876541 ], [ 121.043869739637032, 14.622141454034233 ], [ 121.044238634521619, 14.622400785407281 ], [ 121.044585179373627, 14.622681886880491 ], [ 121.044758451033587, 14.622816088698412 ], [ 121.045052836267985, 14.623097197998398 ], [ 121.044418048557745, 14.623497951588801 ], [ 121.043737760696089, 14.623841118723465 ], [ 121.042914430447496, 14.624267519806212 ], [ 121.04257727681447, 14.624459847675656 ], [ 121.042003528032041, 14.624615932718958 ], [ 121.041310544563245, 14.624721244372557 ], [ 121.040522533329636, 14.624703221233483 ], [ 121.039986401876078, 14.624674049209391 ], [ 121.039554324840353, 14.625455910409073 ], [ 121.039269966082841, 14.626296929240166 ], [ 121.038849153337111, 14.627711845550174 ], [ 121.038552547774771, 14.628695711241011 ], [ 121.038476743415842, 14.628930850984991 ], [ 121.038402270240752, 14.629239227528885 ], [ 121.03844329421014, 14.629511309884286 ], [ 121.038719186804414, 14.630726598143317 ], [ 121.038980167556502, 14.631865703404573 ], [ 121.0391963512469, 14.632406221193342 ], [ 121.039412585612197, 14.633280499868933 ], [ 121.039557994188854, 14.633926234518015 ], [ 121.039654872502439, 14.633947987812162 ], [ 121.040668303339444, 14.63374468279865 ], [ 121.042900068926485, 14.633229192548287 ], [ 121.043570716531434, 14.633087601343494 ], [ 121.044051353214499, 14.633024037366614 ], [ 121.044297268891142, 14.633042136874311 ], [ 121.044569273424656, 14.63310195200744 ], [ 121.044703429522514, 14.633228904424412 ], [ 121.045079812292485, 14.633582556729117 ], [ 121.045159949531595, 14.633749424013834 ], [ 121.045236400617213, 14.63414303173982 ], [ 121.045939289220868, 14.637193925141947 ], [ 121.046886435815864, 14.641235172542133 ], [ 121.047475638846592, 14.643832599673388 ], [ 121.04838929908847, 14.647833938226068 ], [ 121.04842577757131, 14.648614369290732 ], [ 121.048165019392016, 14.649020733336734 ], [ 121.047970327099449, 14.649131587009117 ], [ 121.047763579597145, 14.649343228385183 ], [ 121.047167505333363, 14.650003598694733 ], [ 121.0469439856939, 14.650301119857644 ], [ 121.046690705639477, 14.65087436120397 ], [ 121.046578059711464, 14.651277523474404 ], [ 121.046540901017053, 14.651850727358616 ], [ 121.046548487690089, 14.652590803797279 ], [ 121.046645463215924, 14.653098683577861 ], [ 121.046788052490655, 14.653421082521362 ], [ 121.047130952798739, 14.653863618454583 ], [ 121.047548356364416, 14.654175538821356 ], [ 121.048240559452694, 14.65439716706816 ], [ 121.048754795631211, 14.654426097048146 ], [ 121.04939664457801, 14.654385620162619 ], [ 121.049918290703999, 14.654196876330099 ], [ 121.050350490276287, 14.653935591548752 ], [ 121.0505162911507, 14.653837608844269 ], [ 121.050791977648089, 14.653540074433383 ], [ 121.050872076577775, 14.653458432987879 ] ] ] } },
{ "type": "Feature", "properties": { "Agency": "LTFRB", "Type": "PUJ", "Route_Code": "PUJ27A", "Route_Name": "Cubao - Remedios via Quiapo L Guinto", "Route_Begi": "Aurora Blvd./General Aguinaldo Ave. Intersection, Quezon City", "Route_End": "Remedios Jeepney Area, City of Manila", "Schedule_T": "04:00-22:00", "Trip_Code": "T3143", "Schedule_D": "Mondays to Sundays" }, "geometry": { "type": "MultiLineString", "coordinates": [ [ [ 121.052515501973787, 14.622746667354768 ], [ 121.051515036046311, 14.622277056922069 ], [ 121.050085144084761, 14.621621595818331 ], [ 121.049548595093171, 14.621414908355154 ], [ 121.049161107792344, 14.621367817502653 ], [ 121.048711224185539, 14.621372434029944 ], [ 121.048225978380685, 14.621549378479132 ], [ 121.047603829902684, 14.621832460407603 ], [ 121.044984852431341, 14.623164324268171 ], [ 121.044288200543932, 14.623570756187753 ], [ 121.042611197035285, 14.624451679793738 ], [ 121.042003528032041, 14.624615932718958 ], [ 121.04111346629189, 14.624722860830332 ], [ 121.039986401876078, 14.624674049209391 ], [ 121.036642993245025, 14.624391759462785 ], [ 121.03248495970675, 14.624073008498375 ], [ 121.031362947076943, 14.624025061555669 ], [ 121.030982907381585, 14.623948916969207 ], [ 121.028293342102117, 14.623104802786521 ], [ 121.023457160238166, 14.621566997833845 ], [ 121.018907934021129, 14.62015967960107 ], [ 121.015078225101291, 14.618971731801976 ], [ 121.011337213655082, 14.618639890229838 ], [ 121.010406175216431, 14.618576420043675 ], [ 121.009892087909549, 14.618456099677708 ], [ 121.00785406548647, 14.618326126575946 ], [ 121.005528359211553, 14.618130549902489 ], [ 121.005241480638105, 14.618101525661952 ], [ 121.004321233727097, 14.618063426137402 ], [ 121.003780015299171, 14.617992351335259 ], [ 121.002870077365927, 14.617909224098389 ], [ 121.002237580478038, 14.617829074627865 ], [ 121.002051295678839, 14.617836326757725 ], [ 121.001960016197316, 14.617836324960127 ], [ 121.001937661503348, 14.617861719420837 ], [ 121.002014035626345, 14.617986881543942 ], [ 121.002108169187977, 14.618090602860097 ], [ 121.002557108897093, 14.618464278966071 ], [ 121.002860749671839, 14.618705535625105 ], [ 121.003168986064196, 14.618968233072787 ], [ 121.002973384300674, 14.619082507182167 ], [ 121.001736937988596, 14.617942434846487 ], [ 121.001667546991698, 14.617939259026373 ], [ 121.001598622313523, 14.617909327847936 ], [ 121.001554846077184, 14.617879850674766 ], [ 121.001522712946155, 14.617837222813328 ], [ 121.001503619750977, 14.617794595232541 ], [ 121.00150148804471, 14.617735867383272 ], [ 121.001512870222641, 14.617671746871304 ], [ 121.001513544259737, 14.617669297614649 ], [ 121.000360857989179, 14.616641239023071 ], [ 120.999556136081537, 14.615904763723963 ], [ 120.998347200316559, 14.614803673260319 ], [ 120.997529452994499, 14.614045423320862 ], [ 120.996406222437727, 14.613033208148179 ], [ 120.995456234751074, 14.612171551412018 ], [ 120.994325573149425, 14.611139372553295 ], [ 120.993481774303874, 14.610379292894304 ], [ 120.992101531712663, 14.609156626995988 ], [ 120.990657977495601, 14.607835996627454 ], [ 120.989633529614196, 14.606905381616256 ], [ 120.989313157963664, 14.606622386016905 ], [ 120.98811310976626, 14.60552545119898 ], [ 120.987952922140664, 14.605427486566274 ], [ 120.987795120201497, 14.605385172629862 ], [ 120.987670319616342, 14.605348884060751 ], [ 120.987355521854965, 14.605285370971792 ], [ 120.985829970191034, 14.604933338917407 ], [ 120.985598996040096, 14.604877086600261 ], [ 120.985405277786825, 14.604809953898892 ], [ 120.985274363694771, 14.604757919199352 ], [ 120.985194835040872, 14.604329244854897 ], [ 120.985079409133334, 14.603676221605129 ], [ 120.984952808994692, 14.603008685833041 ], [ 120.984662353198686, 14.601709888957725 ], [ 120.984572979382477, 14.601345281742526 ], [ 120.984455689798992, 14.600735792032904 ], [ 120.984185713512517, 14.599594807706444 ], [ 120.983837535479324, 14.598179912693226 ], [ 120.983686737199932, 14.597418049468212 ], [ 120.983552692446523, 14.596766837182884 ], [ 120.983480065217449, 14.596605390665998 ], [ 120.983273323441054, 14.596469325709736 ], [ 120.982934340239098, 14.596262504116032 ], [ 120.981872699927266, 14.595558591071589 ], [ 120.980929957720988, 14.594952367653272 ], [ 120.980678833091844, 14.59472586981629 ], [ 120.980110360363085, 14.594389155132674 ], [ 120.979581790928464, 14.594235985547094 ], [ 120.979071704371208, 14.594032624846879 ], [ 120.978928048061988, 14.593864054239997 ], [ 120.978892684378167, 14.593651820761078 ], [ 120.978918781110877, 14.593494012336098 ], [ 120.979257841902736, 14.593007920242099 ], [ 120.979513068724145, 14.59263609523947 ], [ 120.979552195124782, 14.59254540349192 ], [ 120.97993780941411, 14.592137314565454 ], [ 120.980030962034149, 14.591961374386099 ], [ 120.980310456699215, 14.591116116580013 ], [ 120.980407334047413, 14.590938362727901 ], [ 120.980588868597721, 14.590412027841491 ], [ 120.980675624922512, 14.590309867316009 ], [ 120.980756685079541, 14.589997881018357 ], [ 120.980849855344587, 14.58965687320168 ], [ 120.980842428330519, 14.589455526577543 ], [ 120.980963562296594, 14.588898664558478 ], [ 120.981403231107222, 14.588067934160266 ], [ 120.981954672744735, 14.587050380262529 ], [ 120.982647703164602, 14.58568275167352 ], [ 120.983545333544185, 14.58430712309357 ], [ 120.984119392916199, 14.583172423057102 ], [ 120.984857091029383, 14.581884604539628 ], [ 120.98667952639552, 14.578844862188964 ], [ 120.987642517923803, 14.577089515408938 ], [ 120.989566227091672, 14.573758597935527 ], [ 120.98821040471671, 14.573036551489793 ], [ 120.98893407989145, 14.571710625337492 ], [ 120.989084001489772, 14.57179044950316 ] ] ] } },
{ "type": "Feature", "properties": { "Agency": "LTFRB", "Type": "PUJ", "Route_Code": "PUJ28A", "Route_Name": "Silangan - Cubao", "Route_Begi": "Silangan Elementary School", "Route_End": "Aurora Blvd./General Aguinaldo Ave. Intersection, Quezon City", "Schedule_T": "04:00-22:00", "Trip_Code": "T274", "Schedule_D": "Mondays to Sundays" }, "geometry": { "type": "MultiLineString", "coordinates": [ [ [ 121.151504833963557, 14.657939909018816 ], [ 121.150299643649831, 14.658379623228539 ], [ 121.148910260125618, 14.659233015536518 ], [ 121.148299490829018, 14.659788445067919 ], [ 121.14793837550512, 14.660325582249627 ], [ 121.147834380520294, 14.660862562793536 ], [ 121.147812347596016, 14.661370470939222 ], [ 121.147857392544893, 14.661881966129258 ], [ 121.147842621742853, 14.662092388632566 ], [ 121.147798023187121, 14.662277434516275 ], [ 121.147645346353414, 14.662444406898038 ], [ 121.147436733310983, 14.662549740148913 ], [ 121.146937411719136, 14.662582692522442 ], [ 121.146303878421179, 14.662521401221033 ], [ 121.145953621026408, 14.662565145302874 ], [ 121.145711416415807, 14.662587057299067 ], [ 121.144854156118399, 14.662300971006591 ], [ 121.144127384117809, 14.662112755500607 ], [ 121.14383674074314, 14.662141949835156 ], [ 121.143587166969084, 14.662298093306539 ], [ 121.143259443479096, 14.66262479000636 ], [ 121.142913005989456, 14.662820895703714 ], [ 121.142488272266718, 14.662951745915729 ], [ 121.142186557627298, 14.663158707844195 ], [ 121.142056312675962, 14.663452637192053 ], [ 121.14201182048933, 14.663819072912734 ], [ 121.141941167125211, 14.664062177983224 ], [ 121.141427170698194, 14.664479675979775 ], [ 121.14101367870748, 14.664719351578762 ], [ 121.140559161463955, 14.664904632802026 ], [ 121.140238781316199, 14.665064441309381 ], [ 121.139978037596336, 14.665245982075806 ], [ 121.139646479260989, 14.665409424004332 ], [ 121.139344642691455, 14.665424107885173 ], [ 121.138927243601998, 14.665369928631051 ], [ 121.138684980753453, 14.665301137873914 ], [ 121.138409236157315, 14.665326689167857 ], [ 121.138137200646568, 14.665323215477782 ], [ 121.137924760767802, 14.665272546143187 ], [ 121.137622848718664, 14.665160254135168 ], [ 121.137261321908781, 14.665062506535286 ], [ 121.136922195067484, 14.665033674390424 ], [ 121.136482500440863, 14.665084710017007 ], [ 121.135670236129414, 14.665270181372154 ], [ 121.135103912208848, 14.66544463057409 ], [ 121.134884074850973, 14.665488285870747 ], [ 121.134679094835917, 14.665448492908297 ], [ 121.134190870421406, 14.665354438139554 ], [ 121.13377722426867, 14.665343781409442 ], [ 121.133240637517389, 14.665391236095632 ], [ 121.132935128086999, 14.665500236988699 ], [ 121.132737728108893, 14.665681735235136 ], [ 121.132629778195664, 14.665888579562608 ], [ 121.132626149267381, 14.666059089084197 ], [ 121.13265977287891, 14.666207811476944 ], [ 121.132719442581873, 14.666287591145034 ], [ 121.133021376646184, 14.666439795528104 ], [ 121.133144440904886, 14.666595724807815 ], [ 121.13322662637745, 14.666947578574888 ], [ 121.133256555316265, 14.667150720176851 ], [ 121.133193369296137, 14.667437352373272 ], [ 121.131867132380918, 14.668149123808828 ], [ 121.131300861671548, 14.668436026165784 ], [ 121.131196555560734, 14.668501382877286 ], [ 121.131166790450536, 14.668584838689442 ], [ 121.131204125651834, 14.668708164538131 ], [ 121.131685356598084, 14.669600349540943 ], [ 121.130634585385451, 14.669810419457662 ], [ 121.130001287533091, 14.670198933368937 ], [ 121.129602196180585, 14.66957516006085 ], [ 121.129494055147589, 14.669448243602293 ], [ 121.129333776872798, 14.669383027573138 ], [ 121.129158610653349, 14.669350469663494 ], [ 121.128953628027929, 14.669310671685807 ], [ 121.128819439901122, 14.669252697197608 ], [ 121.128703860458543, 14.669151179014605 ], [ 121.128618037222239, 14.668948066191161 ], [ 121.127737660103065, 14.667290613016503 ], [ 121.127607265826484, 14.667352353905823 ], [ 121.127435883725312, 14.667421371681579 ], [ 121.127059552703301, 14.667508634771913 ], [ 121.126657108018748, 14.667545121260728 ], [ 121.126549072431118, 14.667606850004985 ], [ 121.126373945510267, 14.667643218548255 ], [ 121.12616525419196, 14.667632442565925 ], [ 121.125971423761854, 14.66753821888754 ], [ 121.125706699323146, 14.667277151642162 ], [ 121.125609713762813, 14.667099438116043 ], [ 121.125423250940941, 14.666845586077919 ], [ 121.125344937466721, 14.66674041930262 ], [ 121.12525917886957, 14.666649767585325 ], [ 121.125139854442821, 14.66650834346539 ], [ 121.12508757991192, 14.666316095607426 ], [ 121.125147094604174, 14.666112907269561 ], [ 121.125307224579572, 14.665909667539493 ], [ 121.125407800830843, 14.665837059717131 ], [ 121.125594098125973, 14.665786174901312 ], [ 121.125765501139227, 14.665757064501955 ], [ 121.126015150620177, 14.66570977467615 ], [ 121.126145514845618, 14.665593617372567 ], [ 121.126480634395094, 14.665107316692664 ], [ 121.12643188617605, 14.664548657334333 ], [ 121.12619682095719, 14.664000977352018 ], [ 121.125876193829697, 14.663721799841181 ], [ 121.125499676575231, 14.663453533939322 ], [ 121.12468716559124, 14.663185489333852 ], [ 121.123091976367704, 14.662678399171908 ], [ 121.122197609420184, 14.662638939641667 ], [ 121.121482130829278, 14.662635666548113 ], [ 121.12117281923237, 14.662603168816133 ], [ 121.120755382683029, 14.662458261292405 ], [ 121.120393893810856, 14.662411276848955 ], [ 121.119920664237796, 14.662465925388483 ], [ 121.119600261240294, 14.662603938646622 ], [ 121.119317138977124, 14.662774583794546 ], [ 121.119082448966338, 14.662923438227587 ], [ 121.118911056479391, 14.662970682806042 ], [ 121.118762004134382, 14.662981638249885 ], [ 121.118499911440026, 14.661608048127475 ], [ 121.118494204578241, 14.661393689397991 ], [ 121.118546306593913, 14.661106637922552 ], [ 121.118626389090807, 14.660801406719056 ], [ 121.118660201674686, 14.660645369157704 ], [ 121.118671033318435, 14.660527075156919 ], [ 121.118675529185083, 14.660194631007922 ], [ 121.118420527779961, 14.658312793713975 ], [ 121.118244818711005, 14.65718825253083 ], [ 121.117067284070842, 14.657172489738153 ], [ 121.115800307283749, 14.657136809967332 ], [ 121.115479800051673, 14.657053520293005 ], [ 121.115256165539165, 14.656944790150202 ], [ 121.114980299989426, 14.656709110256692 ], [ 121.114663399064383, 14.656379125640742 ], [ 121.114275551701695, 14.655748063914015 ], [ 121.113980867978626, 14.655124214142878 ], [ 121.113861426405919, 14.654714324931362 ], [ 121.113835142815319, 14.654304392704066 ], [ 121.113831224153472, 14.653908961453041 ], [ 121.113853363050723, 14.653459100777114 ], [ 121.113894195060169, 14.653136205388275 ], [ 121.113834263975974, 14.652497735543436 ], [ 121.113789402326901, 14.652196646600668 ], [ 121.113699825676164, 14.651895578234075 ], [ 121.113576772821958, 14.651717871340377 ], [ 121.113289787784183, 14.651587401379279 ], [ 121.113032662146296, 14.651558496558719 ], [ 121.112693564210815, 14.651540512338098 ], [ 121.112421505823974, 14.651453568416628 ], [ 121.11220530319909, 14.651286786622784 ], [ 121.112052452317187, 14.651130859393799 ], [ 121.111914465045018, 14.650887857473949 ], [ 121.111880902866858, 14.650833455255119 ], [ 121.110960580956103, 14.650960843936753 ], [ 121.109107305553863, 14.651071990832035 ], [ 121.107435426718084, 14.650686683864043 ], [ 121.105851759565823, 14.650654714522755 ], [ 121.104538373837542, 14.650879417146996 ], [ 121.10403349254257, 14.650935860513258 ], [ 121.103711132519308, 14.650878729481636 ], [ 121.103666339324789, 14.650700984590022 ], [ 121.103500353366471, 14.650318317895858 ], [ 121.103323185721095, 14.649927493102368 ], [ 121.102485864946914, 14.648128436569619 ], [ 121.101191736703129, 14.64547702275118 ], [ 121.099677592674126, 14.642335931825905 ], [ 121.098692969292784, 14.640101579140559 ], [ 121.098457055679177, 14.639524847030726 ], [ 121.098199656816604, 14.638799381966823 ], [ 121.09810635385486, 14.638433007564426 ], [ 121.097986929946373, 14.637972319712837 ], [ 121.097953290209432, 14.637717477654876 ], [ 121.097463364103277, 14.63782922524573 ], [ 121.097381265460243, 14.637522705385273 ], [ 121.097351518659067, 14.637114429874266 ], [ 121.097340752488535, 14.636408069421837 ], [ 121.097336089651165, 14.635837438540634 ], [ 121.097370241238437, 14.635631701556157 ], [ 121.095661951854737, 14.635821008593272 ], [ 121.09448084870499, 14.635912153217962 ], [ 121.092919724301467, 14.636083245398632 ], [ 121.091537414655647, 14.63617444961355 ], [ 121.09061712428435, 14.636256409782417 ], [ 121.09040093018983, 14.636223898566913 ], [ 121.089950070421992, 14.635991817639153 ], [ 121.088800397691486, 14.635446237284023 ], [ 121.087814692940384, 14.634953197669713 ], [ 121.086700432155197, 14.63442029191215 ], [ 121.085768776070793, 14.6339635033014 ], [ 121.08521910057496, 14.633693415801197 ], [ 121.084702995280509, 14.633523081208194 ], [ 121.084086288831543, 14.633349151125014 ], [ 121.083538509588536, 14.633164313132527 ], [ 121.082731761841558, 14.632932396783783 ], [ 121.081507665565525, 14.632568196230533 ], [ 121.08104002122559, 14.632452255425662 ], [ 121.080181656847515, 14.632304342633077 ], [ 121.079980143357446, 14.632267165317975 ], [ 121.079653908224699, 14.632256791202611 ], [ 121.079003381730118, 14.632142123621964 ], [ 121.07875055542624, 14.632089519839949 ], [ 121.078288284946751, 14.632044987146079 ], [ 121.07796601551523, 14.632117642850432 ], [ 121.077822591179967, 14.632192057402017 ], [ 121.077515286867452, 14.632456983232235 ], [ 121.077375592167016, 14.632544093799423 ], [ 121.077153932488855, 14.632649368310421 ], [ 121.076868929863139, 14.632749219977583 ], [ 121.076423711753591, 14.632804125715891 ], [ 121.075920665834232, 14.632711411891469 ], [ 121.07546416510624, 14.632477551879216 ], [ 121.074169222755202, 14.631844547760421 ], [ 121.072717740555262, 14.631112467225076 ], [ 121.071346407377234, 14.630441702588977 ], [ 121.069980685394796, 14.629819904088093 ], [ 121.068383924264324, 14.629047603634795 ], [ 121.06737407412534, 14.628550855470031 ], [ 121.067074118145271, 14.628465679334676 ], [ 121.066647487307748, 14.62839686077187 ], [ 121.066293509188938, 14.628320767143476 ], [ 121.065341506628727, 14.628157756420864 ], [ 121.064244190207901, 14.627969382933543 ], [ 121.063113534084152, 14.627770259845702 ], [ 121.062841125119164, 14.627712193599097 ], [ 121.062185515097994, 14.627427521353852 ], [ 121.061142148678712, 14.626910800905561 ], [ 121.055867636844951, 14.624314442744566 ], [ 121.052515501973787, 14.622746667354768 ] ] ] } },
{ "type": "Feature", "properties": { "Agency": "LTFRB", "Type": "PUJ", "Route_Code": "PUJ30A", "Route_Name": "Cubao - Taytay, Rizal", "Route_Begi": "8th Ave., Quezon City", "Route_End": "Barangay Muzon, Manila East Road, Taytay", "Schedule_T": "04:00-22:00", "Trip_Code": "T239", "Schedule_D": "Mondays to Sundays" }, "geometry": { "type": "MultiLineString", "coordinates": [ [ [ 121.055768920389923, 14.616019403955454 ], [ 121.056331216872806, 14.614782190241822 ], [ 121.056931108483283, 14.615061405438469 ], [ 121.055646374449893, 14.617826095348164 ], [ 121.056481005765761, 14.618438924370054 ], [ 121.05781223116999, 14.61938187457474 ], [ 121.058190518005176, 14.619596514028945 ], [ 121.058762003746736, 14.619822219971287 ], [ 121.059495552525306, 14.620078143411522 ], [ 121.062927637398673, 14.621194615078187 ], [ 121.062163857627382, 14.622794775318912 ], [ 121.061492115648832, 14.624229646102114 ], [ 121.061423825092149, 14.624610812107456 ], [ 121.060480698525751, 14.626448405321117 ], [ 121.062317769139469, 14.6273730721762 ], [ 121.062582326681166, 14.627460076884573 ], [ 121.06298475123927, 14.627586954189912 ], [ 121.06371505639882, 14.627731889833294 ], [ 121.06560788027177, 14.628061551379071 ], [ 121.066485845492011, 14.628224254121879 ], [ 121.067264591296151, 14.628369166155903 ], [ 121.06807085748062, 14.628713925358113 ], [ 121.06908069862962, 14.629170764271537 ], [ 121.069876761599687, 14.629543890738519 ], [ 121.071215935491225, 14.630218626819781 ], [ 121.072371131674089, 14.630780618263854 ], [ 121.073910652567264, 14.631568907038046 ], [ 121.074223649982287, 14.631634117430469 ], [ 121.075020651581539, 14.632067737073699 ], [ 121.076194972938382, 14.632616680395243 ], [ 121.076582472903723, 14.632623819945012 ], [ 121.077058871824633, 14.632495214047436 ], [ 121.07739788439271, 14.6323463699442 ], [ 121.077867216293328, 14.631925397774911 ], [ 121.078641881288135, 14.630920248713453 ], [ 121.079103651159912, 14.630180026723751 ], [ 121.080343811771598, 14.62849269315997 ], [ 121.080939682191115, 14.627694379541026 ], [ 121.081371758629231, 14.627331457509461 ], [ 121.083330850951697, 14.62530285919995 ], [ 121.08409063980757, 14.624511739041905 ], [ 121.084325260652463, 14.624214178160946 ], [ 121.084545018656939, 14.62403271283932 ], [ 121.084660456730404, 14.623858537955368 ], [ 121.085152107595249, 14.623426659967699 ], [ 121.086001273278214, 14.622555690925044 ], [ 121.086150196917345, 14.622258157362349 ], [ 121.086600847484434, 14.621797267572671 ], [ 121.087826171685535, 14.620574262011734 ], [ 121.088183737771303, 14.620291165673521 ], [ 121.088619479890909, 14.619837532842844 ], [ 121.088973262611205, 14.61940569520373 ], [ 121.089416508515896, 14.619100799633982 ], [ 121.089870939877088, 14.618821294101188 ], [ 121.09032913151826, 14.618636110159558 ], [ 121.090869311274986, 14.61851256896651 ], [ 121.091517570499292, 14.618479683165116 ], [ 121.092240405341471, 14.618606393109753 ], [ 121.092702421977336, 14.618682407540703 ], [ 121.09407731530608, 14.618957611421315 ], [ 121.095947799100855, 14.61939949831841 ], [ 121.096789868251534, 14.61954065973562 ], [ 121.097777271426864, 14.619754318069431 ], [ 121.099178259529964, 14.620034016353806 ], [ 121.099129618540545, 14.619540649651061 ], [ 121.099041734936492, 14.618753443551839 ], [ 121.098953658716283, 14.617503687965398 ], [ 121.100656176471475, 14.617223663695327 ], [ 121.101065985442233, 14.617187219609725 ], [ 121.101578218401031, 14.617076362401141 ], [ 121.10164691875876, 14.616553925582126 ], [ 121.101765943278536, 14.616096769292582 ], [ 121.102043126550441, 14.615220532785498 ], [ 121.1022644671731, 14.61444589832597 ], [ 121.102593712916743, 14.61335741106326 ], [ 121.102829950602271, 14.61257914199444 ], [ 121.10304340063081, 14.611843636736007 ], [ 121.10300425825335, 14.611789235312916 ], [ 121.103259086623609, 14.610932959464947 ], [ 121.10357761706004, 14.609890602421036 ], [ 121.103877083713684, 14.608889193574646 ], [ 121.103921732684853, 14.608758572664689 ], [ 121.104007429553846, 14.608780303942467 ], [ 121.104451992591891, 14.607337143937741 ], [ 121.104360707975886, 14.607315415159066 ], [ 121.104541158687937, 14.606781139771224 ], [ 121.103895640298362, 14.606609994346211 ], [ 121.104038879425488, 14.606172779602778 ], [ 121.104196958310766, 14.605595886626034 ], [ 121.104382995852376, 14.605060701991006 ], [ 121.104509479680459, 14.604648888831917 ], [ 121.105141490067879, 14.604792050087937 ], [ 121.104908510620263, 14.605562937313392 ], [ 121.104737400839326, 14.606154347611934 ], [ 121.104564401699605, 14.606687713084582 ], [ 121.104541158687937, 14.606781139771224 ], [ 121.104636169003257, 14.606803773876385 ], [ 121.104714762210961, 14.606560221952014 ], [ 121.10495233178095, 14.605668126267489 ], [ 121.105082534709496, 14.605243613807794 ], [ 121.105266665827813, 14.604615919290254 ], [ 121.105588479456841, 14.603634451574168 ], [ 121.105761535563502, 14.603238943237303 ], [ 121.105940245165115, 14.60299035999304 ], [ 121.106321820415459, 14.602364394337963 ], [ 121.106856036943938, 14.601520691923847 ], [ 121.107218995750955, 14.600929197264383 ], [ 121.107628473656504, 14.600236102272541 ], [ 121.10829668529334, 14.599156528591198 ], [ 121.108836461238539, 14.598283796337205 ], [ 121.109221726251718, 14.597616103970649 ], [ 121.109731720058349, 14.596803242102338 ], [ 121.110435300784076, 14.595721832568392 ], [ 121.112532881031953, 14.592305274232944 ], [ 121.114423880513314, 14.589365853730257 ], [ 121.1146262807287, 14.58901217274382 ], [ 121.114697428253436, 14.58884331743451 ], [ 121.114723423184046, 14.588676424472332 ], [ 121.114730822220253, 14.588571213502945 ], [ 121.114807569866628, 14.586461712655565 ], [ 121.118378046942894, 14.585395130963951 ], [ 121.12123103037338, 14.584479531156898 ], [ 121.123380091850507, 14.583843593697067 ], [ 121.125674373012288, 14.58312049424252 ], [ 121.127860635316907, 14.582440962566542 ], [ 121.130247993651452, 14.581681491549976 ], [ 121.133931436008908, 14.580536741892878 ], [ 121.135592504436374, 14.580009793222539 ], [ 121.139767485219338, 14.578683287741756 ], [ 121.143018811789432, 14.577676499300003 ], [ 121.143126747592603, 14.577531322432851 ], [ 121.143139629826763, 14.577279179594534 ], [ 121.143208286369145, 14.576863751074701 ], [ 121.143492285157649, 14.575303610892911 ], [ 121.143859790315162, 14.573257289639846 ], [ 121.144052857198361, 14.572241378905341 ], [ 121.144082451877011, 14.571911227361213 ], [ 121.144078542581724, 14.571613746136416 ], [ 121.144052268172089, 14.571290883115537 ], [ 121.14399998026839, 14.571065987266802 ], [ 121.143869375477024, 14.570688767763453 ], [ 121.143690367849786, 14.570344227186251 ], [ 121.142631529082237, 14.568759475612749 ], [ 121.141211196756444, 14.56684479289946 ], [ 121.13945163757505, 14.564436906243543 ], [ 121.1375802459455, 14.561811397064803 ], [ 121.137285720219609, 14.56135082455587 ], [ 121.13693164485494, 14.560966469718554 ], [ 121.136726640312759, 14.560719889860668 ], [ 121.136443277107176, 14.560233915047744 ], [ 121.136279173543372, 14.559863965088095 ], [ 121.136133634770999, 14.559392424845974 ], [ 121.136122134737619, 14.558833741875862 ], [ 121.136129514273208, 14.558714018644974 ], [ 121.135727180409177, 14.558598149679865 ], [ 121.135903981530731, 14.558389450514618 ], [ 121.136201606762043, 14.557790690124353 ], [ 121.136296477846727, 14.557605617056197 ], [ 121.136424913196535, 14.557493082398887 ], [ 121.136782013383154, 14.556694756310351 ], [ 121.137160568766973, 14.555966253860886 ], [ 121.137657273239867, 14.555059012855047 ], [ 121.138142801992515, 14.554155404892622 ], [ 121.138751094960284, 14.553010474310629 ], [ 121.139024560504424, 14.552520559449205 ], [ 121.139610464534371, 14.551321221390207 ], [ 121.140047590828445, 14.550472054637574 ], [ 121.140488422487877, 14.549596582967144 ], [ 121.140648411950139, 14.549322134890364 ], [ 121.141137741714303, 14.548585399655602 ], [ 121.142845703723339, 14.545988681584245 ], [ 121.143684816206317, 14.54476197665231 ], [ 121.144326649298691, 14.543736730764792 ] ] ] } },
{ "type": "Feature", "properties": { "Agency": "LTFRB", "Type": "PUJ", "Route_Code": "PUJ38A", "Route_Name": "EDSA/North Ave. - Quezon City Hall", "Route_Begi": "Epifanio de los Santos Avenue/North Avenue Intersection, Quezon City", "Route_End": "Quezon City Hall, Metro Manila", "Schedule_T": "04:00-22:00", "Trip_Code": "T138", "Schedule_D": "Mondays to Sundays" }, "geometry": { "type": "MultiLineString", "coordinates": [ [ [ 121.035683334722933, 14.654294195976659 ], [ 121.038289813261983, 14.653781424009203 ], [ 121.038463060721625, 14.653605450478485 ], [ 121.038550480474655, 14.652583296777252 ], [ 121.038662138469036, 14.651687206797016 ], [ 121.038855742237089, 14.650580691037515 ], [ 121.039075470685745, 14.649766211941651 ], [ 121.039292531852482, 14.649821505982386 ], [ 121.039094902476648, 14.650482550367345 ], [ 121.03893037210301, 14.65129627068988 ], [ 121.038832389351356, 14.651761397941662 ], [ 121.038768455732026, 14.652500733535046 ], [ 121.038686576939085, 14.653182777303968 ], [ 121.038686608106147, 14.65339681939154 ], [ 121.038919538897943, 14.653652549280839 ], [ 121.039674086766155, 14.65347105156007 ], [ 121.043085381219697, 14.652701440864185 ], [ 121.045324791630307, 14.6522222048435 ], [ 121.045257688185757, 14.652048080066038 ], [ 121.045231554384188, 14.651763299579693 ], [ 121.045233396850008, 14.651645394724252 ], [ 121.045183082462032, 14.651589171677259 ], [ 121.044752689511014, 14.651533011290725 ], [ 121.044804794278278, 14.651170219494293 ], [ 121.044674341842494, 14.650976151851145 ], [ 121.044646361769722, 14.65078388130455 ], [ 121.044683596984441, 14.650626064490567 ], [ 121.044800941334344, 14.650439211861418 ], [ 121.044839133114181, 14.650426508170115 ], [ 121.045188475285102, 14.650466356624024 ], [ 121.045249924575614, 14.650274071286256 ], [ 121.045355148583027, 14.650033709854124 ], [ 121.045424987860542, 14.649876794435738 ], [ 121.045641045105469, 14.649513974976831 ], [ 121.045696921131523, 14.649416014100389 ], [ 121.044973954251546, 14.648960841461841 ], [ 121.044126148128669, 14.648422246560189 ], [ 121.042898243370814, 14.647698688649315 ], [ 121.042749172035599, 14.647555412436031 ], [ 121.041407610033815, 14.646717587447299 ], [ 121.041252033772778, 14.646665007082932 ], [ 121.040763857436843, 14.646362155150037 ], [ 121.040566352077434, 14.646244279464142 ], [ 121.040724679838164, 14.646021144487525 ], [ 121.041395456440128, 14.646441873878867 ], [ 121.041443915058466, 14.64655795731497 ], [ 121.042874918534267, 14.647479208351559 ], [ 121.043467435882349, 14.647794736715733 ], [ 121.045643772953511, 14.649136679886308 ], [ 121.046633182885657, 14.649678872709012 ], [ 121.046851171602441, 14.649702415996979 ], [ 121.047091511081774, 14.649689676862005 ], [ 121.047283403862323, 14.649646109379608 ], [ 121.047423130047449, 14.649606178734389 ], [ 121.047551674130233, 14.64954811081026 ], [ 121.047816182325263, 14.649259651371102 ], [ 121.048114239787949, 14.649045556216606 ], [ 121.04847192127643, 14.648858658699483 ], [ 121.048842648070519, 14.648693525260736 ], [ 121.049504020074238, 14.648535593466505 ], [ 121.050107662835075, 14.648519156088156 ], [ 121.050674068428989, 14.648627884441568 ], [ 121.051087724729484, 14.648859986998513 ], [ 121.051471596512442, 14.649211813042612 ], [ 121.051862978209343, 14.649837538338421 ], [ 121.051995348703755, 14.650271038520509 ], [ 121.052034609549565, 14.650927668501193 ], [ 121.051922960043001, 14.651598839226557 ], [ 121.051792195563166, 14.652204103242829 ], [ 121.051504457077485, 14.652684223159529 ], [ 121.051146350548322, 14.653162584793989 ], [ 121.05062850524439, 14.653706858150995 ], [ 121.050151606604942, 14.654047964118323 ], [ 121.049533091915578, 14.654312910839788 ], [ 121.048981622138825, 14.654436358284238 ], [ 121.048377961368374, 14.654443723205258 ], [ 121.047644318943071, 14.654230392850184 ], [ 121.047399054284668, 14.654083863126969 ], [ 121.047204321663401, 14.653903412601027 ], [ 121.046797599484108, 14.653412138832685 ], [ 121.046589059499325, 14.652938487665327 ], [ 121.046533129016026, 14.652658275606774 ], [ 121.046063533229642, 14.652267428539966 ], [ 121.04519533892676, 14.652423571048208 ], [ 121.042795705512148, 14.652960876131226 ], [ 121.039751431101706, 14.653628851233366 ], [ 121.035174494565013, 14.654582515832548 ], [ 121.036111516007949, 14.658679282936573 ], [ 121.03662864524911, 14.661101544349968 ], [ 121.039030253923997, 14.6606205341057 ], [ 121.041544798161624, 14.660049849198218 ], [ 121.042916069655547, 14.659773923873075 ], [ 121.043652008034528, 14.65962143884439 ], [ 121.043910989277535, 14.659601444344116 ], [ 121.044401026994663, 14.659697502642491 ], [ 121.0446656091395, 14.659742807327678 ], [ 121.044818309371408, 14.659269350464854 ], [ 121.045000804522829, 14.658707006725457 ], [ 121.045052920040916, 14.658398632543866 ], [ 121.045354602743814, 14.657524275322347 ], [ 121.045861222456637, 14.656595465665463 ], [ 121.046513136538906, 14.65551063320809 ], [ 121.046952719647322, 14.654835780728774 ], [ 121.04731406710188, 14.654266148212022 ], [ 121.047328941485659, 14.65409926536122 ], [ 121.047295388671714, 14.654012203281448 ], [ 121.046920820932471, 14.653605951407998 ], [ 121.046751229537051, 14.653359288203353 ], [ 121.046590928566118, 14.652971137830418 ], [ 121.046507016867281, 14.652582974234548 ], [ 121.046493897406535, 14.652154892306928 ], [ 121.046519862375575, 14.651498250224089 ], [ 121.046568243234972, 14.651164481337968 ], [ 121.046799160516727, 14.650558593510947 ], [ 121.047212654641172, 14.649912767455238 ], [ 121.047551674130233, 14.64954811081026 ] ] ] } },
{ "type": "Feature", "properties": { "Agency": "LTFRB", "Type": "PUJ", "Route_Code": "PUJ40A", "Route_Name": "Panay Ave. - EDSA/West Ave.", "Route_Begi": "Quezon Avenue, Quezon City", "Route_End": "Epifanio de los Santos Avenue / Bulacan Intersection, Quezon City", "Schedule_T": "04:00-22:00", "Trip_Code": "T358", "Schedule_D": "Mondays to Sundays" }, "geometry": { "type": "MultiLineString", "coordinates": [ [ [ 121.022342696474098, 14.634670735927729 ], [ 121.022995702681314, 14.635057962573166 ], [ 121.023213684314015, 14.635212130235987 ], [ 121.024437735494388, 14.636013791831193 ], [ 121.025629578499874, 14.63677156122848 ], [ 121.026604061639844, 14.63737314784607 ], [ 121.026681840827294, 14.637356362399203 ], [ 121.026772662115476, 14.637350912787962 ], [ 121.026897022309882, 14.637396703421407 ], [ 121.027899132520602, 14.638030394193239 ], [ 121.028477298994346, 14.637168006474203 ], [ 121.02789599997206, 14.636752673002659 ], [ 121.027627713467581, 14.636609397813752 ], [ 121.027530834299114, 14.636578569927234 ], [ 121.026865753051638, 14.63670197527029 ], [ 121.026409329415728, 14.636843500233773 ], [ 121.026146662189959, 14.637032169995594 ], [ 121.025876572432807, 14.637563670707474 ], [ 121.025861684644525, 14.63775050556186 ], [ 121.026040607237633, 14.638581265390075 ], [ 121.026346213537792, 14.639372108098437 ], [ 121.026834514932361, 14.641421793733182 ], [ 121.027162553327159, 14.642949083873255 ], [ 121.027594960046613, 14.644810124776294 ], [ 121.02784841817116, 14.645640875954017 ], [ 121.028362851288421, 14.647897341395227 ], [ 121.028813916378411, 14.649830934136407 ], [ 121.029056226121398, 14.650857587681212 ], [ 121.028214116766833, 14.651093476657218 ], [ 121.02820107736764, 14.651118872700877 ], [ 121.028345522983258, 14.651658499391456 ], [ 121.028626983728728, 14.652937283919297 ], [ 121.02887116542955, 14.654025610349739 ], [ 121.029218203290966, 14.655658240634077 ], [ 121.029593300695666, 14.655596391240449 ], [ 121.029745144163542, 14.655553749144682 ], [ 121.02994914598095, 14.655414964175273 ], [ 121.030061854425071, 14.655293420461158 ], [ 121.030221134485515, 14.655103850116589 ], [ 121.030806994713018, 14.654158739616477 ], [ 121.031226125021135, 14.653451268314027 ], [ 121.03153729230651, 14.653643510246809 ], [ 121.030566037362746, 14.655204631550568 ], [ 121.030488523833284, 14.655341445764581 ], [ 121.03036743214588, 14.655470246205446 ], [ 121.030223980586015, 14.655582723613845 ], [ 121.030045127956726, 14.655687948843987 ], [ 121.029840640057373, 14.655767899361194 ], [ 121.029560721308371, 14.655845807885548 ], [ 121.029052089538723, 14.655971924733167 ] ] ] } },
{ "type": "Feature", "properties": { "Agency": "LTFRB", "Type": "PUJ", "Route_Code": "PUJ41A", "Route_Name": "Project 2&3 via Timog Ave. - España", "Route_Begi": "Molave/Banuyo Intersection, Quezon City", "Route_End": "Apo/Quezon Ave. Intersection, Quezon City", "Schedule_T": "04:00-22:00", "Trip_Code": "T384", "Schedule_D": "Mondays to Sundays" }, "geometry": { "type": "MultiLineString", "coordinates": [ [ [ 121.069031653724409, 14.630261877970831 ], [ 121.069839360978662, 14.630675233543524 ], [ 121.069571256047453, 14.631237620972026 ], [ 121.069154179015399, 14.632034043622756 ], [ 121.069005204370782, 14.632255381647489 ], [ 121.068770539509245, 14.632500323405733 ], [ 121.06849300698002, 14.632678161339546 ], [ 121.068232217962816, 14.632774368181831 ], [ 121.067973270510507, 14.632794389672677 ], [ 121.067546617010905, 14.632674783105447 ], [ 121.066745474010006, 14.632433740232241 ], [ 121.066242428929201, 14.632272430856377 ], [ 121.066011386846114, 14.632145515610906 ], [ 121.065798957654508, 14.631955108251022 ], [ 121.065586519137014, 14.631728422321633 ], [ 121.065444869690438, 14.631487206967387 ], [ 121.065319962095316, 14.631151663524184 ], [ 121.06471035630166, 14.629561009527251 ], [ 121.064211105226505, 14.629630062469042 ], [ 121.063275928324785, 14.629713732173268 ], [ 121.063003913250753, 14.629615846571802 ], [ 121.062500830000872, 14.629267695379102 ], [ 121.062469154482642, 14.629245935948783 ], [ 121.062211175204382, 14.629397459932965 ], [ 121.061893137445949, 14.629636165212609 ], [ 121.061763235298528, 14.629789372979674 ], [ 121.061607752260187, 14.63008235768315 ], [ 121.061406643614077, 14.630444281940338 ], [ 121.060933664533309, 14.631300562506514 ], [ 121.060699495015157, 14.631698871410165 ], [ 121.060445217355579, 14.632080760250108 ], [ 121.059866509770941, 14.632630411520811 ], [ 121.059201047368632, 14.633302718857315 ], [ 121.058965148385909, 14.633963846152053 ], [ 121.058853504747404, 14.634535255559282 ], [ 121.058007656529142, 14.634310517952375 ], [ 121.056813405853987, 14.633969761866958 ], [ 121.054128678878058, 14.633179456781734 ], [ 121.051367587838172, 14.632381879651492 ], [ 121.048520817642853, 14.631569773760637 ], [ 121.045230652637599, 14.630572687152716 ], [ 121.041612633709377, 14.629542952872413 ], [ 121.038620627544319, 14.628738003068698 ], [ 121.036369094035919, 14.6280230362523 ], [ 121.034134504305001, 14.627389020127342 ], [ 121.033867098951987, 14.627397540163365 ], [ 121.033660326963414, 14.62750277164375 ], [ 121.033637588420788, 14.627551069907105 ], [ 121.033836546319051, 14.628283317746767 ], [ 121.034036913747471, 14.629104092994435 ], [ 121.034558809953481, 14.631257153590768 ], [ 121.035125479652265, 14.633811083250762 ], [ 121.035257825724699, 14.634384265422208 ], [ 121.035354726271677, 14.634578342807266 ], [ 121.035487010960054, 14.634674464136374 ], [ 121.035574584027202, 14.63477059095848 ], [ 121.035580181569145, 14.634835891343958 ], [ 121.035555981982327, 14.634982821788915 ], [ 121.035433035253476, 14.635064463400397 ], [ 121.035311942222066, 14.63507536188056 ], [ 121.035181526467753, 14.635026402118276 ], [ 121.035136808581044, 14.634979245712177 ], [ 121.034799608175746, 14.634986542479087 ], [ 121.033162081558729, 14.635338635358707 ], [ 121.03076633063182, 14.635879444242049 ], [ 121.028990931186826, 14.63625510300788 ], [ 121.027316128277576, 14.636634367141006 ], [ 121.02666595359311, 14.636788607205215 ], [ 121.026425633780477, 14.636877509822305 ], [ 121.026177868342998, 14.637040783486396 ], [ 121.026004628033149, 14.63726209608177 ], [ 121.024752621284833, 14.636485839873222 ], [ 121.023811758432871, 14.63589638771843 ], [ 121.022895117242854, 14.635276093406699 ], [ 121.021002239585968, 14.634108054306095 ], [ 121.019396294430337, 14.633190304962129 ], [ 121.018207675985764, 14.632433962857409 ], [ 121.017460599920227, 14.631920659676165 ], [ 121.016359556086357, 14.63121146585458 ], [ 121.015729855060613, 14.630709035627554 ], [ 121.015327441560885, 14.630324500055174 ], [ 121.015094563228089, 14.630081443403165 ], [ 121.014943663612826, 14.630063309662974 ], [ 121.014215226464941, 14.629372231121319 ], [ 121.013371288660707, 14.628581388037301 ], [ 121.012663353863047, 14.627901187472066 ], [ 121.01115435228833, 14.626586129614608 ], [ 121.010947564524344, 14.626402927598624 ], [ 121.010830196259334, 14.62617437577302 ], [ 121.009958340271297, 14.625457891347336 ], [ 121.009719884866996, 14.625258363391605 ], [ 121.009123747367937, 14.624683357745022 ], [ 121.008084240023976, 14.623680268459841 ], [ 121.006687067663606, 14.622479457459011 ], [ 121.006027607759265, 14.621844584363739 ], [ 121.003989638652754, 14.619979859284278 ], [ 121.002752715497934, 14.618889675267658 ], [ 121.002481674708392, 14.618638442479714 ] ] ] } },
{ "type": "Feature", "properties": { "Agency": "LTFRB", "Type": "PUJ", "Route_Code": "PUJ45A", "Route_Name": "Vito Cruz via E. Rodriguez A. Mabini - Kamuning", "Route_Begi": "Hospital, A. Mabini, City of Manila", "Route_End": "Kamuning Rd./ Scout Rallos Extension Intersection, Quezon City", "Schedule_T": "04:00-22:00", "Trip_Code": "T3111", "Schedule_D": "Mondays to Sundays" }, "geometry": { "type": "MultiLineString", "coordinates": [ [ [ 121.045437450193617, 14.630627977300577 ], [ 121.04270157311791, 14.629837548562804 ], [ 121.039989006688387, 14.629076106966819 ], [ 121.038552547774771, 14.628695711241011 ], [ 121.036258711503805, 14.627994707833897 ], [ 121.034137295641614, 14.627364531875672 ], [ 121.033723709679393, 14.627232164232899 ], [ 121.033565352155847, 14.627159625812606 ], [ 121.03347962493703, 14.626891175533073 ], [ 121.033308137125928, 14.626073117214347 ], [ 121.033194417144514, 14.625391096156731 ], [ 121.032905512293453, 14.624099617525962 ], [ 121.031541862800538, 14.624034466355404 ], [ 121.031362947076943, 14.624025061555669 ], [ 121.030982907381585, 14.623948916969207 ], [ 121.029813044530286, 14.62357390914965 ], [ 121.026590141481307, 14.622522133840468 ], [ 121.026424338372379, 14.622452312048132 ], [ 121.026601286936085, 14.622170232207255 ], [ 121.026475540382123, 14.622148475914811 ], [ 121.026401960335761, 14.622191109324087 ], [ 121.02632372321429, 14.622235557025324 ], [ 121.026226854080548, 14.622244634810238 ], [ 121.026132777339598, 14.622231945268391 ], [ 121.026076894754993, 14.622276391011672 ], [ 121.026055475584982, 14.622321740826834 ], [ 121.025420217242257, 14.622147656583833 ], [ 121.024739315881135, 14.62193185397771 ], [ 121.024053760297221, 14.621736909818223 ], [ 121.023575920261806, 14.621587296626087 ], [ 121.022125637842493, 14.621133917469315 ], [ 121.020493653926437, 14.620662046673337 ], [ 121.018541409360623, 14.620053031588551 ], [ 121.016145732155096, 14.619298550689308 ], [ 121.015038249110788, 14.618945785670402 ], [ 121.014805388322799, 14.618843307412581 ], [ 121.014437472724538, 14.618794344192722 ], [ 121.013806894791344, 14.618743574742478 ], [ 121.013116705693065, 14.618688270456744 ], [ 121.012265379365857, 14.618603038392694 ], [ 121.010571111619939, 14.618438913517839 ], [ 121.010204130385233, 14.618471570077569 ], [ 121.009125537936256, 14.61836637681086 ], [ 121.00803763246131, 14.618292015280694 ], [ 121.007299943488448, 14.61822308964477 ], [ 121.006180370935184, 14.618126045516403 ], [ 121.00502540515069, 14.618042600188202 ], [ 121.004250460567789, 14.618013570927351 ], [ 121.003324626777228, 14.617899282693546 ], [ 121.002354085392454, 14.617797687425533 ], [ 121.001922838636716, 14.617696099551997 ], [ 121.001889307458512, 14.617694284955423 ], [ 121.001885760508713, 14.617662102884889 ], [ 121.001854500730119, 14.617610764095748 ], [ 121.00182986377564, 14.617586773160065 ], [ 121.001782196734126, 14.617561866467847 ], [ 121.001722586018161, 14.617548260814656 ], [ 121.00163301402317, 14.617552970560567 ], [ 121.001601435545211, 14.617567308307741 ], [ 121.001511601264554, 14.617524944577086 ], [ 121.001310902192444, 14.617350534351468 ], [ 120.998008112352835, 14.614287155903712 ], [ 120.996339186532765, 14.612805586258933 ], [ 120.994429907990664, 14.611065942484883 ], [ 120.992246846062997, 14.609103153590789 ], [ 120.990318322154735, 14.60730192219245 ], [ 120.988450798154972, 14.605649178812204 ], [ 120.988061513722172, 14.605302688761807 ], [ 120.987783971339056, 14.60523192351306 ], [ 120.987199082007137, 14.605104900938015 ], [ 120.98566049457169, 14.604732913524286 ], [ 120.985457461447936, 14.604679384458313 ], [ 120.985341059206462, 14.604484377062317 ], [ 120.985279624382315, 14.604117051860213 ], [ 120.984810445386827, 14.601789743847251 ], [ 120.984821939248235, 14.601672683860308 ], [ 120.984786261613351, 14.601470490903921 ], [ 120.98466057329351, 14.601021532831144 ], [ 120.984440871937011, 14.600044713723618 ], [ 120.984375725102481, 14.599571273202848 ], [ 120.984161610535324, 14.598633453629535 ], [ 120.983986606023109, 14.597773636351869 ], [ 120.983835806386367, 14.597022656746725 ], [ 120.983746428136939, 14.596732420000951 ], [ 120.983617921320445, 14.596565526272313 ], [ 120.983450294728087, 14.596436721021396 ], [ 120.983148563163653, 14.596244414831475 ], [ 120.982545100425241, 14.595870684825046 ], [ 120.981507678369837, 14.59516133081925 ], [ 120.980855802942756, 14.59469689493943 ], [ 120.980006489812951, 14.594230620887275 ], [ 120.9799059197437, 14.594123587805807 ], [ 120.97983143712348, 14.593931303175891 ], [ 120.979840206382946, 14.593727025938989 ], [ 120.980122126929359, 14.592951816527625 ], [ 120.980142642383584, 14.592730519923759 ], [ 120.980137081582086, 14.592503778582042 ], [ 120.980137118008869, 14.592199039063225 ], [ 120.980301096084403, 14.591638554522639 ], [ 120.980431525993396, 14.591248575117275 ], [ 120.980584319236627, 14.590753390412377 ], [ 120.981143938329652, 14.588914116840382 ], [ 120.980927366396088, 14.587947284555501 ], [ 120.980405942470952, 14.586095406022352 ], [ 120.980351593810468, 14.58596570415942 ], [ 120.980109843680324, 14.585666378946241 ], [ 120.979783000747929, 14.585343462670554 ], [ 120.979572356373836, 14.585186321145027 ], [ 120.979546303415063, 14.584997669736081 ], [ 120.979630152199917, 14.584725590403089 ], [ 120.979779182442215, 14.584520633825882 ], [ 120.98000479428363, 14.584116366485064 ], [ 120.980485442807833, 14.583205829339217 ], [ 120.981036877993859, 14.582175579686961 ], [ 120.9811262990969, 14.582011429035285 ], [ 120.981131899975352, 14.581896245259768 ], [ 120.980988491533878, 14.581831835155423 ], [ 120.98046142748548, 14.581528850886999 ], [ 120.979610302214894, 14.581069830438015 ], [ 120.979815230416364, 14.58066353426989 ], [ 120.980102130891296, 14.580075854460391 ], [ 120.980363886309803, 14.579483636625099 ], [ 120.980580001908137, 14.578948552111326 ], [ 120.98081567719386, 14.578376284010442 ], [ 120.981120277884457, 14.577684303923887 ], [ 120.981488221502261, 14.576818193115749 ], [ 120.981907385982794, 14.575905831910418 ], [ 120.982238987233913, 14.57520206253133 ], [ 120.982693524270061, 14.574367702397517 ], [ 120.982972942414591, 14.573936015827115 ], [ 120.983013931198769, 14.573801789252194 ], [ 120.983550444664004, 14.5726445562872 ], [ 120.983925796673248, 14.572008810956765 ], [ 120.984298380957071, 14.571093719653723 ], [ 120.984898229992794, 14.56967346961361 ], [ 120.985276395641236, 14.568737516893702 ], [ 120.985704855899954, 14.567670965059255 ], [ 120.986142624782275, 14.566597157436046 ], [ 120.986610189563137, 14.565505212143888 ], [ 120.987303119223171, 14.564190171128876 ], [ 120.987690559659669, 14.563461002869486 ], [ 120.988074274374085, 14.562712787357343 ], [ 120.988206498972303, 14.562768122678897 ], [ 120.988571581001821, 14.562093369021387 ] ] ] } },
{ "type": "Feature", "properties": { "Agency": "LTFRB", "Type": "PUJ", "Route_Code": "PUJ50A", "Route_Name": "Pateros via Pasig, San Antonio - Marikina", "Route_Begi": "M. Almeda, Pateros", "Route_End": "Marikina Sports Center Transport Terminal, Shoe Ave., Marikina City", "Schedule_T": "04:00-22:00", "Trip_Code": "T243", "Schedule_D": "Mondays to Sundays" }, "geometry": { "type": "MultiLineString", "coordinates": [ [ [ 121.097498203890282, 14.634460995017653 ], [ 121.097635638354745, 14.63342700860302 ], [ 121.097727548293477, 14.632682359646656 ], [ 121.098009898058123, 14.630697823365544 ], [ 121.098112002626593, 14.629834358490085 ], [ 121.09741704655525, 14.629645983034383 ], [ 121.097567745851748, 14.62916251514603 ], [ 121.097664435452259, 14.628718067497774 ], [ 121.097740614454125, 14.628230093789549 ], [ 121.097718069200383, 14.627769367442216 ], [ 121.097727099457003, 14.627080075044605 ], [ 121.097678493707832, 14.626668334630139 ], [ 121.09758884275054, 14.626107868925072 ], [ 121.097478741302027, 14.625647176643295 ], [ 121.097206478234526, 14.6249688771883 ], [ 121.097094594767938, 14.62470227464836 ], [ 121.096885857847099, 14.624477429721217 ], [ 121.096522486788942, 14.624218179870841 ], [ 121.096170308663034, 14.62399520351468 ], [ 121.096071561225116, 14.623960776995371 ], [ 121.096358180378587, 14.623304028194344 ], [ 121.09676016566867, 14.622326170768932 ], [ 121.096807624721691, 14.622217317269303 ], [ 121.095872298035715, 14.621820429168851 ], [ 121.095447504335482, 14.621677291891668 ], [ 121.094741402557787, 14.621497982009371 ], [ 121.09364977857841, 14.621550995944189 ], [ 121.092709046990677, 14.621603949068023 ], [ 121.092649171497158, 14.620927379300364 ], [ 121.092583541236067, 14.619822726609675 ], [ 121.09251605733435, 14.618908834023644 ], [ 121.094315790151498, 14.619288788856958 ], [ 121.09433990358859, 14.619027575373297 ], [ 121.092494890027425, 14.618643309561753 ], [ 121.092244188965466, 14.614210583282942 ], [ 121.0919386859659, 14.609354473346354 ], [ 121.092240496794247, 14.608297082795367 ], [ 121.092026578484706, 14.605070821855662 ], [ 121.092022456091954, 14.604057142229113 ], [ 121.092234443947277, 14.602298563720037 ], [ 121.092178219111403, 14.601626430040753 ], [ 121.09190728197224, 14.600399508906218 ], [ 121.091236167150086, 14.598977637879003 ], [ 121.08977507412942, 14.596988289582415 ], [ 121.090171745192734, 14.596783174603594 ], [ 121.09033373341812, 14.596614421705814 ], [ 121.09048634690879, 14.596284232898816 ], [ 121.090743015229421, 14.595286482732195 ], [ 121.091040640105632, 14.594237927545379 ], [ 121.091576333072894, 14.592285951381292 ], [ 121.092346399038107, 14.589541202953207 ], [ 121.091798811022571, 14.589588565368407 ], [ 121.091433748506134, 14.58961046533819 ], [ 121.090979243476809, 14.589534445159318 ], [ 121.090163320782764, 14.58926627770167 ], [ 121.089690107845172, 14.588968962926526 ], [ 121.089187010742407, 14.588446731113592 ], [ 121.08894473695014, 14.588080403895054 ], [ 121.088799297145542, 14.587655996767827 ], [ 121.088370146255158, 14.585610040222253 ], [ 121.087532036049794, 14.585740934652645 ], [ 121.086384758221598, 14.585929977465792 ], [ 121.085963853749874, 14.58603532847712 ], [ 121.085546659810873, 14.586100771127557 ], [ 121.084827734397791, 14.586184453512018 ], [ 121.084384484106536, 14.586307948412927 ], [ 121.083974327781064, 14.585194334597078 ], [ 121.083904563307499, 14.585025273885407 ], [ 121.083776441804716, 14.583892001678539 ], [ 121.083802268668165, 14.583177306515909 ], [ 121.083825494321744, 14.582947068001753 ], [ 121.083746971950646, 14.582434802419144 ], [ 121.083403068881623, 14.581407046614915 ], [ 121.083089894596327, 14.580630789051632 ], [ 121.082541967315478, 14.579629680564578 ], [ 121.0817263998388, 14.578446125838376 ], [ 121.080719537948553, 14.576992816624431 ], [ 121.079232600223591, 14.574972568880687 ], [ 121.078475976650864, 14.573568823130527 ], [ 121.077503160713476, 14.571675379943889 ], [ 121.076981314927679, 14.570547274585303 ], [ 121.076543499746506, 14.569028464772639 ], [ 121.076220117701482, 14.566799544988479 ], [ 121.076124124598778, 14.566092523548058 ], [ 121.07638115253873, 14.56614142309256 ], [ 121.076858894899914, 14.566249208846616 ], [ 121.077138263179606, 14.566269984956682 ], [ 121.077384080045817, 14.566202795360468 ], [ 121.077548867428604, 14.566090281884003 ], [ 121.077196822093342, 14.565933483574009 ], [ 121.07693323641395, 14.565760332796945 ], [ 121.076615614491331, 14.565501943255699 ], [ 121.076224456003999, 14.565331550704505 ], [ 121.075950654940883, 14.565242749523657 ], [ 121.076254114985417, 14.56488712937128 ], [ 121.076494293129898, 14.564660316666362 ], [ 121.076572457219214, 14.564480714365869 ], [ 121.076553738357461, 14.564179607798689 ], [ 121.076575860058469, 14.56345947145852 ], [ 121.076627826082913, 14.562886254387175 ], [ 121.076724459695313, 14.562220513517023 ], [ 121.076741019928505, 14.561583819451021 ], [ 121.076711120012703, 14.561260949023163 ], [ 121.076610335863649, 14.560575313947826 ], [ 121.076487237171122, 14.559994893354494 ], [ 121.076008012847907, 14.558081340299443 ], [ 121.075835960658651, 14.557276006442006 ], [ 121.075783700547916, 14.556907794134302 ], [ 121.075809640367396, 14.55648151293927 ], [ 121.075903546482309, 14.556028002666496 ], [ 121.076136976407327, 14.555095573394668 ], [ 121.076233702046522, 14.554729130753906 ], [ 121.076274577375372, 14.554424378317821 ], [ 121.076248445860358, 14.554235737346298 ], [ 121.076091931221669, 14.553978205749608 ], [ 121.075749056488974, 14.553303525159409 ], [ 121.075529198991333, 14.552962571055074 ], [ 121.075119331958646, 14.552440279349147 ], [ 121.074869675149088, 14.552084821864224 ], [ 121.073947513049688, 14.551004893113156 ] ] ] } },
{ "type": "Feature", "properties": { "Agency": "LTFRB", "Type": null, "Route_Code": "PUJ58A", "Route_Name": "Philcoa - Pier South via Quezon Avenue", "Route_Begi": "Philcoa, Commonwealth Avenue, Quezon City", "Route_End": "Bonifacio Drive, City of Manila", "Schedule_T": "04:00-22:00", "Trip_Code": null, "Schedule_D": "Mondays to Sundays" }, "geometry": { "type": "MultiLineString", "coordinates": [ [ [ 121.053579201291356, 14.653877468975409 ], [ 121.052021429628567, 14.653012540710115 ], [ 121.05187422459197, 14.652930943207981 ], [ 121.051779153040215, 14.652680641316691 ], [ 121.051725068135752, 14.652417634019235 ], [ 121.051790211010854, 14.65209111650619 ], [ 121.051922960043001, 14.651598839226557 ], [ 121.052034609549565, 14.650927668501193 ], [ 121.051996661476778, 14.650355158627846 ], [ 121.051888508835219, 14.649908956321378 ], [ 121.051582845966024, 14.649361212914073 ], [ 121.051135600929783, 14.648875169386482 ], [ 121.050345577030015, 14.648541558680988 ], [ 121.049663672831244, 14.648501779766976 ], [ 121.048754524946574, 14.648748638963079 ], [ 121.048214267138164, 14.648977289732917 ], [ 121.047763579597145, 14.649343228385183 ], [ 121.047374140665298, 14.649710260782294 ], [ 121.046802185567529, 14.649826451004238 ], [ 121.046245057484896, 14.649512739100432 ], [ 121.044923964504349, 14.648674931100739 ], [ 121.044215901203813, 14.648188917027104 ], [ 121.042188649031161, 14.646968470019782 ], [ 121.041223469748743, 14.646346442157343 ], [ 121.04045147643852, 14.645857775980428 ], [ 121.04022474992739, 14.645655486243317 ], [ 121.039216729298829, 14.64502075872841 ], [ 121.038303745383303, 14.644485779325032 ], [ 121.037713103003426, 14.644139400837805 ], [ 121.035615108877991, 14.642775605924243 ], [ 121.035030081049584, 14.642558008020265 ], [ 121.032913501060591, 14.641303025856031 ], [ 121.030325559559941, 14.639694358746468 ], [ 121.030390754970924, 14.639595493543251 ], [ 121.029835536444622, 14.639257253879819 ], [ 121.027724601082809, 14.637944178113298 ], [ 121.026837753740921, 14.637380128232676 ], [ 121.026606839139163, 14.637386114291891 ], [ 121.024348657079798, 14.635967288626679 ], [ 121.021010025323093, 14.633870628795878 ], [ 121.018822812291589, 14.632561104128589 ], [ 121.016780934361179, 14.631215274039054 ], [ 121.014704704119751, 14.629572922007151 ], [ 121.014415874956356, 14.629166443740143 ], [ 121.013222588623677, 14.628102715776341 ], [ 121.011253430012943, 14.626285215244083 ], [ 121.010949770984638, 14.626111084745421 ], [ 121.009981039993605, 14.625164234261423 ], [ 121.008455306103272, 14.623742137502207 ], [ 121.007481007982392, 14.622909553495871 ], [ 121.006760069333694, 14.6222619852752 ], [ 121.005830493213736, 14.621416696773009 ], [ 121.004556296674693, 14.620208617442005 ], [ 121.003647228299755, 14.619421365750297 ], [ 121.002026569159241, 14.618019178101614 ], [ 121.001937661503348, 14.617861719420837 ], [ 121.001889206708157, 14.617802445566381 ], [ 121.001889307458512, 14.617694284955423 ], [ 121.001874485057627, 14.617638556360978 ], [ 121.001801322775435, 14.617567312505122 ], [ 121.001701379737838, 14.617541233913197 ], [ 121.001601435545211, 14.617567308307741 ], [ 121.0014919436924, 14.617502199266671 ], [ 121.00091261239433, 14.616992473785 ], [ 120.99991788369519, 14.616080044598172 ], [ 120.998949241677323, 14.615198448632636 ], [ 120.997604333127015, 14.613954049875959 ], [ 120.996032185939768, 14.61253731039093 ], [ 120.994124872991989, 14.610800455911264 ], [ 120.992515419033836, 14.609348247993887 ], [ 120.990429251044205, 14.607432609656948 ], [ 120.988025540815642, 14.605287465946008 ], [ 120.987872796683163, 14.605280198039093 ], [ 120.987043893165549, 14.605097830683004 ], [ 120.985702792066817, 14.604768388031475 ], [ 120.985426562049767, 14.604689273482363 ], [ 120.985358597320257, 14.604637787809216 ], [ 120.985261351127122, 14.604067365678523 ], [ 120.98490016821205, 14.602162712047761 ], [ 120.984810445386827, 14.601789743847251 ], [ 120.984827657465132, 14.601710907381305 ], [ 120.98461344067934, 14.600849403970347 ], [ 120.984475659569554, 14.600259865483483 ], [ 120.984322999557037, 14.599452654507825 ], [ 120.984194536458631, 14.598834093879551 ], [ 120.984034427730748, 14.598026881903753 ], [ 120.983922727172498, 14.597439159397291 ], [ 120.983746880268924, 14.596687341172709 ], [ 120.982410419876089, 14.595750243275885 ], [ 120.981032155669013, 14.594844947639784 ], [ 120.979957483347377, 14.594193628225092 ], [ 120.979825264125424, 14.593955988859966 ], [ 120.979827148051015, 14.593780038303045 ], [ 120.980045151150833, 14.593165142442055 ], [ 120.980138362036527, 14.59283945417778 ], [ 120.98016169999633, 14.592378833066753 ], [ 120.980174523563022, 14.592102105084232 ], [ 120.98037411586148, 14.591401136847695 ], [ 120.981002056048652, 14.589360539750148 ], [ 120.981141911502888, 14.588823703731444 ], [ 120.980842070217264, 14.587655431402156 ], [ 120.980369162975791, 14.586040984092319 ], [ 120.980199798033482, 14.585776656041098 ], [ 120.979867534211749, 14.585386936407389 ], [ 120.978859282648742, 14.584762160190532 ], [ 120.976811965359587, 14.58360263969702 ], [ 120.975391271478202, 14.582818442021335 ], [ 120.974896413895053, 14.583661864477914 ], [ 120.97438210361139, 14.584763604280482 ], [ 120.974252593093297, 14.585089719284722 ], [ 120.973974997911526, 14.585579440889733 ] ] ] } },
{ "type": "Feature", "properties": { "Agency": "LTFRB", "Type": "PUJ", "Route_Code": "PUJ16A", "Route_Name": "Cubao via 20th Ave., P. Tuazon-Calumpang", "Route_Begi": "General Romulo Ave. / Aurora Blvd. Intersection, Quezon City", "Route_End": "J. P. Rizal St, Marikina City", "Schedule_T": "04:00-22:00", "Trip_Code": "T217", "Schedule_D": "Mondays to Sundays" }, "geometry": { "type": "MultiLineString", "coordinates": [ [ [ 121.055456920717305, 14.623695012421445 ], [ 121.055345558195171, 14.623986960597806 ], [ 121.057176722754676, 14.624887076679848 ], [ 121.059478292531878, 14.620081590551701 ], [ 121.060293406084199, 14.620374751059529 ], [ 121.061264995010234, 14.620681516093311 ], [ 121.062680331948457, 14.621083678975413 ], [ 121.065384982460941, 14.622158617404423 ], [ 121.066347269870988, 14.622558597740309 ], [ 121.067393522337582, 14.622549231129563 ], [ 121.067431442071012, 14.624559442285147 ], [ 121.067410430877345, 14.624586735835763 ], [ 121.067154706694311, 14.624599309464465 ], [ 121.066837094056069, 14.624611898820216 ], [ 121.06676820899412, 14.624647163703891 ], [ 121.066668986728274, 14.624767711596988 ], [ 121.066448368353065, 14.625056567065409 ], [ 121.065709987370894, 14.625999248902179 ], [ 121.065846410084475, 14.626174752879765 ], [ 121.066184748070427, 14.627391685633491 ], [ 121.066583522470921, 14.62825150954321 ], [ 121.067015601386274, 14.628326440042713 ], [ 121.067475729211026, 14.628485500587232 ], [ 121.068148421476607, 14.628778670427693 ], [ 121.069263746036498, 14.629286613086405 ], [ 121.073575646553138, 14.631391141024245 ], [ 121.075472358533588, 14.632350217446964 ], [ 121.075906826022617, 14.632559296888434 ], [ 121.076299209421691, 14.632622851883912 ], [ 121.076808330297141, 14.632568122868683 ], [ 121.07713526920611, 14.63247251592718 ], [ 121.077555576425894, 14.63221769984896 ], [ 121.078293514400826, 14.631978703474722 ], [ 121.078549536271069, 14.631990288347847 ], [ 121.079613131404258, 14.632176131815919 ], [ 121.081084580059041, 14.632439450253786 ], [ 121.081631129765142, 14.632568892999807 ], [ 121.082740596036956, 14.632875523347519 ], [ 121.08436160997465, 14.63337981639987 ], [ 121.085223505704221, 14.633645585346244 ], [ 121.086846971370804, 14.634438658527232 ], [ 121.088664335979004, 14.6353362561322 ], [ 121.090399947444624, 14.636170196786241 ], [ 121.090505057674719, 14.636199720959825 ], [ 121.090920780894038, 14.636195022771933 ], [ 121.09157003553814, 14.636133388681873 ], [ 121.092431810841617, 14.636039838508292 ], [ 121.094206763412572, 14.635909559318831 ], [ 121.094393591354006, 14.63587310491709 ], [ 121.094352434820408, 14.635156809781972 ], [ 121.094371080118592, 14.635059020662476 ], [ 121.094434674888433, 14.634937906067494 ], [ 121.094555473711779, 14.634776406315035 ], [ 121.09483794188246, 14.634452254133906 ], [ 121.094897437022865, 14.63430101043213 ], [ 121.094950993195965, 14.63389962871214 ], [ 121.094959045974193, 14.633596046340326 ], [ 121.095002155854104, 14.633353848721478 ], [ 121.095095414186432, 14.632950177861581 ], [ 121.095175807348312, 14.63249762078995 ], [ 121.095223556732805, 14.632178105255274 ], [ 121.095318566905888, 14.631802015454936 ], [ 121.095407778330994, 14.631476505243212 ], [ 121.095574575247127, 14.631004585998708 ], [ 121.095846433285217, 14.630447351277875 ], [ 121.096148652865423, 14.629894652557041 ], [ 121.096446862521262, 14.629535245238484 ], [ 121.096534378007604, 14.629377168250329 ], [ 121.096714613976062, 14.628939921487916 ], [ 121.096897699053443, 14.628332691723619 ], [ 121.096951284629114, 14.628015447481886 ], [ 121.096996649933914, 14.627585643239932 ], [ 121.096995953463022, 14.627310489090087 ], [ 121.096953814167307, 14.627062639052467 ], [ 121.096863773949778, 14.62675454646895 ], [ 121.096631162004954, 14.626174765533595 ], [ 121.096402032234792, 14.6255404068954 ], [ 121.096376312576055, 14.625466511680427 ], [ 121.096319059239477, 14.625378984582882 ], [ 121.096159025442333, 14.625236920903532 ], [ 121.096004259650329, 14.625127259646893 ], [ 121.095819702548283, 14.624980657129356 ], [ 121.095751365750218, 14.624916442671685 ], [ 121.095714562572951, 14.624865860159927 ], [ 121.095670150526132, 14.624768663467375 ], [ 121.09568412265304, 14.624668601946635 ], [ 121.095852156504236, 14.624382013127628 ], [ 121.095954829848196, 14.624172765397045 ], [ 121.096017803896515, 14.623970354868192 ], [ 121.095922027518213, 14.623908993486445 ], [ 121.095585660771306, 14.623738571857816 ], [ 121.09516989277796, 14.623572727938944 ], [ 121.094873259771632, 14.623479606314616 ], [ 121.09461868229026, 14.623431948517617 ], [ 121.094235653533048, 14.623372968760682 ], [ 121.093943724337436, 14.623361708339127 ], [ 121.093324842209796, 14.623357391471091 ], [ 121.092912638331384, 14.623341626478119 ], [ 121.092839067101536, 14.623325735684567 ], [ 121.092768943992169, 14.623168855311713 ], [ 121.092737296915061, 14.622863013395817 ], [ 121.092731328570878, 14.622529873922021 ], [ 121.09269497543049, 14.622133073532463 ], [ 121.092659744062345, 14.621618024457122 ], [ 121.09267374393643, 14.621586183219195 ], [ 121.092765985635879, 14.621571368103099 ], [ 121.093818051264066, 14.621514126648508 ] ] ] } },
{ "type": "Feature", "properties": { "Agency": "LTFRB", "Type": "PUJ", "Route_Code": "PUJ61A", "Route_Name": "Project 2 and 3-Welcome Rotonda via Kamias", "Route_Begi": "Apo / Quezon Avenue Intersection, Quezon City", "Route_End": "Anson Square, Quezon City", "Schedule_T": "04:00-22:00", "Trip_Code": "T3115", "Schedule_D": "Mondays to Sundays" }, "geometry": { "type": "MultiLineString", "coordinates": [ [ [ 121.002509425664755, 14.617873806619397 ], [ 121.002098406379602, 14.617823770870068 ], [ 121.002016668840582, 14.617851057377221 ], [ 121.002014331989685, 14.617923825594078 ], [ 121.002107743822776, 14.618017061747501 ], [ 121.002528098611805, 14.618405924855981 ], [ 121.003364142180061, 14.619165456631231 ], [ 121.00421420390056, 14.619904519430929 ], [ 121.00452013390472, 14.620191047337235 ], [ 121.004849418241847, 14.620498041080223 ], [ 121.006103509565634, 14.621646420931325 ], [ 121.007054012041465, 14.622515091818803 ], [ 121.008431903218096, 14.623729404862138 ], [ 121.009440809705609, 14.624641271514866 ], [ 121.010772019364538, 14.625889681152321 ], [ 121.011657164767044, 14.626694661912699 ], [ 121.011657164767044, 14.626694661912699 ], [ 121.013292012866714, 14.628113600582935 ], [ 121.016043282786555, 14.630658117826393 ], [ 121.017014872840747, 14.631322086006127 ], [ 121.022525697016846, 14.634760069940555 ], [ 121.023380537470999, 14.635283030960489 ], [ 121.02452150099127, 14.636007216356839 ], [ 121.025110086595802, 14.636376696012938 ], [ 121.02591121306321, 14.636798458726643 ], [ 121.026161114596519, 14.636781382822782 ], [ 121.02670879221715, 14.636704019996412 ], [ 121.027431629953909, 14.636573201167101 ], [ 121.029307027661602, 14.636175074986019 ], [ 121.031161397020668, 14.635761017888358 ], [ 121.034910984529873, 14.634918073396127 ], [ 121.035039428005263, 14.63483846758143 ], [ 121.035131670229035, 14.634754318126058 ], [ 121.035185372330076, 14.634639474307402 ], [ 121.035223890410165, 14.634500755294429 ], [ 121.035188828773173, 14.634277907149079 ], [ 121.034982019842033, 14.633377426575505 ], [ 121.034771700074018, 14.632404178009919 ], [ 121.034486614460221, 14.631176249548504 ], [ 121.033547270224943, 14.627242330341181 ], [ 121.033860222440339, 14.627267307992646 ], [ 121.034999958540283, 14.62758325865182 ], [ 121.036779639577929, 14.628110604225327 ], [ 121.0395519412628, 14.628928870564648 ], [ 121.045914048546393, 14.630710703711385 ], [ 121.047791880255801, 14.631287976409393 ], [ 121.053523503827051, 14.632919627381655 ], [ 121.054597902357372, 14.633233221004868 ], [ 121.058832465716421, 14.634478463882001 ], [ 121.058926977067827, 14.63415326009566 ], [ 121.059066418066408, 14.633707523928633 ], [ 121.05918075941922, 14.63329362939014 ], [ 121.059295169823613, 14.63317080730361 ], [ 121.059575371261573, 14.632925151276503 ], [ 121.06028286202158, 14.632242787981497 ], [ 121.060488337137926, 14.632044902149412 ], [ 121.060642417768349, 14.631792451960957 ], [ 121.060852503328945, 14.631351246257982 ], [ 121.061436120137799, 14.630327807532133 ], [ 121.061699903745733, 14.629827464249692 ], [ 121.061875003481831, 14.629586378259571 ], [ 121.062157542121682, 14.629377102600216 ], [ 121.062468110930709, 14.62918828591857 ], [ 121.062720281179139, 14.628954002801917 ], [ 121.062963094559834, 14.628662871551432 ], [ 121.062999990022917, 14.628600009549963 ], [ 121.063292388497672, 14.628642325597593 ], [ 121.064625988273974, 14.628851205657288 ] ] ] } },
{ "type": "Feature", "properties": { "Agency": "LTFRB", "Type": "PUJ", "Route_Code": "PUJ55A", "Route_Name": "Pantranco-Proj. 2 & 3 via Kamuning", "Route_Begi": "Hayundai, Quezon Avenue, Quezon City", "Route_End": "Banuyo Intersection, Quezon City", "Schedule_T": "04:00-22:00", "Trip_Code": "T210", "Schedule_D": "Mondays to Sundays" }, "geometry": { "type": "MultiLineString", "coordinates": [ [ [ 121.017405972841019, 14.631577997864532 ], [ 121.01940557184561, 14.632855576218097 ], [ 121.020851856734041, 14.633745987628719 ], [ 121.022769471872806, 14.634912757117879 ], [ 121.025252009907305, 14.636482115013679 ], [ 121.025778783551829, 14.636758752739437 ], [ 121.02591121306321, 14.636798458726643 ], [ 121.026161114596519, 14.636781382822782 ], [ 121.026767587814234, 14.636675440045195 ], [ 121.027956218232447, 14.636441392737964 ], [ 121.029534121765877, 14.636108326176844 ], [ 121.031299150352638, 14.635736988740572 ], [ 121.034936375506135, 14.634934850625742 ], [ 121.035039428005263, 14.63483846758143 ], [ 121.035131670229035, 14.634754318126058 ], [ 121.035202596159678, 14.634634639932047 ], [ 121.035223890410165, 14.634500755294429 ], [ 121.035188828773173, 14.634277907149079 ], [ 121.033547270224943, 14.627242330341181 ], [ 121.033860222440339, 14.627267307992646 ], [ 121.034676335142521, 14.627501420356023 ], [ 121.036510715233049, 14.62803655798197 ], [ 121.038592309033035, 14.628648128140133 ], [ 121.045962294480859, 14.630747972654989 ], [ 121.051299280174419, 14.632330612194796 ], [ 121.054801848062979, 14.633301669601472 ], [ 121.057225484917183, 14.634009727343726 ], [ 121.058830085969404, 14.634485690787484 ], [ 121.059168833863524, 14.633283853926988 ], [ 121.060493762609966, 14.63205339120926 ], [ 121.060642417768349, 14.631792451960957 ], [ 121.060892960706937, 14.631289896372442 ], [ 121.061436120137799, 14.630327807532133 ], [ 121.061699903745733, 14.629827464249692 ], [ 121.061795863109566, 14.629668403487992 ], [ 121.062082272071663, 14.629429895258976 ], [ 121.062495738389373, 14.629173360734539 ], [ 121.06274056904843, 14.628962979612014 ], [ 121.062999990022917, 14.628600009549963 ], [ 121.064298771688343, 14.628792766455847 ], [ 121.065999990024238, 14.629100009552115 ], [ 121.066565205389637, 14.629176847529173 ], [ 121.067221351975832, 14.629329639307382 ], [ 121.069053616764208, 14.630224430523858 ] ] ] } },
{ "type": "Feature", "properties": { "Agency": "LTFRB", "Type": "PUJ", "Route_Code": "PUJ60A", "Route_Name": "UP Campus-SM North", "Route_Begi": "Epifanio de los Santos Avenue", "Route_End": "North Avenue Intersection, Quezon City and Vinzons 2, UP Campus, Quezon City", "Schedule_T": "06:00-23:00", "Trip_Code": null, "Schedule_D": "Mondays to Sundays" }, "geometry": { "type": "MultiLineString", "coordinates": [ [ [ 121.031651386137497, 14.655326142606047 ], [ 121.030916667211073, 14.655515172896814 ], [ 121.030754934858891, 14.65554218294238 ], [ 121.03068561725685, 14.655519695821035 ], [ 121.030644023264799, 14.655474711496344 ], [ 121.030639386545232, 14.655330748353002 ], [ 121.035366545377371, 14.654340461419388 ], [ 121.039155644066668, 14.653607771615548 ], [ 121.040821448710531, 14.653256621019501 ], [ 121.042870774209661, 14.652826668869453 ], [ 121.045134956855122, 14.652347175660731 ], [ 121.045601647291875, 14.652207633073635 ], [ 121.045802644526162, 14.65213111858928 ], [ 121.046128397198743, 14.652000596391368 ], [ 121.046255452659722, 14.651888103162623 ], [ 121.046405597608583, 14.651692376930443 ], [ 121.046467947992923, 14.651514661123413 ], [ 121.046516426146411, 14.65128521074236 ], [ 121.046627257136464, 14.650893790512743 ], [ 121.046784301685875, 14.650529355423506 ], [ 121.047001402523094, 14.650083930232446 ], [ 121.047304008376443, 14.649744213193806 ], [ 121.047440297874573, 14.649600225632824 ], [ 121.047657438787951, 14.649381992464138 ], [ 121.047978537979148, 14.649105255375606 ], [ 121.048248825090809, 14.648925252538959 ], [ 121.048800963492269, 14.648634976228173 ], [ 121.049198328653006, 14.648484191816181 ], [ 121.049706611876772, 14.648425612927872 ], [ 121.050020833408666, 14.648441300509253 ], [ 121.050372029901567, 14.648497470495046 ], [ 121.050660854825665, 14.648603139286692 ], [ 121.050988969154162, 14.648767285465278 ], [ 121.051268568027524, 14.648947186526042 ], [ 121.051714582797601, 14.64943972611079 ], [ 121.05181859228486, 14.649633157082368 ], [ 121.052019712447276, 14.650175231036421 ], [ 121.052049834066921, 14.650591370078414 ], [ 121.052077648594889, 14.651023255575954 ], [ 121.052077649523071, 14.651027754439594 ], [ 121.052036128994459, 14.651356179609877 ], [ 121.051911461244543, 14.65182858461352 ], [ 121.051763714073758, 14.6524269621898 ], [ 121.051770663928195, 14.652516938105578 ], [ 121.051803048371696, 14.652701385204965 ], [ 121.051920933906715, 14.652951049162834 ], [ 121.052447785825933, 14.653254619131779 ], [ 121.054130011815332, 14.654165301043131 ], [ 121.054536676090564, 14.654248446512135 ], [ 121.056334327503677, 14.654646218250328 ], [ 121.057780717984414, 14.654735881603964 ], [ 121.064160025509736, 14.65484911084879 ], [ 121.06426860353524, 14.654790598745059 ], [ 121.064441814559146, 14.654500379150456 ], [ 121.065143833891526, 14.653105556291484 ], [ 121.065196951265932, 14.65301669038638 ], [ 121.065390992945524, 14.652872677822616 ], [ 121.065765236255132, 14.652672383542159 ], [ 121.066149841366069, 14.652343868430737 ], [ 121.066394693526561, 14.652131234359192 ], [ 121.06690060536144, 14.651836428246778 ], [ 121.066994169320282, 14.651800413069024 ], [ 121.06729573631543, 14.651987037350745 ], [ 121.06772324616567, 14.652252358258847 ], [ 121.068088334775112, 14.652375980727239 ], [ 121.06851809803949, 14.65243210247827 ], [ 121.069326771146706, 14.652461128370215 ], [ 121.070396521858484, 14.652469835098854 ], [ 121.070756960592561, 14.652487731391224 ], [ 121.071685776691368, 14.652509967612779 ], [ 121.071665392130527, 14.653897872094509 ], [ 121.072691260061973, 14.653938072541846 ], [ 121.072826438048239, 14.653986396840164 ], [ 121.07300327433019, 14.654265275795449 ], [ 121.073062235232115, 14.654409222501664 ] ] ] } },
{ "type": "Feature", "properties": { "Agency": "LTFRB", "Type": "PUJ", "Route_Code": "PUJ52A", "Route_Name": "UP Ikot", "Route_Begi": "Checkpoint, UP Diliman", "Route_End": "Checkpoint, UP Diliman", "Schedule_T": null, "Trip_Code": null, "Schedule_D": "Mondays to Sundays" }, "geometry": { "type": "MultiLineString", "coordinates": [ [ [ 121.062350884626383, 14.654761823869219 ], [ 121.062320638899024, 14.653934040541721 ], [ 121.062315810946174, 14.653115248786973 ], [ 121.062301811080033, 14.652573139219959 ], [ 121.062371800449213, 14.650675727026712 ], [ 121.062340588862668, 14.650594754970331 ], [ 121.062316274542852, 14.650378815356936 ], [ 121.062312627538105, 14.649661247502678 ], [ 121.062302089042703, 14.649101141490549 ], [ 121.062300774712597, 14.648471300849168 ], [ 121.06230988997892, 14.647970800025332 ], [ 121.062295917209397, 14.647534413527319 ], [ 121.062328207376211, 14.647313961434119 ], [ 121.062328207376211, 14.647313961434119 ], [ 121.062591611534472, 14.647379131721559 ], [ 121.063485804289598, 14.647615105165226 ], [ 121.064010288504917, 14.647686958149992 ], [ 121.0644030465686, 14.647635123952524 ], [ 121.064643336249532, 14.647657558444102 ], [ 121.065415054055038, 14.647796829404482 ], [ 121.06571081947969, 14.647913724905356 ], [ 121.066018125824201, 14.647987877872584 ], [ 121.066408564971383, 14.647904548835557 ], [ 121.066614168786941, 14.647816768036916 ], [ 121.067228663261886, 14.647533180266503 ], [ 121.067815434274294, 14.647260845329688 ], [ 121.068046456513187, 14.647191052032156 ], [ 121.068300600379303, 14.647184236472206 ], [ 121.068986788796678, 14.647166058017431 ], [ 121.070259836890855, 14.647197205199099 ], [ 121.070916035679346, 14.647336489495443 ], [ 121.071135547049337, 14.647410659959313 ], [ 121.071657794444761, 14.64772543495898 ], [ 121.072152316894147, 14.648035717722353 ], [ 121.072327939335167, 14.648136892595758 ], [ 121.072524344344714, 14.64819982110799 ], [ 121.072799291151085, 14.648219987914874 ], [ 121.073339944564054, 14.648264822067656 ], [ 121.073686516473344, 14.648290590844795 ], [ 121.073791708082467, 14.64851100478125 ], [ 121.073783008852118, 14.650291432242799 ], [ 121.07372533120143, 14.650565879501414 ], [ 121.073669884824795, 14.650580516798858 ], [ 121.073534726845168, 14.650591802888929 ], [ 121.073093426233811, 14.65057730816245 ], [ 121.072635951171563, 14.650558318328857 ], [ 121.07247420481491, 14.650508876706903 ], [ 121.072087176627591, 14.650415634599272 ], [ 121.071969342033796, 14.650410044167412 ], [ 121.071355914388775, 14.650398968601207 ], [ 121.071249633056837, 14.650396748734908 ], [ 121.071234666903379, 14.650573333251197 ], [ 121.071235912478286, 14.650881504986605 ], [ 121.071235912808021, 14.650882629702121 ], [ 121.071278678653343, 14.650959098474857 ], [ 121.071670365221053, 14.651177184046622 ], [ 121.072396005305961, 14.651701097339426 ], [ 121.072396005305961, 14.651701097339426 ], [ 121.072742654391973, 14.651966431868681 ], [ 121.072825893329949, 14.652173355826037 ], [ 121.072839829137536, 14.65241629039245 ], [ 121.072849246790838, 14.653001139718244 ], [ 121.072835543451731, 14.653532009265557 ], [ 121.072835543451731, 14.653532009265557 ], [ 121.07279634834849, 14.653808700392203 ], [ 121.072799837046503, 14.653885180038959 ], [ 121.072799839748896, 14.653894177760499 ], [ 121.072811415153225, 14.653970655104235 ], [ 121.07288538489145, 14.654084230273579 ], [ 121.073003279074101, 14.654281021807561 ], [ 121.073062235232115, 14.654409222501664 ], [ 121.073109640353238, 14.654541925344182 ], [ 121.073135143712179, 14.654833219286141 ], [ 121.073123695115072, 14.655177385405034 ], [ 121.073129546737107, 14.655427070493122 ], [ 121.073116856967545, 14.655486684025609 ], [ 121.073045312431006, 14.655755511394537 ], [ 121.073007227727004, 14.65588373979619 ], [ 121.072926398578559, 14.656011980387824 ], [ 121.072824767991179, 14.656117732574755 ], [ 121.072792456671039, 14.656236961573066 ], [ 121.072778716552932, 14.656646361760338 ], [ 121.072760426263514, 14.657291953372132 ], [ 121.072746761659687, 14.657953289639856 ], [ 121.072781678362162, 14.658814811282987 ], [ 121.072749505755851, 14.659397422700726 ], [ 121.072749505755851, 14.659397422700726 ], [ 121.072733341403449, 14.659428919313337 ], [ 121.072513847129173, 14.659453725381114 ], [ 121.072324382501577, 14.659453779028281 ], [ 121.071601174846791, 14.659429238661048 ], [ 121.070399696497816, 14.659445317537697 ], [ 121.070274926132839, 14.659441977605089 ], [ 121.068558182252829, 14.65940870008991 ], [ 121.068511972005766, 14.659410961832183 ], [ 121.068484119111048, 14.65896108330023 ], [ 121.068493080076692, 14.657960084616457 ], [ 121.068497580441218, 14.657530442284351 ], [ 121.067379297848859, 14.657571227081529 ], [ 121.065992990252909, 14.657598578552076 ], [ 121.064789206658503, 14.657598882982118 ], [ 121.063533461209545, 14.657695919412784 ], [ 121.062728251118401, 14.657728731959896 ], [ 121.062502971063168, 14.657714164947068 ], [ 121.062378193237564, 14.657677079320312 ], [ 121.06234814729217, 14.6576410956431 ], [ 121.062342327159101, 14.657467890905586 ], [ 121.06235642030336, 14.656094047879161 ], [ 121.06235642030336, 14.656094047879161 ], [ 121.062350884626383, 14.654761823869219 ] ] ] } },
{ "type": "Feature", "properties": { "Agency": "LTFRB", "Type": "PUJ", "Route_Code": "PUJ23A", "Route_Name": "Cubao - Libis via Murphy", "Route_Begi": "General Romulo Ave., Cubao", "Route_End": "FVR Rd., Quezon City", "Schedule_T": "04:00-22:00", "Trip_Code": "T270", "Schedule_D": "Mondays to Sundays" }, "geometry": { "type": "MultiLineString", "coordinates": [ [ [ 121.057260409369761, 14.620237510701651 ], [ 121.056258223522505, 14.622073267380506 ], [ 121.055574768072688, 14.623652516925588 ], [ 121.055436243389011, 14.624039449165512 ], [ 121.057176722754676, 14.624887076679848 ], [ 121.059478162429912, 14.620081584462614 ], [ 121.060680949157145, 14.617625138758413 ], [ 121.061049347933903, 14.616840005230673 ], [ 121.061864314832718, 14.614847935834652 ], [ 121.062690827379114, 14.612895225709696 ], [ 121.062750827181517, 14.612652271871852 ], [ 121.065929673877918, 14.613438788342304 ], [ 121.069177846414249, 14.614229741619905 ], [ 121.070416137996531, 14.614553325119688 ], [ 121.070797266961478, 14.614438499148932 ], [ 121.07113913546705, 14.614361923875702 ], [ 121.071457920174524, 14.614343839917504 ], [ 121.072243394794782, 14.614512327976815 ], [ 121.072765508515886, 14.614635899501945 ], [ 121.073149073752262, 14.614943963358625 ], [ 121.074028402626723, 14.616071803825289 ], [ 121.074035334612446, 14.616077425414828 ], [ 121.074180555234477, 14.616181565579661 ], [ 121.074311428279415, 14.616201064470633 ], [ 121.074428089276793, 14.616205529435607 ], [ 121.074920122419741, 14.616152523985017 ], [ 121.075655909901201, 14.616227663374767 ], [ 121.076210369431323, 14.616346718683481 ], [ 121.076482992386531, 14.616447861818328 ], [ 121.076709424392391, 14.616582760090774 ], [ 121.07694280557493, 14.616776141419207 ] ] ] } },
{ "type": "Feature", "properties": { "Agency": "LTFRB", "Type": "PUJ", "Route_Code": "PUJ48A", "Route_Name": "Marcos Ave-Quirino Highway via Tandang Sora", "Route_Begi": "Petron, Quirino Highway, Quezon City", "Route_End": "Tandang Sora / Demetria Reynaldo Intersection, Quezon City", "Schedule_T": "04:00-22:00", "Trip_Code": "T139", "Schedule_D": "Mondays to Sundays" }, "geometry": { "type": "MultiLineString", "coordinates": [ [ [ 121.019212565410584, 14.680012490326256 ], [ 121.019588493378208, 14.679962755244976 ], [ 121.020743228346078, 14.679791449457088 ], [ 121.021733402988147, 14.679614624917948 ], [ 121.022275307782905, 14.679584207934276 ], [ 121.023035674788559, 14.679517869518996 ], [ 121.023415856426709, 14.679462604128242 ], [ 121.024496808759096, 14.67917252304783 ], [ 121.025384833611724, 14.678940452675457 ], [ 121.02600475240115, 14.678832687280959 ], [ 121.027450285796121, 14.678626799798396 ], [ 121.028024811465428, 14.678559080730761 ], [ 121.029087319273913, 14.67834493240753 ], [ 121.029573878337089, 14.678158456045026 ], [ 121.030260446130868, 14.677858720182895 ], [ 121.031979698422504, 14.677142514199282 ], [ 121.031985351968899, 14.676962299174065 ], [ 121.031962627807729, 14.67673030149944 ], [ 121.031932785952037, 14.676282875866821 ], [ 121.031946820635326, 14.674971659007886 ], [ 121.032389415578436, 14.674968848333569 ], [ 121.032369710575281, 14.67629180394818 ], [ 121.03236689509454, 14.676476852014087 ], [ 121.032253449278144, 14.676827626736372 ], [ 121.032219427660252, 14.677037535400137 ], [ 121.03247476275331, 14.67694636414635 ], [ 121.032801023020056, 14.676822041733347 ], [ 121.033201062404359, 14.676805424774296 ], [ 121.033921700505886, 14.676774960063947 ], [ 121.03528637246437, 14.676714033419712 ], [ 121.036222629385662, 14.676642106216972 ], [ 121.036790055532904, 14.676584033050833 ], [ 121.037496498391192, 14.676495559059575 ], [ 121.037902211145393, 14.676478933250188 ], [ 121.038307938968515, 14.676567259180153 ], [ 121.038795953555478, 14.676713573035647 ], [ 121.039096705150158, 14.676790864498452 ], [ 121.039428665449833, 14.676865389251713 ], [ 121.039831546983294, 14.676884665256049 ], [ 121.04021172444132, 14.676859753347829 ], [ 121.040756448402803, 14.676774054716976 ], [ 121.041562178495525, 14.676605458443611 ], [ 121.042668633535143, 14.676353955642805 ], [ 121.043548117603848, 14.676130102879045 ], [ 121.044348164112421, 14.675933878783361 ], [ 121.044975146367634, 14.675759775861282 ], [ 121.045460248327572, 14.675464171152797 ], [ 121.046785045342631, 14.67461880215499 ], [ 121.047199212315221, 14.674314920347312 ], [ 121.047624739048516, 14.674077321554149 ], [ 121.048339641527122, 14.673781670089843 ], [ 121.04881339667719, 14.673541298532664 ], [ 121.048915509990323, 14.673419756038379 ], [ 121.048793503928451, 14.673370063917284 ], [ 121.047882731833496, 14.673082298838159 ], [ 121.047925964260358, 14.672902767185665 ], [ 121.048242317861451, 14.67297935358426 ], [ 121.048518248453732, 14.673086327830177 ], [ 121.048940305501091, 14.673267156157294 ], [ 121.049128257797662, 14.673229145584818 ], [ 121.049325407760264, 14.673073061643089 ], [ 121.049614743933063, 14.672814769911202 ], [ 121.049918246527753, 14.672462570330062 ], [ 121.050085606363425, 14.672310634153158 ], [ 121.050443032679254, 14.672059233385085 ], [ 121.050990498710462, 14.671581319414827 ], [ 121.051325226275807, 14.671331302572336 ], [ 121.05191949070155, 14.670805043996459 ], [ 121.052957664925714, 14.669843695253483 ], [ 121.053695198769745, 14.669340879669731 ], [ 121.054688044963001, 14.668744104149459 ], [ 121.055482308714744, 14.668224699672141 ], [ 121.05599999004238, 14.668000009570132 ], [ 121.056980180059384, 14.667800426760317 ], [ 121.057781606259809, 14.667619346591296 ], [ 121.058347565956552, 14.667481125806384 ], [ 121.058966017585675, 14.667373272805129 ], [ 121.060051133286379, 14.667142406348853 ], [ 121.060500770100603, 14.666998683243198 ], [ 121.061110684576363, 14.666795540693242 ], [ 121.061678040076032, 14.666583430435818 ], [ 121.062234060286841, 14.666426559669672 ], [ 121.062696454529132, 14.666257972090051 ], [ 121.063119094145563, 14.66595129785939 ], [ 121.063597051227944, 14.665631490228975 ], [ 121.063696333763403, 14.665579680073545 ], [ 121.063809097328587, 14.665547890391084 ], [ 121.06395520167186, 14.665538187691517 ], [ 121.064208414939287, 14.665571267944353 ], [ 121.064518381536999, 14.665652667172884 ], [ 121.064892868100983, 14.665648430656514 ], [ 121.065460229520269, 14.665483263607738 ], [ 121.067038838619183, 14.664770286038069 ], [ 121.067270022723321, 14.664651463736403 ], [ 121.067599052930589, 14.664422139208654 ], [ 121.067702565926524, 14.664285397551948 ] ] ] } },
{ "type": "Feature", "properties": { "Agency": "LTFRB", "Type": "MPUJ", "Route_Code": "PUJ31A", "Route_Name": "Cubao (Diamond)-Roces Super Palengke", "Route_Begi": "General Romulo Ave. / Aurora Blvd. Intersection, Quezon City", "Route_End": "Roces Jeepney Terminal", "Schedule_T": "04:00-22:00", "Trip_Code": "303", "Schedule_D": "Mondays to Sundays" }, "geometry": { "type": "MultiLineString", "coordinates": [ [ [ 121.05572725686865, 14.624785970118909 ], [ 121.055917212837187, 14.624384070891876 ], [ 121.055633529365551, 14.624232225257224 ], [ 121.053837837457792, 14.62334325846909 ], [ 121.05296269569223, 14.622931908352221 ], [ 121.050803941150249, 14.621962894316527 ], [ 121.050436591039883, 14.621823486794144 ], [ 121.049665003403732, 14.621468724045357 ], [ 121.04924234788254, 14.621350039237509 ], [ 121.048909060258879, 14.621330766546945 ], [ 121.048778585796072, 14.621344599793238 ], [ 121.048537502781187, 14.62142888183716 ], [ 121.047984441197812, 14.621685839191391 ], [ 121.046957733806636, 14.622191450459804 ], [ 121.044569635283239, 14.623408477137758 ], [ 121.043384092400004, 14.624057718238754 ], [ 121.042709058768082, 14.624375444487319 ], [ 121.042445287758753, 14.624519104990211 ], [ 121.041754628062719, 14.624695282540154 ], [ 121.041297959894038, 14.624750589370937 ], [ 121.040770371214109, 14.624756191182652 ], [ 121.040132150919376, 14.624709331292779 ], [ 121.040078257060301, 14.624707267604027 ], [ 121.040013750027754, 14.62486194431262 ], [ 121.039687633841311, 14.62540816026754 ], [ 121.039571381401799, 14.625706463952726 ], [ 121.039364408796345, 14.626333448641166 ], [ 121.039078057634299, 14.627269779034227 ], [ 121.038811558273864, 14.628195058589997 ], [ 121.038692476877912, 14.628563791069151 ], [ 121.038664124994256, 14.628657700181151 ], [ 121.036349413520909, 14.628033813869505 ], [ 121.03693915007851, 14.626105918846461 ], [ 121.036576062345304, 14.626009298701867 ], [ 121.035912290829202, 14.625813286948663 ], [ 121.035611613167077, 14.62576084813373 ], [ 121.035472632185972, 14.625824389528194 ], [ 121.034973441056422, 14.626103404639327 ], [ 121.034766391618888, 14.626233239937108 ], [ 121.034669964961225, 14.626352014072372 ], [ 121.034536702851753, 14.626782889371057 ], [ 121.034326885343006, 14.627465108267375 ], [ 121.0340914461176, 14.627412314487444 ], [ 121.033976565159634, 14.627402661304009 ], [ 121.033864525863436, 14.627434436505389 ], [ 121.033837581992813, 14.627460677881171 ], [ 121.033772350626876, 14.627533876333709 ], [ 121.033756763758703, 14.6276484977582 ], [ 121.033873123141404, 14.628144248472262 ], [ 121.033971756560959, 14.628655882218446 ], [ 121.033971756560959, 14.628655882218446 ], [ 121.033946235277909, 14.628718028370736 ], [ 121.033759028995448, 14.628769145758437 ], [ 121.032978997730382, 14.628947379120737 ], [ 121.032557777779161, 14.629021998233339 ], [ 121.031915314334441, 14.629169831563377 ], [ 121.030864394077398, 14.629399182614533 ], [ 121.029869491693546, 14.629608499429317 ], [ 121.027900958858282, 14.630061642338369 ], [ 121.023905715231692, 14.630920929970385 ], [ 121.022437806626499, 14.631240035944799 ], [ 121.021816604036985, 14.631383697093145 ], [ 121.021592517104594, 14.631436188067003 ], [ 121.021527286013324, 14.63159085964257 ], [ 121.021422339928606, 14.63170686688496 ], [ 121.021254983341805, 14.631742782408915 ], [ 121.021171305210274, 14.631763502043293 ], [ 121.021046502872579, 14.631882272274582 ], [ 121.020721743853628, 14.632368389671575 ], [ 121.02149191007193, 14.632797819814146 ] ] ] } },
{ "type": "Feature", "properties": { "Agency": "LTFRB", "Type": "MPUJ", "Route_Code": "PUJ57A", "Route_Name": "Parang, Marikina - Cubao", "Route_Begi": "Jeepney Terminal, Fortune Tobacco Corporation, Marikina City", "Route_End": "Araneta City Modern Jeepney Terminal", "Schedule_T": "04:00-22:00", "Trip_Code": "203", "Schedule_D": "Mondays to Sundays" }, "geometry": { "type": "MultiLineString", "coordinates": [ [ [ 121.126412947350076, 14.664688274108352 ], [ 121.126342827823024, 14.664423991783366 ], [ 121.126156485753583, 14.664043505448634 ], [ 121.126003385716501, 14.663883721430945 ], [ 121.125686023131806, 14.663625015635823 ], [ 121.125499374732428, 14.663537913340612 ], [ 121.124364625629894, 14.663139288372371 ], [ 121.123646081248992, 14.662893499025914 ], [ 121.123446384744938, 14.662830017725115 ], [ 121.123170173447718, 14.6627502250379 ], [ 121.122923839538473, 14.662710382759347 ], [ 121.122653262000483, 14.66269780165876 ], [ 121.122339772088537, 14.662696141348604 ], [ 121.121647479696705, 14.66268831024094 ], [ 121.121431960774743, 14.662697499927406 ], [ 121.121262144793661, 14.662679417537916 ], [ 121.12106059494765, 14.662638642873956 ], [ 121.120891689894478, 14.662577869138889 ], [ 121.120697584937375, 14.662499849738712 ], [ 121.120562289299016, 14.66247993326607 ], [ 121.12034675739568, 14.662463689237956 ], [ 121.120111643715745, 14.662469254042708 ], [ 121.120111643715745, 14.662469254042708 ], [ 121.119924131813761, 14.662511127855463 ], [ 121.11980752848315, 14.662553875303493 ], [ 121.119512776561351, 14.662703890027089 ], [ 121.119275877429445, 14.662867501007963 ], [ 121.119096797312579, 14.662978401720002 ], [ 121.118879445769366, 14.66305389664821 ], [ 121.118743235437904, 14.663070312009552 ], [ 121.118696439153823, 14.662783308236214 ], [ 121.118499911440026, 14.661608048127475 ], [ 121.118494204578241, 14.661393689397991 ], [ 121.118546306593913, 14.661106637922552 ], [ 121.118626389090807, 14.660801406719056 ], [ 121.118671033318435, 14.660527075156919 ], [ 121.118675529185083, 14.660194631007922 ], [ 121.118401222049016, 14.660180230107509 ], [ 121.118010745006686, 14.660141360176526 ], [ 121.117451867376715, 14.660111198908595 ], [ 121.117352969303965, 14.660109429423013 ], [ 121.117252211634494, 14.660120377141276 ], [ 121.117097354985489, 14.660160416503851 ], [ 121.116925714420958, 14.660220446582146 ], [ 121.116664525509066, 14.660318668031138 ], [ 121.116522731421583, 14.660360517450036 ], [ 121.116425713715799, 14.660387812649304 ], [ 121.116252167021116, 14.660367911721044 ], [ 121.114665817480301, 14.659836383996307 ], [ 121.111041474018663, 14.658559137604364 ], [ 121.110436800830996, 14.65835049673654 ], [ 121.109188258191949, 14.657902344944642 ], [ 121.108684369112211, 14.657733620718565 ], [ 121.108536883963254, 14.657573822529814 ], [ 121.108376364981126, 14.657473978537416 ], [ 121.108085235526957, 14.657388724468591 ], [ 121.106842336444572, 14.657018672348988 ], [ 121.106713553939329, 14.656949696120995 ], [ 121.106661263399033, 14.656853437555135 ], [ 121.10662014390968, 14.656702675449129 ], [ 121.10657160103662, 14.656640931106143 ], [ 121.106422285927593, 14.65655561392267 ], [ 121.106159151840885, 14.656479428524138 ], [ 121.105922152744412, 14.656428664402487 ], [ 121.105670243277913, 14.656416055499362 ], [ 121.105356747604034, 14.656381672997648 ], [ 121.10503950632507, 14.656316409046658 ], [ 121.104675611573938, 14.656240264598207 ], [ 121.104356492655853, 14.656147751139985 ], [ 121.10396458667941, 14.65602075186824 ], [ 121.103820880454336, 14.655957230144695 ], [ 121.103610005733799, 14.65590645273379 ], [ 121.103456991494696, 14.655891983524741 ], [ 121.103389818117535, 14.655893828119336 ], [ 121.103232619615767, 14.654847517810472 ], [ 121.103142784742687, 14.654231719386027 ], [ 121.103120274201771, 14.653959235030438 ], [ 121.103090090072854, 14.653207164911876 ], [ 121.103101053427082, 14.652676705909034 ], [ 121.10307629958281, 14.6515413255702 ], [ 121.10301274178029, 14.651274308036257 ], [ 121.102919436744216, 14.651252547190703 ], [ 121.102637672452758, 14.651225414319924 ], [ 121.102520105115232, 14.651190946953953 ], [ 121.102480902054012, 14.651147364113458 ], [ 121.102477121257365, 14.651034734911919 ], [ 121.102540306815399, 14.65044793891561 ], [ 121.102555165261975, 14.650289886388482 ], [ 121.102500996426983, 14.650157295080406 ], [ 121.102344170043395, 14.64994844776877 ], [ 121.102097787180512, 14.64975417013102 ], [ 121.101825297899978, 14.649596235423045 ], [ 121.101493105847027, 14.649451041130943 ], [ 121.100993002458708, 14.649349513564655 ], [ 121.100623548069848, 14.649332405239225 ], [ 121.100369796147021, 14.649355215479776 ], [ 121.100077804116708, 14.649403473570588 ], [ 121.099722377279548, 14.649465381388945 ], [ 121.099528329544185, 14.649478175364944 ], [ 121.099336142332561, 14.649478252058582 ], [ 121.099209256876577, 14.649467402852675 ], [ 121.098951743559056, 14.649420272960462 ], [ 121.098186655003587, 14.649247995999179 ], [ 121.097953394247, 14.649189955694906 ], [ 121.097723785071992, 14.648937534774298 ], [ 121.097430702536812, 14.648603390249033 ], [ 121.097363481969296, 14.648485335807026 ], [ 121.097182343185395, 14.648125714487502 ], [ 121.09694142834168, 14.647598986643457 ], [ 121.096907806803827, 14.647511801649326 ], [ 121.096786318907405, 14.647008643363138 ], [ 121.096655461424547, 14.646405574176445 ], [ 121.096550754920372, 14.645871526571142 ], [ 121.096384504376886, 14.645408351073845 ], [ 121.096294859573632, 14.645203106867863 ], [ 121.096011023637274, 14.644647328415287 ], [ 121.095732788155487, 14.644095180690208 ], [ 121.095561011280338, 14.643800952910988 ], [ 121.095370592497474, 14.643546697893564 ], [ 121.094963594456971, 14.642938282828808 ], [ 121.094786235071965, 14.642676755840466 ], [ 121.094638765002244, 14.642504232121208 ], [ 121.094388632308011, 14.642226382690485 ], [ 121.094213169588357, 14.642039336232788 ], [ 121.094138497361115, 14.641941266473788 ], [ 121.094086197883954, 14.641799589233079 ], [ 121.094073055684433, 14.641594315319416 ], [ 121.094099036085865, 14.641238246649662 ], [ 121.094173362693567, 14.640466152159195 ], [ 121.094219920892343, 14.640246322744339 ], [ 121.094221714573536, 14.640064659343947 ], [ 121.094217806219888, 14.639619587126418 ], [ 121.094212112136191, 14.639376161204089 ], [ 121.094174620029406, 14.638932918223945 ], [ 121.094142808358669, 14.638698585246365 ], [ 121.094118465729991, 14.638478782471719 ], [ 121.094122146903757, 14.638351617160948 ], [ 121.09410334411308, 14.637986482088552 ], [ 121.094110695656681, 14.637704902044941 ], [ 121.094160940977574, 14.637374256918751 ], [ 121.094207460338794, 14.637058146197186 ], [ 121.09425587926593, 14.636827416248702 ], [ 121.094390076589164, 14.636476756523281 ], [ 121.094436661226254, 14.636325958844198 ], [ 121.094395376353845, 14.635956958067105 ], [ 121.093986874868065, 14.635991868562789 ], [ 121.09339544140866, 14.636041138738555 ], [ 121.092355297589279, 14.636117822529291 ], [ 121.091727473625824, 14.6361489355924 ], [ 121.091193879884329, 14.636201812282753 ], [ 121.090915885090155, 14.636220079399184 ], [ 121.090568859703581, 14.636247454229569 ], [ 121.090568859703581, 14.636247454229569 ], [ 121.090473701275201, 14.636238405388042 ], [ 121.09040093018983, 14.636223898566913 ], [ 121.090277762297433, 14.636154910999192 ], [ 121.090122872741958, 14.636076851606592 ], [ 121.090042628988598, 14.636036914560311 ], [ 121.089734723624275, 14.635900777595086 ], [ 121.089383890031414, 14.635722873038327 ], [ 121.089027463059523, 14.635554053068457 ], [ 121.088532945556594, 14.635321699190937 ], [ 121.088113068107532, 14.635111117675789 ], [ 121.087724916266851, 14.634918690628249 ], [ 121.087103504616678, 14.634619162610864 ], [ 121.086552068831921, 14.634341408445435 ], [ 121.085507052732268, 14.633821300817523 ], [ 121.085330709241262, 14.63374052053044 ], [ 121.085117982545427, 14.633657027435946 ], [ 121.084750383653599, 14.63353362034024 ], [ 121.084422905417512, 14.633428365543965 ], [ 121.084126224005203, 14.633355799351692 ], [ 121.083827666859278, 14.633254167341807 ], [ 121.08357762476281, 14.633167051945795 ], [ 121.083166184762618, 14.633050923338889 ], [ 121.08276966810773, 14.63292570597697 ], [ 121.082500040734573, 14.632851312224988 ], [ 121.082208017949981, 14.632757850827884 ], [ 121.081878683118077, 14.632672575956821 ], [ 121.081455111363312, 14.632538281944875 ], [ 121.081093128625085, 14.632459374651402 ], [ 121.080809515344711, 14.632403149697423 ], [ 121.08046153378416, 14.632346944820574 ], [ 121.080181656847515, 14.632304342633077 ], [ 121.079980143357446, 14.632267165317975 ], [ 121.07967975147497, 14.632249093481978 ], [ 121.079003381730118, 14.632142123621964 ], [ 121.07875055542624, 14.632089519839949 ], [ 121.078313020104176, 14.63203697273182 ], [ 121.078113397331421, 14.632075183327313 ], [ 121.077855973775584, 14.632229675711192 ], [ 121.077585855787333, 14.632423487899175 ], [ 121.077041912083246, 14.632692182981568 ], [ 121.076366907576983, 14.63278392296057 ], [ 121.075967988318141, 14.63272073559807 ], [ 121.075796739747773, 14.632639754671175 ], [ 121.075329802355043, 14.632406647965327 ], [ 121.074536738074855, 14.632018121996477 ], [ 121.073792192042589, 14.631649562232976 ], [ 121.073000998363582, 14.631259213817113 ], [ 121.073000998363582, 14.631259213817113 ], [ 121.071062216062714, 14.63031511108445 ], [ 121.067957220651451, 14.628829946442723 ], [ 121.067307869420844, 14.628539455764248 ], [ 121.066792893130739, 14.628401525512563 ], [ 121.06607642586124, 14.628285445212498 ], [ 121.064546466800536, 14.628016969539489 ], [ 121.063113534084152, 14.627770259845702 ], [ 121.062841125119164, 14.627712193599097 ], [ 121.062490334306247, 14.627566947591797 ], [ 121.061527515902313, 14.627120285499391 ], [ 121.058803261000136, 14.625762072122351 ], [ 121.05715846333986, 14.624949492519272 ], [ 121.057371040711132, 14.624465314130761 ], [ 121.057514625870354, 14.62415009730965 ], [ 121.057721627570331, 14.623764926189757 ], [ 121.057986418467877, 14.623181729337068 ], [ 121.058224175495752, 14.622683011505417 ], [ 121.05944371303778, 14.620127646000935 ], [ 121.059036033809662, 14.619980590907316 ], [ 121.058757091594757, 14.619862572432563 ], [ 121.058249595750311, 14.619691922058411 ], [ 121.057917476280011, 14.619543031610254 ], [ 121.05751069638761, 14.619241559929891 ], [ 121.056820304137531, 14.618780285194408 ], [ 121.056518023228307, 14.61856962081516 ], [ 121.055846719734376, 14.620030335644156 ], [ 121.055391734181015, 14.621084077723138 ] ] ] } },
{ "type": "Feature", "properties": { "Agency": "LTFRB", "Type": "PUJ", "Route_Code": "PUJ37A", "Route_Name": "Cubao - Rosario(Pasig) via Santolan", "Route_Begi": "General Romulo Ave. / Aurora Blvd. Intersection, Quezon City", "Route_End": "Ortigas Ave., Pasig City", "Schedule_T": "04:00-22:00", "Trip_Code": "T273", "Schedule_D": "Mondays to Sundays" }, "geometry": { "type": "MultiLineString", "coordinates": [ [ [ 121.055466934931644, 14.623695862392678 ], [ 121.055345558195171, 14.623986960597806 ], [ 121.057176722754676, 14.624887076679848 ], [ 121.057514625870354, 14.62415009730965 ], [ 121.057986418467877, 14.623181729337068 ], [ 121.059508993573843, 14.620055874240673 ], [ 121.062948597491342, 14.621157763384126 ], [ 121.063328969189669, 14.620291137907865 ], [ 121.063908828871618, 14.618912172664761 ], [ 121.064169877266366, 14.618370752078027 ], [ 121.064837371233466, 14.616840982226551 ], [ 121.066355083310654, 14.613497994885114 ], [ 121.06700062358415, 14.613663142122418 ], [ 121.068088336727001, 14.613920819638965 ], [ 121.069293596934045, 14.614220243033223 ], [ 121.070314162709366, 14.614508810924351 ], [ 121.070497008952628, 14.614568709751815 ], [ 121.070698486035866, 14.614541404970701 ], [ 121.070980164877625, 14.614448679127369 ], [ 121.071452139464384, 14.61437224978493 ], [ 121.072243394794782, 14.614512327976815 ], [ 121.072765508515886, 14.614635899501945 ], [ 121.072993251605084, 14.614793274710127 ], [ 121.073149073752262, 14.614943963358625 ], [ 121.073379557184509, 14.615209173119881 ], [ 121.073747212527365, 14.615639609295563 ], [ 121.074028402626723, 14.616071803825289 ], [ 121.074180545254364, 14.616181575128707 ], [ 121.074428089276793, 14.616205529435607 ], [ 121.0745178525776, 14.616104443829055 ], [ 121.074551385057958, 14.615946387091828 ], [ 121.074769369951113, 14.614999858250735 ], [ 121.075071090531594, 14.613361167719969 ], [ 121.075186606178306, 14.612874276336505 ], [ 121.075484681365623, 14.611529880535075 ], [ 121.075846233351612, 14.610348962316175 ], [ 121.076137133686487, 14.609941950056138 ], [ 121.07748733509321, 14.608488237421279 ], [ 121.07748733509321, 14.608488237421279 ], [ 121.078285511481468, 14.607626909510316 ], [ 121.07861368024588, 14.607114517934745 ], [ 121.078744135234487, 14.606707551825174 ], [ 121.079023650300769, 14.605744649653898 ], [ 121.079027128019149, 14.604970762796793 ], [ 121.079097636853547, 14.603808095505666 ], [ 121.079246083352515, 14.601388293250926 ], [ 121.079423853145713, 14.597384376097144 ], [ 121.079587112638322, 14.594652106518827 ], [ 121.079744533876692, 14.591198633791365 ], [ 121.079863429751839, 14.589717130232417 ], [ 121.079863429751839, 14.589717130232417 ], [ 121.080703807893798, 14.589774089141981 ], [ 121.081640291406771, 14.589940920620061 ], [ 121.082399562544879, 14.590104172641841 ], [ 121.082893925364715, 14.590200293359725 ], [ 121.084155013001563, 14.590428774073025 ], [ 121.084837794715568, 14.590559344094178 ], [ 121.085796632999887, 14.590624419796608 ], [ 121.086841238091438, 14.590573197452397 ], [ 121.088911772513882, 14.590416246280034 ], [ 121.090217492965238, 14.59026318510278 ], [ 121.09308265158397, 14.590033245734075 ], [ 121.094280191248131, 14.589923801137015 ], [ 121.095735143529893, 14.58978881941983 ], [ 121.098346602900961, 14.589573445286932 ], [ 121.10004591075959, 14.589425624181473 ], [ 121.101286347375037, 14.589316126525567 ], [ 121.101614633724807, 14.589265127437489 ], [ 121.102095869076777, 14.589184999248943 ] ] ] } },
{ "type": "Feature", "properties": { "Agency": "LTFRB", "Type": "PUJ", "Route_Code": "PUJ53A", "Route_Name": "Marikina - Pasig via Dela Paz", "Route_Begi": "Marikina Sports Center, Marikina City", "Route_End": "Pasig City Mega Market, Market Ave., Pasig City", "Schedule_T": "04:00-22:00", "Trip_Code": "T261", "Schedule_D": "Mondays to Sundays" }, "geometry": { "type": "MultiLineString", "coordinates": [ [ [ 121.098112992256773, 14.633599601106384 ], [ 121.097607344042515, 14.633534400649365 ], [ 121.097746805102574, 14.632393503596719 ], [ 121.097929164035108, 14.63122170685712 ], [ 121.098007220600479, 14.630485941688159 ], [ 121.097910191124569, 14.630458730316814 ], [ 121.097089156995551, 14.630188373060546 ], [ 121.096339029984875, 14.629936151873446 ], [ 121.096169224219352, 14.629876268481759 ], [ 121.096467576119238, 14.629471045350506 ], [ 121.096570116316173, 14.629287526258265 ], [ 121.096678217947016, 14.629016806783424 ], [ 121.096778854950614, 14.628742456885684 ], [ 121.096927875550051, 14.628162894518763 ], [ 121.09699483534925, 14.627659662308032 ], [ 121.097007780814664, 14.627379896406527 ], [ 121.096972246131713, 14.627169181215724 ], [ 121.096938581680732, 14.626969365065156 ], [ 121.096822310756281, 14.626649229224574 ], [ 121.096616866765117, 14.626117490471726 ], [ 121.096432887555835, 14.625606180314071 ], [ 121.0963787207926, 14.625454512635402 ], [ 121.096351649801676, 14.625409107328776 ], [ 121.096253660054657, 14.625308322118855 ], [ 121.09610248755169, 14.625181216173486 ], [ 121.095908397765697, 14.625037776915475 ], [ 121.095797354803878, 14.624952437862101 ], [ 121.095737630060157, 14.624896145201557 ], [ 121.095685354909762, 14.624807150345205 ], [ 121.095680660659468, 14.624732670327619 ], [ 121.095704868421052, 14.624618213408247 ], [ 121.095879198045424, 14.6243411106653 ], [ 121.095991037957731, 14.624091281212966 ], [ 121.096017803896515, 14.623970354868192 ], [ 121.095603769759876, 14.623745361493947 ], [ 121.095474080294693, 14.62368364558057 ], [ 121.095214712509843, 14.623587462977465 ], [ 121.095004796989741, 14.62352032740511 ], [ 121.094816344843665, 14.623473166446377 ], [ 121.09465121661465, 14.623433263042189 ], [ 121.094367616995314, 14.623390679225635 ], [ 121.094087756745338, 14.623368076587818 ], [ 121.093755666258204, 14.623367292712102 ], [ 121.093430105275672, 14.623365597615374 ], [ 121.092912638331384, 14.623341626478119 ], [ 121.092839067101536, 14.623325735684567 ], [ 121.092778011508514, 14.623262291770907 ], [ 121.092749949898518, 14.623066106111903 ], [ 121.092715128742768, 14.622280426494946 ], [ 121.092680405864357, 14.621746350064184 ], [ 121.092656015019159, 14.621393932812593 ], [ 121.092579012725778, 14.620082354131091 ], [ 121.09254237864117, 14.619429288981395 ], [ 121.09251605733435, 14.618908834023644 ], [ 121.092418097620808, 14.618873445811099 ], [ 121.091931133392109, 14.618788242938111 ], [ 121.091623292216298, 14.618759289332392 ], [ 121.091335981470721, 14.618752127426003 ], [ 121.09104868045911, 14.618770397991788 ], [ 121.091002034003836, 14.618755881840267 ], [ 121.090996414897987, 14.618697751691839 ], [ 121.0909702585529, 14.618599663100879 ], [ 121.090955291181757, 14.618488854042106 ], [ 121.091490722509548, 14.618474126626488 ], [ 121.092014992250768, 14.618542967083895 ], [ 121.092397478297315, 14.618622758371583 ], [ 121.092477700597982, 14.618622728831429 ], [ 121.092483233973098, 14.618459230031876 ], [ 121.092451408128056, 14.618175847363663 ], [ 121.092411907572014, 14.617345661631123 ], [ 121.091938785496836, 14.609612435068586 ], [ 121.0919386859659, 14.609354473346354 ], [ 121.09210261057585, 14.608722225322065 ], [ 121.092240496794247, 14.608297082795367 ], [ 121.092251604263481, 14.6080754495779 ], [ 121.092214051481506, 14.607450541832394 ], [ 121.092165217178433, 14.606596742486692 ], [ 121.092026578484706, 14.605070821855662 ], [ 121.092030148198134, 14.604652995001532 ], [ 121.092022456091954, 14.604057142229113 ], [ 121.092137813064326, 14.603268681250396 ], [ 121.092234443947277, 14.602298563720037 ], [ 121.09220077224353, 14.602058780488411 ], [ 121.092178219111403, 14.601626430040753 ], [ 121.092058669118956, 14.601215914712782 ], [ 121.092058669118956, 14.601215914712782 ], [ 121.092002593718902, 14.600928907162043 ], [ 121.09193158199345, 14.600609205648936 ], [ 121.091838176317069, 14.600267712681491 ], [ 121.09140132545852, 14.599410420744857 ], [ 121.091128786045033, 14.598938194831929 ], [ 121.09092720882326, 14.598658506137332 ], [ 121.090259025762606, 14.59774316307343 ], [ 121.089926797661292, 14.597274590316713 ], [ 121.08962073769483, 14.596940438683982 ], [ 121.089314648790321, 14.596526354740289 ], [ 121.088799494929731, 14.595745383940871 ], [ 121.085960417781081, 14.59089231790086 ], [ 121.085960417781081, 14.59089231790086 ], [ 121.08587830500737, 14.590794247485267 ], [ 121.08547723158614, 14.590759867214718 ], [ 121.084566887441923, 14.590678424302332 ], [ 121.083997905622056, 14.590578698608159 ], [ 121.083830008955758, 14.590547871386052 ], [ 121.083814064411385, 14.590293547702203 ], [ 121.084003403422798, 14.590297118301077 ], [ 121.084365324143491, 14.590393279752249 ], [ 121.084696452656686, 14.590451301596088 ], [ 121.084777595215172, 14.590444916225755 ], [ 121.084829809990339, 14.590398574540599 ], [ 121.084875456053055, 14.590239603652099 ], [ 121.085023184255931, 14.588627290088558 ], [ 121.085024996261211, 14.588476508722346 ], [ 121.084983845395669, 14.588158611291737 ], [ 121.084800836963112, 14.587588249004376 ], [ 121.084640247179863, 14.587112344118935 ], [ 121.084384433246314, 14.586376691880377 ], [ 121.084068902281004, 14.585562943762337 ], [ 121.083904563307499, 14.585025273885407 ], [ 121.083855934953661, 14.584654696173203 ], [ 121.083814693460397, 14.584069752906659 ], [ 121.083814460540438, 14.583401230777227 ], [ 121.083825494321744, 14.582947068001753 ], [ 121.083746971950646, 14.582434802419144 ], [ 121.083651752321998, 14.582182321339628 ], [ 121.083577044558581, 14.581909850455252 ], [ 121.083425815896831, 14.581513873406889 ], [ 121.083293266112804, 14.581190555589684 ], [ 121.083147628758766, 14.580778226765013 ], [ 121.08297777167428, 14.580449471049601 ], [ 121.082774331384897, 14.580097109865454 ], [ 121.082475697630684, 14.579559482427079 ], [ 121.082298396157427, 14.579274327883173 ], [ 121.08216870057602, 14.579107239228669 ], [ 121.081954076573112, 14.578771230628728 ], [ 121.0817263998388, 14.578446125838376 ], [ 121.081455802995919, 14.578064718803097 ], [ 121.081129221505009, 14.577603397244626 ], [ 121.080867953155291, 14.577221986517172 ], [ 121.08050777845861, 14.576698909035249 ], [ 121.08030623257541, 14.576411943912964 ], [ 121.08004871685948, 14.576088663442958 ], [ 121.079834121803856, 14.57582168500835 ], [ 121.079643780596498, 14.575569231894821 ], [ 121.079431990702801, 14.575321326896137 ], [ 121.079308815834608, 14.575116993467873 ], [ 121.078416673729592, 14.573438695597861 ], [ 121.0782356278376, 14.573079056755359 ], [ 121.077743829825323, 14.572130921661181 ], [ 121.077458257755737, 14.571536967569649 ], [ 121.077155893761457, 14.570923035133413 ], [ 121.077093364559403, 14.570784989449301 ], [ 121.076776009536445, 14.569945797777686 ], [ 121.076641552716239, 14.569437179195329 ], [ 121.076543499746506, 14.569028464772639 ], [ 121.076403282654198, 14.567993022389254 ], [ 121.076289293231099, 14.567319083231064 ], [ 121.076220117701482, 14.566799544988479 ], [ 121.076122961735038, 14.566270931820606 ], [ 121.076055688510223, 14.565867657842585 ], [ 121.076003352375196, 14.565513428667666 ], [ 121.075915557463858, 14.565093810951442 ], [ 121.075796046311538, 14.564646952972492 ], [ 121.07576426067989, 14.564398082730499 ], [ 121.076017373944453, 14.562635867113901 ], [ 121.076244729054437, 14.562014508668989 ], [ 121.076494493339482, 14.561483975292377 ], [ 121.076524249985354, 14.561211470377724 ], [ 121.076550271108928, 14.560922616807767 ], [ 121.076598720326558, 14.56078090438276 ], [ 121.076872877033111, 14.560717239814926 ], [ 121.07722910758018, 14.560677166495186 ], [ 121.077492095133834, 14.560682536902222 ], [ 121.077648798347539, 14.560778771314631 ], [ 121.077839032997218, 14.560746013961753 ], [ 121.07821387504093, 14.56058240194273 ], [ 121.080442447454956, 14.559746054908917 ], [ 121.080519805088556, 14.559608874149086 ], [ 121.080432974664376, 14.559303705984028 ], [ 121.080411460079745, 14.559106607291689 ], [ 121.080445943616226, 14.55904210568149 ], [ 121.080761101464176, 14.55889304152641 ], [ 121.08177188148025, 14.558533024290575 ], [ 121.083004109757454, 14.55807937353341 ], [ 121.08306757907549, 14.558239217163473 ], [ 121.083340130563883, 14.558942167773303 ] ] ] } },
{ "type": "Feature", "properties": { "Agency": "LTFRB", "Type": "PUJ", "Route_Code": "PUJ39A", "Route_Name": "EDSA/Shaw Blvd - E.R Ort", "Route_Begi": "Mayflower, Mandaluyong City", "Route_End": "Frontera, Ortigas Ave. cor. C-5, Pasig City", "Schedule_T": "04:00-22:00", "Trip_Code": "T278", "Schedule_D": "Mondays to Sundays" }, "geometry": { "type": "MultiLineString", "coordinates": [ [ [ 121.053542980535681, 14.577632364043179 ], [ 121.05507288931959, 14.579325158662275 ], [ 121.055401250221522, 14.57963028553497 ], [ 121.056768255716435, 14.578458264577433 ], [ 121.058939023375245, 14.576597551062129 ], [ 121.060065426064952, 14.575652644197371 ], [ 121.063856695515057, 14.572425396269773 ], [ 121.065620823719527, 14.570938947032857 ], [ 121.06639098974243, 14.570286577976409 ], [ 121.066439455314509, 14.570173933954429 ], [ 121.066454321268495, 14.569966833284395 ], [ 121.066357159242997, 14.569334667670363 ], [ 121.065729592610168, 14.566135724886211 ], [ 121.065447440180918, 14.56421924086175 ], [ 121.065385786837311, 14.563832312008119 ], [ 121.065367044676051, 14.563490788357928 ], [ 121.065367004278713, 14.563338190587961 ], [ 121.065391231287876, 14.563261885611769 ], [ 121.065657929789879, 14.563183702924777 ], [ 121.066347988099594, 14.562981880686205 ], [ 121.067325284142854, 14.562792698535588 ], [ 121.067884848926212, 14.562847051870403 ], [ 121.068142258486077, 14.562906933444346 ], [ 121.068748500735268, 14.563132036607875 ], [ 121.068748500735268, 14.563132036607875 ], [ 121.06912345334753, 14.563322683941273 ], [ 121.070067666812179, 14.564852040614198 ], [ 121.070202056814182, 14.565189899130202 ], [ 121.070276736172247, 14.565440575107806 ], [ 121.07040744556592, 14.565949198619021 ], [ 121.070474702283406, 14.566330674592841 ], [ 121.070523387833177, 14.566991918097903 ], [ 121.070594492833365, 14.567780320180598 ], [ 121.070691606408147, 14.568205387203015 ], [ 121.071016486462298, 14.569353413953698 ], [ 121.071262966688991, 14.570283465139548 ], [ 121.071546799467157, 14.571369736551743 ], [ 121.071871654444308, 14.572401496902042 ], [ 121.072092065690242, 14.573458718911656 ], [ 121.072379616718223, 14.57447595568838 ], [ 121.072670883631091, 14.575435058541743 ], [ 121.072887517990424, 14.57631425004462 ], [ 121.073070434070331, 14.576710225184572 ], [ 121.07329442097415, 14.57721881999829 ], [ 121.073533289562278, 14.577589345840245 ], [ 121.073932645874521, 14.578195988150167 ], [ 121.074552221154462, 14.579165893325666 ], [ 121.07536212673682, 14.580339204214225 ], [ 121.075925701249503, 14.58113835809694 ], [ 121.076429557338471, 14.581835796727196 ], [ 121.078310717744316, 14.584654647253627 ], [ 121.079340980892155, 14.586452798744732 ], [ 121.07950901432099, 14.586910538674184 ], [ 121.079833919843495, 14.587913220132153 ], [ 121.080000116515194, 14.588450892195112 ], [ 121.080011379835597, 14.588665251684501 ], [ 121.080013552250421, 14.589591735234235 ], [ 121.080036087499565, 14.590045887060729 ], [ 121.07996002206653, 14.591301206104285 ], [ 121.079954448713522, 14.591370240000535 ], [ 121.079907821988058, 14.591395687536759 ], [ 121.079907821988058, 14.591395687536759 ], [ 121.07977351095964, 14.591390279751494 ], [ 121.079738061648925, 14.591370307866249 ], [ 121.07977319228668, 14.590425646409054 ], [ 121.079793544787279, 14.589920615335744 ], [ 121.07973757398463, 14.589893383334241 ], [ 121.077976599358692, 14.589759497072682 ] ] ] } },
{ "type": "Feature", "properties": { "Agency": "LTFRB", "Type": "PUJ", "Route_Code": "PUJ02A", "Route_Name": "Anonas-QMC", "Route_Begi": "Anson Square, Quezon City", "Route_End": "Kalayaan Ave. / Elliptical Rd. Intersection, Quezon City", "Schedule_T": "04:00-22:00", "Trip_Code": "T249", "Schedule_D": "Mondays to Sundays" }, "geometry": { "type": "MultiLineString", "coordinates": [ [ [ 121.064298771688343, 14.628792766455847 ], [ 121.064768714935056, 14.628882538444438 ], [ 121.064782721017636, 14.628932492275252 ], [ 121.064728687010188, 14.629205908597816 ], [ 121.06472499237681, 14.629345790036188 ], [ 121.064766104396227, 14.629596474720644 ], [ 121.064622445187865, 14.629603777070905 ], [ 121.063794083208137, 14.629687546927572 ], [ 121.063299680720021, 14.629749433224443 ], [ 121.063206390952999, 14.629736739504578 ], [ 121.062935818849638, 14.629575125026394 ], [ 121.06264844914034, 14.629388081450971 ], [ 121.062499169818096, 14.629304552336988 ], [ 121.06243200412645, 14.629306385076079 ], [ 121.062265974622562, 14.629386356539834 ], [ 121.061935801011188, 14.629626230389508 ], [ 121.061842536367507, 14.629713450773062 ], [ 121.06174368670672, 14.629849721453651 ], [ 121.061633657018959, 14.630044126895097 ], [ 121.061167437984253, 14.630910769099925 ], [ 121.060915678375906, 14.631379518466332 ], [ 121.060706809871377, 14.631766509243159 ], [ 121.060621027278358, 14.63193729235933 ], [ 121.060542698232823, 14.632069924490267 ], [ 121.060507257413377, 14.632104448662473 ], [ 121.060367359333696, 14.632240728236424 ], [ 121.059960720390109, 14.6326332137898 ], [ 121.059386194362588, 14.633161983966467 ], [ 121.059235119200736, 14.633377288774808 ], [ 121.059133499643266, 14.633647989532282 ], [ 121.059046819989135, 14.633977727335278 ], [ 121.058883694545273, 14.634522752867037 ], [ 121.058861313469691, 14.634557273851 ], [ 121.05879235339701, 14.634867932949833 ], [ 121.058553713544654, 14.635629154016209 ], [ 121.058410039103947, 14.635589220187937 ], [ 121.057816681123924, 14.635416771685492 ], [ 121.057348342386959, 14.635293343442383 ], [ 121.057144968096836, 14.635273404758983 ], [ 121.057038619221245, 14.635275244451558 ], [ 121.056810999380104, 14.635297093203439 ], [ 121.05651436421492, 14.635400704861308 ], [ 121.056344598876564, 14.635491572663524 ], [ 121.056062910637365, 14.635689645278559 ], [ 121.055883824907582, 14.635820480569281 ], [ 121.055635707423193, 14.635962230047213 ], [ 121.055471533009211, 14.636027663223297 ], [ 121.055204739176475, 14.636087667842382 ], [ 121.054859585824161, 14.636164038076156 ], [ 121.053880094808207, 14.63637860131529 ], [ 121.053046126480822, 14.636560432121604 ], [ 121.052310106960547, 14.636724074438035 ], [ 121.050210247606842, 14.637163193256194 ], [ 121.048246583189169, 14.637603177133823 ], [ 121.046889261308735, 14.637852294227173 ], [ 121.046308090049635, 14.637992274545999 ], [ 121.046260515896194, 14.638013173893047 ], [ 121.046869230705866, 14.640554533380707 ], [ 121.04707464243684, 14.641488244922979 ], [ 121.047692722506824, 14.644120431234526 ], [ 121.047883213527513, 14.645050511138736 ], [ 121.048150240634172, 14.646160423317381 ], [ 121.048581619963841, 14.64806962165278 ], [ 121.048611494208174, 14.648174980660338 ], [ 121.048708539381749, 14.648274877629628 ], [ 121.049012713593456, 14.648454668493173 ], [ 121.049081758826944, 14.648492805071282 ], [ 121.049198328653006, 14.648484191816181 ], [ 121.049706611876772, 14.648425612927872 ], [ 121.050020833408666, 14.648441300509253 ], [ 121.050372029901567, 14.648497470495046 ], [ 121.050660854825665, 14.648603139286692 ], [ 121.051011146254325, 14.648781288451991 ], [ 121.051268568027524, 14.648947186526042 ], [ 121.051558878370486, 14.649237156701789 ] ] ] } },
{ "type": "Feature", "properties": { "Agency": "LTFRB", "Type": "PUJ", "Route_Code": "PUJ70A", "Route_Name": "SSS Village, Marikina - Cubao, Quezon City", "Route_Begi": "Panorama Jeepney Terminal, SSS Village", "Route_End": "General Romulo Ave. / Aurora Blvd. Intersection, Quezon City", "Schedule_T": "04:00-22:00", "Trip_Code": "T214", "Schedule_D": "Mondays to Sundays" }, "geometry": { "type": "MultiLineString", "coordinates": [ [ [ 121.12586061686757, 14.63897881675663 ], [ 121.125922031192999, 14.63900511770181 ], [ 121.125348324719766, 14.64053482612012 ], [ 121.125280448919128, 14.640727016175937 ], [ 121.12524173792653, 14.640782547480651 ], [ 121.125189134474653, 14.640830257302159 ], [ 121.125105093615716, 14.640866596130067 ], [ 121.12500277147744, 14.640889422178308 ], [ 121.124956714139898, 14.640876635239193 ], [ 121.124840473616857, 14.640843245035043 ], [ 121.12427606764156, 14.640646393800409 ], [ 121.123406062921248, 14.640337959896494 ], [ 121.123168455328084, 14.640250541518137 ], [ 121.123088036829927, 14.640225672734179 ], [ 121.122999586826339, 14.640217888423896 ], [ 121.122868752163058, 14.640230764174047 ], [ 121.122628279441074, 14.640254369828915 ], [ 121.122034407912551, 14.640315158473024 ], [ 121.121885301039796, 14.640331601166215 ], [ 121.121775231653487, 14.639516062421581 ], [ 121.1216546559547, 14.638175303725717 ], [ 121.121522473722891, 14.637001797007505 ], [ 121.121496152962351, 14.63698899962953 ], [ 121.121410630687052, 14.636986195068754 ], [ 121.121002057158066, 14.637036214281894 ], [ 121.118839299233116, 14.637262871761362 ], [ 121.118406609054219, 14.637324285046599 ], [ 121.117595311708257, 14.637434273062377 ], [ 121.117393587058942, 14.637468530130329 ], [ 121.117300039908699, 14.637497042115848 ], [ 121.117229888091515, 14.63753550656884 ], [ 121.117111517846539, 14.637622388622077 ], [ 121.117017998365824, 14.637706412081773 ], [ 121.116554445138974, 14.638169195536699 ], [ 121.116352931126031, 14.638322507165432 ], [ 121.116271702257706, 14.63837161479502 ], [ 121.116204354181434, 14.638412203831647 ], [ 121.116346504434773, 14.638842745433204 ], [ 121.116516455393949, 14.639333358716302 ], [ 121.116908875779103, 14.640436732594779 ], [ 121.116960383516385, 14.640598937425779 ], [ 121.11696502493642, 14.640624972017454 ], [ 121.116792235660995, 14.640633565906809 ], [ 121.116520197178289, 14.640650718585276 ], [ 121.115824422087726, 14.640706624645972 ], [ 121.115620785355119, 14.640732756903851 ], [ 121.115264934480876, 14.640776985564791 ], [ 121.11469517588435, 14.640877392365073 ], [ 121.114154232325205, 14.641011832575584 ], [ 121.113734650417513, 14.641136201552721 ], [ 121.11321018058598, 14.641308685767273 ], [ 121.112670288129522, 14.641494194228841 ], [ 121.111650136650937, 14.641825123891683 ], [ 121.110649530959421, 14.642170060169621 ], [ 121.111337459242236, 14.64398832134435 ], [ 121.111498084277386, 14.644348758380602 ], [ 121.11200448709954, 14.645093582240531 ], [ 121.112354390349651, 14.645499997906315 ], [ 121.112679555566189, 14.64579426584783 ], [ 121.11289769751312, 14.645976423785594 ], [ 121.112788762932894, 14.646168745156119 ], [ 121.112710689774786, 14.646371066549261 ], [ 121.112630579572595, 14.646615448259798 ], [ 121.112607041073659, 14.646861807000924 ], [ 121.112595436161328, 14.647326969401529 ], [ 121.112554919728396, 14.647559816759772 ], [ 121.112501553103584, 14.647807190468237 ], [ 121.11243477893764, 14.647979464164868 ], [ 121.11237932660319, 14.648167755326522 ], [ 121.112281779625974, 14.648516291928024 ], [ 121.112109243411709, 14.649067148235529 ], [ 121.111907964591182, 14.649740189973103 ], [ 121.111838255643661, 14.650230914596699 ], [ 121.111906375177369, 14.650719573997062 ], [ 121.111922884121853, 14.650827719275252 ], [ 121.111466236226534, 14.650916050054095 ], [ 121.110435650796404, 14.651028670794046 ], [ 121.109287799380823, 14.651127318970881 ], [ 121.108973043947898, 14.651107429422364 ], [ 121.108382576824283, 14.650975501835305 ], [ 121.107794153770385, 14.650813529419612 ], [ 121.10741148419585, 14.65073157958965 ], [ 121.107113184024101, 14.650705671900324 ], [ 121.106578313214229, 14.650685874114668 ], [ 121.106142192509395, 14.650680052665301 ], [ 121.105778083242029, 14.650698233655751 ], [ 121.105385197888992, 14.650770502685742 ], [ 121.104965575423961, 14.650856802165459 ], [ 121.104698162181265, 14.650896971677895 ], [ 121.104150991531966, 14.650975312130093 ], [ 121.103889737992588, 14.650989441352072 ], [ 121.103696345234283, 14.650945459917313 ], [ 121.103467735293876, 14.650342703624656 ], [ 121.103074454579797, 14.649511692860797 ], [ 121.102856193891085, 14.649047126823042 ], [ 121.102123172607634, 14.647483218935118 ], [ 121.101822551340987, 14.646834425263171 ], [ 121.101361339779132, 14.645867246616952 ], [ 121.099719323924788, 14.642395001310437 ], [ 121.099537116381029, 14.642025551836362 ], [ 121.099130475599253, 14.641149475274018 ], [ 121.098716646284345, 14.640292427659045 ], [ 121.098516950067975, 14.639905960153676 ], [ 121.098201836155084, 14.638981777650296 ], [ 121.098015369326731, 14.638248814578798 ], [ 121.097914387258555, 14.637797215657166 ], [ 121.097601744734362, 14.637864432938153 ], [ 121.097382672300768, 14.637870526962642 ], [ 121.097352824610752, 14.637820467805204 ], [ 121.097269029014129, 14.636638829640978 ], [ 121.097276881945973, 14.635725535160391 ], [ 121.095581947903156, 14.635854370319892 ], [ 121.094395376353845, 14.635956958067105 ], [ 121.09339544140866, 14.636041138738555 ], [ 121.091609960926078, 14.636178310390475 ], [ 121.090568859703581, 14.636247454229569 ], [ 121.090473701275201, 14.636238405388042 ], [ 121.09040093018983, 14.636223898566913 ], [ 121.089734723624275, 14.635900777595086 ], [ 121.08683292889755, 14.634481603381463 ], [ 121.085507052732268, 14.633821300817523 ], [ 121.08433277361344, 14.633422451998705 ], [ 121.082702940084005, 14.632916273508247 ], [ 121.082075492936752, 14.632731215618234 ], [ 121.081397134058037, 14.63253966317825 ], [ 121.080137149323079, 14.632309738588228 ], [ 121.079980143357446, 14.632267165317975 ], [ 121.079316373135981, 14.632197837628308 ], [ 121.07854367204213, 14.632061884921232 ], [ 121.07841227319868, 14.632035137574611 ], [ 121.078236403314861, 14.632043203071975 ], [ 121.078140763422923, 14.632074276392443 ], [ 121.078015307531814, 14.6321374041572 ], [ 121.077407593953481, 14.632532648656127 ], [ 121.077181360602211, 14.632644876014263 ], [ 121.076626016093314, 14.632783239183802 ], [ 121.076268104938364, 14.632802373450071 ], [ 121.075971879356118, 14.632744379704301 ], [ 121.075288856434568, 14.632421124522001 ], [ 121.074079155146308, 14.631799598272028 ], [ 121.073081363695152, 14.631291165406832 ], [ 121.069580411568253, 14.629595737786257 ], [ 121.067672836318209, 14.628678947515462 ], [ 121.067286087061007, 14.628528835990446 ], [ 121.066876729045845, 14.628441818964886 ], [ 121.066189674944255, 14.628326832733531 ], [ 121.064207708709105, 14.627978838035613 ], [ 121.063113534084152, 14.627770259845702 ], [ 121.062841125119164, 14.627712193599097 ], [ 121.062490334306247, 14.627566947591797 ], [ 121.061527515902313, 14.627120285499391 ], [ 121.058803261000136, 14.625762072122351 ], [ 121.055448363674998, 14.624150416584985 ] ] ] } },
{ "type": "Feature", "properties": { "Agency": "LTFRB", "Type": "PUJ", "Route_Code": "PUJ56A", "Route_Name": "Tandang Sora-Visayas Ave via Quezon City Hall", "Route_Begi": "Visayas Avenue Wet and Dry Market, Visayas Avenue Quezon City", "Route_End": "Agricultural Training Institute, Elliptical Rd., Quezon City", "Schedule_T": "04:00-22:00", "Trip_Code": "T111", "Schedule_D": "Mondays to Sundays" }, "geometry": { "type": "MultiLineString", "coordinates": [ [ [ 121.0486392061825, 14.654575044285 ], [ 121.048640547993656, 14.654383139122377 ], [ 121.048968608529435, 14.654364291675556 ], [ 121.049193281241529, 14.654313254910832 ], [ 121.04974047523514, 14.654114539137929 ], [ 121.050136045722823, 14.653933296420062 ], [ 121.050557782457815, 14.653636636727912 ], [ 121.050778290293522, 14.653443348012651 ], [ 121.051172430639454, 14.653016519162232 ], [ 121.051500395414322, 14.652538706701238 ], [ 121.051599589915455, 14.65228907689705 ], [ 121.051784194751406, 14.651792503812009 ], [ 121.051888866365672, 14.651368413750808 ], [ 121.051930131215585, 14.650944335996179 ], [ 121.051916276598917, 14.650600788536289 ], [ 121.051913452496834, 14.650273342830923 ], [ 121.051808617416484, 14.649897605222964 ], [ 121.051645916624707, 14.649650710092583 ], [ 121.051441848677939, 14.649325987228293 ], [ 121.051157837593649, 14.649014699433065 ], [ 121.050780115401196, 14.648794684627685 ], [ 121.050418953244602, 14.648668605599607 ], [ 121.049779367340776, 14.648590889613649 ], [ 121.049451319638749, 14.648631210074978 ], [ 121.049211494166556, 14.648701037776442 ], [ 121.048894482031614, 14.648786983196441 ], [ 121.048282538609527, 14.649103804037225 ], [ 121.047783625901118, 14.649444759152276 ], [ 121.047342632886668, 14.649941374240415 ], [ 121.046992611050314, 14.650432604722598 ], [ 121.046736338351138, 14.651031177930887 ], [ 121.04664819829604, 14.6514579468538 ], [ 121.046573863859422, 14.652005492705454 ], [ 121.046568394040236, 14.652247052341208 ], [ 121.046623590289869, 14.652577173055992 ], [ 121.046794614399758, 14.653132728518328 ], [ 121.046940782186951, 14.653438677520032 ], [ 121.04732957257707, 14.653857311418854 ], [ 121.047437108044377, 14.65395928398843 ], [ 121.047500526737295, 14.65402100449672 ], [ 121.047464708260961, 14.654131054181233 ], [ 121.047191870242472, 14.654614219271233 ], [ 121.046103217865593, 14.65629458125953 ], [ 121.045502391777092, 14.657260916998354 ], [ 121.045221312590272, 14.657958799788421 ], [ 121.044901672431621, 14.658871407283234 ], [ 121.044648200095295, 14.659810843288843 ], [ 121.044368594461957, 14.661097859068818 ], [ 121.044133066918377, 14.662210408351914 ], [ 121.043551750367072, 14.664580458538005 ], [ 121.043375428964993, 14.665326633700037 ], [ 121.043182575597839, 14.666139910848411 ], [ 121.043127500397915, 14.666529096958332 ], [ 121.043127568540768, 14.666939746234798 ], [ 121.04316908271349, 14.667897921315831 ], [ 121.043373962218126, 14.673048449279841 ], [ 121.043503905625428, 14.675199639081239 ] ] ] } },
{ "type": "Feature", "properties": { "Agency": "LTFRB", "Type": "MPUJ", "Route_Code": "PUJ34A", "Route_Name": "Cubao-Lagro", "Route_Begi": "Araneta City Modern Jeepney Terminal", "Route_End": "Quirino Highway / St James Intersection, Caloocan City\nGeographic Reference", "Schedule_T": "06:00-23:00", "Trip_Code": null, "Schedule_D": "Mondays to Sundays" }, "geometry": { "type": "MultiLineString", "coordinates": [ [ [ 121.055391734181015, 14.621084077723138 ], [ 121.054745463246178, 14.622290848232208 ], [ 121.054566338312895, 14.622492184571364 ], [ 121.054130894218446, 14.622835824765083 ], [ 121.053866355661015, 14.623211637438477 ], [ 121.055403941969956, 14.624004440034767 ], [ 121.05484877473819, 14.625194234885356 ], [ 121.05442859829391, 14.626054540724601 ], [ 121.055660870696371, 14.626605844655964 ], [ 121.056999990020131, 14.627200009545438 ], [ 121.05742658840272, 14.62740126941126 ], [ 121.056710246272687, 14.628939351220978 ], [ 121.056675801598459, 14.628991696441846 ], [ 121.056649619486535, 14.629013173992428 ], [ 121.056583463814491, 14.629017214183481 ], [ 121.056442867744863, 14.628958196521351 ], [ 121.056136866528647, 14.62883748222777 ], [ 121.055921955213933, 14.629273676279427 ], [ 121.055807605969591, 14.629483051713715 ], [ 121.055690496992767, 14.629679007719005 ], [ 121.055567868488808, 14.629846782925478 ], [ 121.055402539578083, 14.630132662586631 ], [ 121.055285448835988, 14.630414506061229 ], [ 121.055084361842574, 14.631054679644951 ], [ 121.05493008611451, 14.63147073015724 ], [ 121.054740012271921, 14.632059905300622 ], [ 121.054667018297309, 14.632312215417077 ], [ 121.05445903462163, 14.632944337823572 ], [ 121.054369531359114, 14.633338902667841 ], [ 121.054266229794052, 14.633663686564955 ], [ 121.054224937804861, 14.633926725977529 ], [ 121.054233275904565, 14.634243435016062 ], [ 121.054404337341552, 14.634949289126855 ], [ 121.054837569712959, 14.636991715327222 ], [ 121.054917646085386, 14.637604990114687 ], [ 121.054975670677109, 14.638222295407525 ], [ 121.054985468695406, 14.638905368393941 ], [ 121.054967646089253, 14.639341520176446 ], [ 121.054962249559352, 14.63987429292847 ], [ 121.054918244098445, 14.640335947995782 ], [ 121.054879715384615, 14.640631194656674 ], [ 121.05475583574237, 14.641412260756567 ], [ 121.05458233512347, 14.6421946789717 ], [ 121.054385363260224, 14.642801300659942 ], [ 121.054337161729478, 14.642989189666748 ], [ 121.053849506592726, 14.644299074942889 ], [ 121.053558796846829, 14.644880216977102 ], [ 121.053345235893644, 14.645281516020045 ], [ 121.053204698086006, 14.64554323292773 ], [ 121.053054507701177, 14.645787505759662 ], [ 121.05271278241122, 14.646312293138831 ], [ 121.05224978168458, 14.646948489267594 ], [ 121.052154707407894, 14.647110889086784 ], [ 121.051688956520479, 14.647795396358925 ], [ 121.051173622167141, 14.648683895122575 ], [ 121.051149529442398, 14.648827492995524 ], [ 121.051356321397463, 14.648995202425523 ], [ 121.051496246813315, 14.649089114969629 ], [ 121.051615499812954, 14.649199135346347 ], [ 121.051762338168373, 14.649394366859928 ], [ 121.051809225153278, 14.649500375195245 ], [ 121.051838201501056, 14.649647317789226 ], [ 121.051974748676201, 14.650067334972853 ], [ 121.052024437907633, 14.6503927585449 ], [ 121.052065898833888, 14.650921495615446 ], [ 121.052079757581865, 14.651283830953957 ], [ 121.051815277675402, 14.652127995939921 ], [ 121.051736752193364, 14.652341388026331 ], [ 121.051645843092274, 14.652663483883266 ], [ 121.051619671942447, 14.652754744448224 ], [ 121.051647260724778, 14.652855388549005 ], [ 121.05227451178439, 14.653212236204098 ], [ 121.054212795533203, 14.65429751926426 ], [ 121.055249519741196, 14.654987088699411 ], [ 121.056228358233, 14.655684717768471 ], [ 121.064219139465095, 14.66106962936324 ], [ 121.07088390390561, 14.665448140042551 ], [ 121.073492526857251, 14.66716246760893 ], [ 121.075500078172254, 14.668616598418328 ], [ 121.076798950403841, 14.669609282257394 ], [ 121.077888312103369, 14.670642282791244 ], [ 121.079857514607184, 14.672665390636038 ], [ 121.082119403166132, 14.675847865003615 ], [ 121.083327729791577, 14.67789266019499 ], [ 121.084423208217061, 14.680425970355792 ], [ 121.085678754414175, 14.683306795151983 ], [ 121.086972995330839, 14.686352663390343 ], [ 121.087193800778479, 14.686969901198266 ], [ 121.087365156332496, 14.688075639487783 ], [ 121.087410069712249, 14.690244275677545 ], [ 121.08741931666205, 14.692896039243642 ], [ 121.087492188717832, 14.696106046509239 ], [ 121.087526077872965, 14.698280052963288 ], [ 121.087416096308587, 14.699133594688107 ], [ 121.087273005265814, 14.699933468375397 ], [ 121.086892875160331, 14.701007189329395 ], [ 121.086534666048919, 14.701710513863647 ], [ 121.085658210314236, 14.702843450681973 ], [ 121.084952598947623, 14.703670353642156 ], [ 121.084263420753146, 14.704196644082019 ], [ 121.083425326463285, 14.704696142162408 ], [ 121.082664333544827, 14.704895007089236 ], [ 121.081980533794322, 14.705050900878321 ], [ 121.079917976835773, 14.705153553531188 ], [ 121.079592594669109, 14.705153656247736 ], [ 121.076917851454354, 14.705181323025663 ], [ 121.075494988489595, 14.705165646585579 ], [ 121.074623660860624, 14.705278630827497 ], [ 121.073697222107555, 14.70552045842258 ], [ 121.072732187840472, 14.705799868947215 ], [ 121.071623793519493, 14.706186674615982 ], [ 121.071028243536617, 14.706417662575385 ], [ 121.070719420065615, 14.706471427683384 ], [ 121.070531935548999, 14.706557366595465 ], [ 121.069630238792215, 14.706571033505803 ], [ 121.068502419019737, 14.706555233741385 ], [ 121.06626609328913, 14.706563872362024 ], [ 121.065587762615877, 14.706612357559868 ], [ 121.065113484893132, 14.706655421383866 ], [ 121.064628211055251, 14.706827317660178 ], [ 121.064236708372988, 14.707063604944132 ], [ 121.063916891536749, 14.707267666174864 ], [ 121.063172584214925, 14.708115984310098 ], [ 121.061303556958109, 14.710392441318897 ], [ 121.061248438188144, 14.710521284964917 ], [ 121.06119938884386, 14.712877823300726 ], [ 121.061269758214038, 14.718614793274156 ], [ 121.061272895325473, 14.720136603235661 ], [ 121.06141215540822, 14.720128518390361 ], [ 121.062519356929769, 14.720124227585975 ], [ 121.067026759497651, 14.720120410791838 ], [ 121.067086048919606, 14.72011905332198 ], [ 121.067104138530709, 14.720716231692974 ], [ 121.06710031568052, 14.721852893472091 ], [ 121.067115692624583, 14.72261245255581 ], [ 121.067109009153143, 14.723376043310227 ], [ 121.067114642744926, 14.723804134773426 ], [ 121.067060908836453, 14.723954451037162 ], [ 121.066676412383231, 14.724700694308488 ], [ 121.066648858689746, 14.72478658843673 ], [ 121.066647530563969, 14.724971782571888 ], [ 121.066646280379658, 14.725441477279341 ], [ 121.066636735660111, 14.725833339055505 ], [ 121.066646435535873, 14.726007794441474 ], [ 121.066687833627611, 14.726124536289324 ], [ 121.066898919648125, 14.726556600162782 ], [ 121.067122389698653, 14.726892037756015 ], [ 121.067263127811827, 14.727227496828554 ], [ 121.067401260517173, 14.7281104858102 ], [ 121.06754759526396, 14.728733127676634 ], [ 121.067660688264155, 14.728820326782236 ], [ 121.067856524738829, 14.72894373749056 ], [ 121.067919986627118, 14.729061815223929 ], [ 121.067954524225442, 14.729295311188874 ], [ 121.067946291463997, 14.729440247583911 ], [ 121.067866363070635, 14.729609358678154 ], [ 121.06777538167772, 14.729700637628852 ], [ 121.067658198247386, 14.72978118759386 ], [ 121.067527213106871, 14.729816113699474 ], [ 121.067458280369692, 14.729859075314192 ], [ 121.067426825875913, 14.730795787961158 ], [ 121.06744256849791, 14.732865121868734 ], [ 121.067459829902234, 14.735436356567936 ], [ 121.067672186037527, 14.73544032652641 ], [ 121.068284431877174, 14.735445531941975 ], [ 121.068283041987399, 14.735406614813419 ] ] ] } },
{ "type": "Feature", "properties": { "Agency": "LTFRB", "Type": "PUJ", "Route_Code": "PUJ46A", "Route_Name": "Katipunan - Marcos Ave/University Ave via UP", "Route_Begi": "Blue Eagle Gym", "Route_End": "Kostka", "Schedule_T": "04:00-22:00", "Trip_Code": "T234", "Schedule_D": "Mondays to Sundays" }, "geometry": { "type": "MultiLineString", "coordinates": [ [ [ 121.074470338938909, 14.634820950219334 ], [ 121.074554615026443, 14.637013274781646 ], [ 121.07455792646131, 14.638717228063301 ], [ 121.074633603808593, 14.640128123299062 ], [ 121.074706477789974, 14.641482039812619 ], [ 121.07481012418144, 14.64321309606688 ], [ 121.074790788452844, 14.643769328567345 ], [ 121.074735280072588, 14.644507362829669 ], [ 121.074540566609315, 14.645690419116331 ], [ 121.074437663784096, 14.646374201008097 ], [ 121.074451806731432, 14.647052522109242 ], [ 121.074485543045483, 14.648007594117722 ], [ 121.074473506498222, 14.648382114101311 ], [ 121.074488884624856, 14.649809271786157 ], [ 121.074463821268139, 14.653316279420574 ], [ 121.07450842679053, 14.657257174773278 ], [ 121.074508482156332, 14.657436830798623 ], [ 121.074454170583792, 14.657559898738279 ], [ 121.073810829112745, 14.657576082388259 ], [ 121.072741529861247, 14.657561622813347 ], [ 121.072749356586854, 14.658371303279578 ], [ 121.072758367524159, 14.658915190881903 ], [ 121.072749505755851, 14.659397422700726 ], [ 121.072733341403449, 14.659428919313337 ], [ 121.072513847129173, 14.659453725381114 ], [ 121.071758738440295, 14.659439675048571 ], [ 121.068491429847938, 14.659472561496237 ], [ 121.068528826170308, 14.657614465055193 ], [ 121.068503540411925, 14.657589861370662 ], [ 121.068224207491809, 14.657583782978302 ], [ 121.067278781880262, 14.657595106355553 ], [ 121.066390234556209, 14.657610102831026 ], [ 121.065487780770567, 14.657614024745914 ], [ 121.064774917312931, 14.657614204229017 ], [ 121.062896732644688, 14.657746332404471 ], [ 121.062502971063168, 14.657714164947068 ], [ 121.062378193237564, 14.657677079320312 ], [ 121.06234814729217, 14.6576410956431 ], [ 121.062328554886989, 14.657606805164619 ], [ 121.062317115371641, 14.65485413192425 ], [ 121.062296566963411, 14.65356578090111 ], [ 121.06230651877398, 14.652934520967609 ], [ 121.063080042646249, 14.652963866899464 ], [ 121.064465311021223, 14.653027513442707 ], [ 121.065143752593386, 14.653027937303532 ], [ 121.065525207537902, 14.652810769814781 ], [ 121.065961142689943, 14.65251640694618 ], [ 121.066253395721304, 14.652241375371316 ], [ 121.066928976564085, 14.651817912346001 ], [ 121.066952504226933, 14.651791978297597 ], [ 121.066995851286734, 14.6517684510025 ], [ 121.067017528531508, 14.651770254298464 ], [ 121.06722815407467, 14.651957121871735 ], [ 121.067571330043648, 14.652187368766954 ], [ 121.067814141904151, 14.65230187031011 ], [ 121.068210549713513, 14.652416330957289 ], [ 121.068575970358694, 14.652457236188624 ], [ 121.068774159410538, 14.652460801140217 ], [ 121.069500027209344, 14.652475077358531 ], [ 121.069975677819031, 14.652472536322833 ], [ 121.070618553420331, 14.652483213799902 ], [ 121.071720984390964, 14.652516674335136 ], [ 121.071689193335956, 14.653920409773495 ], [ 121.072623164173962, 14.653932205980096 ], [ 121.07271234431289, 14.653915297335349 ], [ 121.072774209685932, 14.653686149134199 ], [ 121.072774167687882, 14.653546258880242 ], [ 121.073601611123649, 14.653560493355643 ], [ 121.07425811292778, 14.653562715178859 ], [ 121.074322239805042, 14.652636526464002 ], [ 121.074309355969433, 14.65101814435506 ], [ 121.074293678891621, 14.648369880663827 ], [ 121.074273613977283, 14.647566723059997 ], [ 121.074248670855468, 14.647011992769674 ], [ 121.074270686709397, 14.646100287215233 ], [ 121.074404158719531, 14.64512101585823 ], [ 121.074559901840345, 14.644066968851609 ], [ 121.074601862765562, 14.643572516464818 ], [ 121.074569481642797, 14.642998492968937 ], [ 121.074504618966046, 14.641522427029244 ], [ 121.07445976033577, 14.640649330997261 ], [ 121.074389952169014, 14.639197385205513 ], [ 121.074327699395127, 14.638145813122645 ], [ 121.074205717192342, 14.636187382163703 ], [ 121.074118371539086, 14.634079402649002 ] ] ] } },
{ "type": "Feature", "properties": { "Agency": "LTFRB", "Type": "PUJ", "Route_Code": "PUJ35A", "Route_Name": "Cubao - Proj. 4 via J.P. Rizal", "Route_Begi": "Asian College of Science and Technology, Aurora Blvd., Quezon City", "Route_End": "SM Cubao", "Schedule_T": "04:00-22:00", "Trip_Code": "T205", "Schedule_D": "Mondays to Sundays" }, "geometry": { "type": "MultiLineString", "coordinates": [ [ [ 121.069489606877283, 14.628955398879752 ], [ 121.070326184292725, 14.626605974521977 ], [ 121.070642987855109, 14.625708658290671 ], [ 121.070902867487263, 14.624985014600544 ], [ 121.071261739949918, 14.623964678538801 ], [ 121.071491903302459, 14.623282044771759 ], [ 121.071538931290661, 14.623161436298908 ], [ 121.071719549841347, 14.622469168437782 ], [ 121.071917446423541, 14.621574295308232 ], [ 121.072001586023305, 14.62130896185505 ], [ 121.071997853747803, 14.62125228306852 ], [ 121.071852825676473, 14.6208338577013 ], [ 121.071497778463211, 14.620092898095946 ], [ 121.071091280201841, 14.61915960244831 ], [ 121.07076659179296, 14.618455414804492 ], [ 121.070451826543035, 14.617797050203432 ], [ 121.070313032582618, 14.617505247231746 ], [ 121.069881776718645, 14.616579191719495 ], [ 121.069730594048309, 14.616268096455141 ], [ 121.069693397204034, 14.616118568167892 ], [ 121.069597903977268, 14.615659125318045 ], [ 121.069547049499377, 14.615387799277453 ], [ 121.069533414001242, 14.615344388593574 ], [ 121.069507401047289, 14.615326306294765 ], [ 121.069478911164012, 14.61530822466098 ], [ 121.069424415198583, 14.615296179805338 ], [ 121.069037984290716, 14.615192571512585 ], [ 121.068351831598378, 14.615040803963844 ], [ 121.067943110605, 14.614942023571317 ], [ 121.067623568052582, 14.614874573959073 ], [ 121.067472465434179, 14.614838434815994 ], [ 121.067252020790676, 14.614845727990957 ], [ 121.067130656576964, 14.614865054803895 ], [ 121.066979586979542, 14.614949510800615 ], [ 121.066870616539248, 14.615002600999446 ], [ 121.066712127758734, 14.615130473108271 ], [ 121.066568522637894, 14.61534034619719 ], [ 121.066397702911544, 14.615668409729135 ], [ 121.065679838958516, 14.617344869552561 ], [ 121.065582057740357, 14.617564378021763 ], [ 121.065324610995759, 14.618155360677813 ], [ 121.065117908883096, 14.618625734858663 ], [ 121.064947103584117, 14.619026154508962 ], [ 121.06490253075107, 14.619074403833711 ], [ 121.064872810536755, 14.619087676762712 ], [ 121.0640714215684, 14.618752620423603 ], [ 121.063786742920797, 14.619421995083815 ], [ 121.063061418839354, 14.621109301849085 ], [ 121.062942553641022, 14.621229926026885 ], [ 121.062838515640479, 14.621214273751265 ], [ 121.062101544503705, 14.62096120004839 ], [ 121.061146588518142, 14.620663554816096 ], [ 121.060513673595196, 14.62048763276308 ], [ 121.059728407386615, 14.62023938650605 ], [ 121.059142550384749, 14.620033301126306 ], [ 121.05868674043198, 14.619845274556683 ], [ 121.058249595750311, 14.619691922058411 ], [ 121.057917476280011, 14.619543031610254 ], [ 121.057465440297449, 14.619208800357478 ], [ 121.056518023228307, 14.61856962081516 ], [ 121.055892324271838, 14.618155134089104 ] ] ] } },
{ "type": "Feature", "properties": { "Agency": "LTFRB", "Type": "PUJ", "Route_Code": "PUJ21A", "Route_Name": "Crame-Cubao via Murphy", "Route_Begi": "Araneta Center Jeepney Terminal (Telus), Cubao", "Route_End": "Road 6, San Juan", "Schedule_T": "04:00-22:00", "Trip_Code": "T203", "Schedule_D": "Mondays to Sundays" }, "geometry": { "type": "MultiLineString", "coordinates": [ [ [ 121.054363991844653, 14.618145926640908 ], [ 121.054555040270017, 14.617955712147925 ], [ 121.054701143434045, 14.617844860485567 ], [ 121.054976514259565, 14.617740822778389 ], [ 121.055076260329997, 14.617677866355807 ], [ 121.055309385579889, 14.617151073288552 ], [ 121.056387942934336, 14.614786651813288 ], [ 121.05700903641079, 14.615056047404428 ], [ 121.057607648018831, 14.615314500908001 ], [ 121.058068549089398, 14.615501838588079 ], [ 121.058536474930008, 14.615683701116275 ], [ 121.060349873971475, 14.616402946227412 ], [ 121.061107273165192, 14.6166941900452 ], [ 121.061135362925626, 14.616647665783704 ], [ 121.061499060483129, 14.615788371253782 ], [ 121.061892226214667, 14.614788831937073 ], [ 121.062189920965437, 14.614089627478938 ], [ 121.062561330005366, 14.613198861437855 ], [ 121.062690827379114, 14.612895225709696 ], [ 121.062712969599332, 14.612786322401769 ], [ 121.062702427135946, 14.61276785467242 ], [ 121.062331827546728, 14.612684143254231 ], [ 121.061545660935124, 14.612487997719409 ], [ 121.06104825290646, 14.612384133622058 ], [ 121.059615032468301, 14.612028740167434 ], [ 121.05915697114996, 14.61194128109368 ], [ 121.057869889157672, 14.611626888943816 ], [ 121.056560333446157, 14.61132617616661 ], [ 121.055495264860738, 14.61106644993515 ], [ 121.055267639172584, 14.611014507153033 ], [ 121.054253152690492, 14.610746555662676 ], [ 121.051929124825932, 14.610172388216196 ], [ 121.050783976709411, 14.609890765263929 ], [ 121.050384934561734, 14.609806014069651 ], [ 121.05011515893041, 14.609744496974846 ], [ 121.050050522460907, 14.609715777486821 ], [ 121.050039271301756, 14.609659684675389 ], [ 121.050192346470382, 14.609295723300031 ], [ 121.050407202137464, 14.608731997610782 ], [ 121.050610821550094, 14.60819290085534 ], [ 121.050768098587099, 14.607772843354326 ], [ 121.050908533630846, 14.60744582440609 ], [ 121.05087761616403, 14.607408889720952 ], [ 121.050822817214666, 14.607389745753149 ], [ 121.050277647428473, 14.607244822573373 ], [ 121.049962915971918, 14.607188786367049 ], [ 121.050034525392888, 14.606956184355001 ], [ 121.050144045663131, 14.60660180821953 ], [ 121.050375719269198, 14.605838326639391 ], [ 121.050454350340843, 14.605593409636434 ], [ 121.050520336600727, 14.605349863151925 ], [ 121.050582105031111, 14.605092635749354 ], [ 121.050648098356746, 14.604886029781275 ], [ 121.051166575233879, 14.605067897803892 ], [ 121.051524170011405, 14.605192332604174 ], [ 121.051718072720718, 14.605262071806621 ], [ 121.051729319612789, 14.605296273855208 ], [ 121.051650695908805, 14.60556992283523 ] ] ] } },
{ "type": "Feature", "properties": { "Agency": "LTFRB", "Type": "PUJ", "Route_Code": "PUJ36A", "Route_Name": "Cubao-Rosario (Pasig) - Sta Lucia (Pasig)", "Route_Begi": "Aurora Blvd., Quezon City", "Route_End": "SM City East Ortigas, Ortigas Ave., Pasig City", "Schedule_T": "04:00-22:00", "Trip_Code": "T272", "Schedule_D": "Mondays to Sundays" }, "geometry": { "type": "MultiLineString", "coordinates": [ [ [ 121.057229954133916, 14.624754693581524 ], [ 121.059484805830294, 14.62004736072867 ], [ 121.060429624174816, 14.620381284189373 ], [ 121.062948597491342, 14.621157763384126 ], [ 121.063676663590002, 14.619475034211256 ], [ 121.065255937462169, 14.615962049124921 ], [ 121.066355083310654, 14.613497994885114 ], [ 121.067247495256282, 14.61372362752607 ], [ 121.069623209550855, 14.614325274348724 ], [ 121.070479029135655, 14.61457152117339 ], [ 121.070785081741306, 14.614481714389409 ], [ 121.071155734062316, 14.614375388594752 ], [ 121.071340010807987, 14.61435574288293 ], [ 121.071457920174524, 14.614343839917504 ], [ 121.072319727901061, 14.614539039465566 ], [ 121.072714799815202, 14.614636900879992 ], [ 121.072818606971254, 14.614689467507707 ], [ 121.073018817978266, 14.614828635492437 ], [ 121.073530520052202, 14.615351356106755 ], [ 121.073852630570016, 14.615825659433218 ], [ 121.074039116769498, 14.616101992799615 ], [ 121.074100561114605, 14.616155602391141 ], [ 121.074204367104343, 14.616200949321538 ], [ 121.074356879259156, 14.616205030230775 ], [ 121.074464891978209, 14.616153434034183 ], [ 121.07453048729009, 14.615928592484336 ], [ 121.074703985599641, 14.615297388924073 ], [ 121.075121687616559, 14.613225393336387 ], [ 121.075616665392587, 14.61105952587574 ], [ 121.075702338953619, 14.610701640775785 ], [ 121.075796530338806, 14.610489165857347 ], [ 121.075946830529617, 14.610206546087049 ], [ 121.076344891373353, 14.60972687469955 ], [ 121.078026119762498, 14.607935004452319 ], [ 121.078285511481468, 14.607626909510316 ], [ 121.078517312088934, 14.607278949103131 ], [ 121.078745901005774, 14.606763230357373 ], [ 121.078893964238432, 14.606136156325073 ], [ 121.078956342581051, 14.605812309912583 ], [ 121.078979571919788, 14.605598824344113 ], [ 121.078998565346254, 14.60538637138057 ], [ 121.079039723839045, 14.604944963709089 ], [ 121.079073427630746, 14.604377740151005 ], [ 121.079104415388244, 14.603602195489481 ], [ 121.079151273823754, 14.602781784433953 ], [ 121.079248152237867, 14.601096615379667 ], [ 121.079274380811427, 14.600343760497351 ], [ 121.079350204711574, 14.599047396596591 ], [ 121.079381706458747, 14.598229568213911 ], [ 121.079524884232924, 14.595653343128536 ], [ 121.079811335250625, 14.590818530723224 ], [ 121.079813063266016, 14.589638725520954 ], [ 121.080326692435193, 14.589715911294446 ], [ 121.081609170923926, 14.58988669838627 ], [ 121.082698954545577, 14.590165827547349 ], [ 121.082937240720497, 14.590212158184313 ], [ 121.083671156800932, 14.590337735474485 ], [ 121.085045799671718, 14.590584789247293 ], [ 121.08613655811611, 14.590608140181363 ], [ 121.087038781120356, 14.590529452569349 ], [ 121.088019362661754, 14.590436296005075 ], [ 121.088830515860522, 14.590367946182226 ], [ 121.093885920919874, 14.589954623869165 ], [ 121.100211485175208, 14.589394242372103 ], [ 121.10134719018609, 14.589288592105811 ], [ 121.101674394510553, 14.589245144659159 ], [ 121.104268656061492, 14.588736676004135 ], [ 121.10438508461398, 14.588604621238332 ], [ 121.105895006357272, 14.588224466852587 ] ] ] } },
{ "type": "Feature", "properties": { "Agency": "LTFRB", "Type": "PUJ", "Route_Code": "PUJ18A", "Route_Name": "Cogeo, Rizal-Araneta Cubao", "Route_Begi": "Marcos Hwy., Antipolo City", "Route_End": "Mayor Ignacio Santos Diaz / N. Domingo Intersection, San Juan", "Schedule_T": "04:00-22:00", "Trip_Code": "T247", "Schedule_D": "Mondays to Sundays" }, "geometry": { "type": "MultiLineString", "coordinates": [ [ [ 121.171098380762501, 14.621130200945135 ], [ 121.170692790055185, 14.620935309610861 ], [ 121.170225490055003, 14.620847209610526 ], [ 121.169561239100531, 14.620857657298826 ], [ 121.169308938877734, 14.620902506779206 ], [ 121.168924843738608, 14.621092635768873 ], [ 121.168408907604871, 14.621366617978573 ], [ 121.167867220347105, 14.621718795002158 ], [ 121.167620787925856, 14.621947915625151 ], [ 121.167316957471812, 14.622110065751903 ], [ 121.166952902214291, 14.62226108862529 ], [ 121.166519981361233, 14.62234794044806 ], [ 121.166018237505455, 14.62242925440464 ], [ 121.165694690054352, 14.622473209608781 ], [ 121.165544790054369, 14.622541409608731 ], [ 121.165292390054375, 14.622758109608714 ], [ 121.165157890054445, 14.622930809608736 ], [ 121.164929273494593, 14.62335696603281 ], [ 121.16475169114662, 14.623636294218372 ], [ 121.164542514373821, 14.623843049707082 ], [ 121.164215733343511, 14.623996835138671 ], [ 121.163782841733607, 14.624131147180215 ], [ 121.163296790054517, 14.624244809608426 ], [ 121.162962798086411, 14.624204292850111 ], [ 121.162687483858178, 14.62415142797766 ], [ 121.162551190054202, 14.624092109607869 ], [ 121.162268643072338, 14.623880876756076 ], [ 121.162085035117244, 14.623752563826656 ], [ 121.161855555882468, 14.623635449619691 ], [ 121.161683490709777, 14.623610435503137 ], [ 121.161350857687225, 14.623599488323 ], [ 121.160728632815989, 14.623619445221948 ], [ 121.160123618389903, 14.623647765352747 ], [ 121.159759381378365, 14.623547490267555 ], [ 121.159649690052902, 14.623492709605728 ], [ 121.15908528786008, 14.623198922732165 ], [ 121.158769739125503, 14.623012059839622 ], [ 121.158462860432508, 14.622922913555239 ], [ 121.158290796172835, 14.622897896922755 ], [ 121.15798397903896, 14.622898096427653 ], [ 121.157645650489684, 14.622942989186686 ], [ 121.156951811051798, 14.623066289245539 ], [ 121.156498821790464, 14.623167095832168 ], [ 121.1560773533336, 14.623237168476978 ], [ 121.15550965001573, 14.623315710080544 ], [ 121.154970630222081, 14.623408192430261 ], [ 121.153941386326821, 14.623668508639918 ], [ 121.15315296989165, 14.623872827443064 ], [ 121.152894942574164, 14.623939999428128 ], [ 121.15259673737701, 14.623956938911398 ], [ 121.152407504998067, 14.623987770241746 ], [ 121.151544390756712, 14.623977140383177 ], [ 121.150517816526275, 14.623944271714743 ], [ 121.149623162173796, 14.623936446292451 ], [ 121.149370837928217, 14.623956145563749 ], [ 121.149069800937411, 14.624028923826462 ], [ 121.148645545249465, 14.624230212420553 ], [ 121.147415767862086, 14.624806126835917 ], [ 121.146491266710385, 14.625217119125171 ], [ 121.145854848606476, 14.625475767531757 ], [ 121.145148199173079, 14.625772149028545 ], [ 121.144993388881815, 14.625826686546741 ], [ 121.144812767606481, 14.625875655119005 ], [ 121.144567612881758, 14.625900929111737 ], [ 121.144035677731168, 14.625876114779295 ], [ 121.143267146251617, 14.625805368840421 ], [ 121.142933069070438, 14.625781831889741 ], [ 121.142220457690613, 14.625716633922426 ], [ 121.141533640457382, 14.62562908221037 ], [ 121.141307080002505, 14.625581747971738 ], [ 121.140787997030671, 14.625470364357355 ], [ 121.140207248465572, 14.625333886242727 ], [ 121.139561978056634, 14.625190463303463 ], [ 121.139068694967108, 14.625063704684917 ], [ 121.138226989629928, 14.624896656953537 ], [ 121.13775952020157, 14.624778257202134 ], [ 121.137194564529068, 14.6246724755185 ], [ 121.136569409672177, 14.62459604287317 ], [ 121.136530696300994, 14.624591876344219 ], [ 121.135729184908755, 14.624502975352572 ], [ 121.135301900440112, 14.62445016223713 ], [ 121.134667290044888, 14.62439710959106 ], [ 121.134348422081345, 14.624375300766758 ], [ 121.133881490044629, 14.624360709590551 ], [ 121.133658780586828, 14.624350549107467 ], [ 121.133462357964092, 14.624349260086257 ], [ 121.133145510320475, 14.624363392764639 ], [ 121.132658055200352, 14.624390181725081 ], [ 121.13220501042106, 14.624418347161022 ], [ 121.131558425283089, 14.62447174429871 ], [ 121.130929062732918, 14.624557239370642 ], [ 121.130081795692249, 14.624686125553321 ], [ 121.129650271562952, 14.624742195419914 ], [ 121.129202991572754, 14.624826193575688 ], [ 121.128569331223005, 14.624921456826863 ], [ 121.127746429571332, 14.625040549501445 ], [ 121.126768691273625, 14.625175075618131 ], [ 121.126451861630841, 14.625225496234775 ], [ 121.125796692747471, 14.625320763022977 ], [ 121.124603891907796, 14.625458182069092 ], [ 121.124352992727097, 14.625469477319127 ], [ 121.123980214911356, 14.625461289169321 ], [ 121.123492694783081, 14.625372187693131 ], [ 121.122497569378311, 14.625167466899491 ], [ 121.120616305479416, 14.624791464175408 ], [ 121.118855473275801, 14.624398635736304 ], [ 121.117306883322357, 14.624092247707985 ], [ 121.116298853130957, 14.623862377740375 ], [ 121.115589088141292, 14.623727294846088 ], [ 121.114625517259682, 14.623518337421604 ], [ 121.113131423552062, 14.623217480436008 ], [ 121.112619527795331, 14.623104634578697 ], [ 121.111707581856919, 14.622906809876463 ], [ 121.111207165272035, 14.622810708217168 ], [ 121.110438608137528, 14.622642130981379 ], [ 121.109401924795151, 14.622428996317732 ], [ 121.108619029864329, 14.622253439177316 ], [ 121.108056962760202, 14.622150377503969 ], [ 121.107755850253824, 14.622083498421276 ], [ 121.107281237827308, 14.621973416689816 ], [ 121.1066532189637, 14.621866191978302 ], [ 121.105992205659376, 14.621715702365558 ], [ 121.105465984719856, 14.621614015174224 ], [ 121.104697440335556, 14.621455191218159 ], [ 121.103959003264322, 14.621292164020188 ], [ 121.103475797583471, 14.62119464247149 ], [ 121.102681446728354, 14.621030238403675 ], [ 121.101951621438047, 14.620882557728169 ], [ 121.101540105632125, 14.620790586978931 ], [ 121.101064067668148, 14.620686077285761 ], [ 121.100335672353864, 14.620524430537573 ], [ 121.099700482882994, 14.620394853251014 ], [ 121.099125521120243, 14.620291775118647 ], [ 121.098227934459828, 14.620091099695298 ], [ 121.096875828355067, 14.619804042691024 ], [ 121.095145195324164, 14.619437547526138 ], [ 121.094213217808402, 14.619264790488366 ], [ 121.093718542844925, 14.619146312325684 ], [ 121.092925635198085, 14.618969309980271 ], [ 121.092326300221046, 14.618848075503619 ], [ 121.091834508174983, 14.61876484233048 ], [ 121.09149972648342, 14.618732855533144 ], [ 121.090957788360797, 14.618735844365824 ], [ 121.090516239011976, 14.618816974180655 ], [ 121.089999990026769, 14.619000009560455 ], [ 121.08954292133015, 14.619259867890429 ], [ 121.089128710897157, 14.619609025434151 ], [ 121.088533938696344, 14.620192780841526 ], [ 121.087135147407935, 14.62159489450706 ], [ 121.085753547126444, 14.623008162198147 ], [ 121.084242937829586, 14.624549900473637 ], [ 121.083254004353236, 14.625549793698575 ], [ 121.081554185916048, 14.62733169568426 ], [ 121.079943289401115, 14.629281082097714 ], [ 121.07887992797265, 14.630797515182136 ], [ 121.078100299565875, 14.631872707411043 ], [ 121.077855973775584, 14.632229675711192 ], [ 121.077346343937464, 14.632548621476992 ], [ 121.076999990029947, 14.632700009561054 ], [ 121.076626016093314, 14.632783239183802 ], [ 121.076219462862184, 14.632800248443504 ], [ 121.075967988318141, 14.63272073559807 ], [ 121.075264428797723, 14.632390095949631 ], [ 121.074365301862969, 14.631933853893907 ], [ 121.073593805395433, 14.631543185588741 ], [ 121.071335266429855, 14.630428387343343 ], [ 121.069291139374798, 14.629455905623473 ], [ 121.067716652253097, 14.6287136299397 ], [ 121.067307869420844, 14.628539455764248 ], [ 121.066821903131043, 14.628426278392295 ], [ 121.065319240613434, 14.628139077420688 ], [ 121.063492544635551, 14.627824025259905 ], [ 121.062841125119164, 14.627712193599097 ], [ 121.062586355702749, 14.627620422695736 ], [ 121.061941088057665, 14.627319031825145 ], [ 121.061229859018638, 14.626975773370717 ], [ 121.059454657216207, 14.626091092205677 ], [ 121.058567060318154, 14.625643162337722 ], [ 121.051753218578753, 14.622349922110237 ], [ 121.049768766852466, 14.621456830754122 ], [ 121.049351514479966, 14.621251689362124 ], [ 121.049096303605253, 14.621205666621584 ], [ 121.04879090548819, 14.621121959532639 ], [ 121.048580125285469, 14.620997749772402 ], [ 121.048445334421871, 14.620884694532144 ], [ 121.048235991511689, 14.620777236714869 ], [ 121.046828007034037, 14.620364255253602 ], [ 121.045921490012418, 14.620029609534216 ], [ 121.045944590012382, 14.619920009534157 ], [ 121.045936190012299, 14.619839609534104 ], [ 121.045893090012243, 14.619750909534025 ], [ 121.045808506706422, 14.619631506347764 ], [ 121.045560434484415, 14.619401200819432 ], [ 121.045309496590363, 14.6191778757133 ], [ 121.045176131246265, 14.619001996374022 ], [ 121.045058512560587, 14.618686510028637 ], [ 121.044909342151911, 14.618309602894962 ] ] ] } },
{ "type": "Feature", "properties": { "Agency": "LTFRB", "Type": "PUJ", "Route_Code": "PUJ04B", "Route_Name": "Cubao - Antipolo via Sumulong Highway", "Route_Begi": "Antipolo-Cubao Jeepney Terminal, Pascual Oliveros St., Antipolo City, Rizal", "Route_End": "Antipolo-Cubao Jeepney Terminal, Pascual Oliveros St., Antipolo City, Rizal", "Schedule_T": "06:00-23:00", "Trip_Code": null, "Schedule_D": "Mondays to Sundays" }, "geometry": { "type": "MultiLineString", "coordinates": [ [ [ 121.059813187559925, 14.620179855718868 ], [ 121.06297109001882, 14.621190309545339 ], [ 121.062923774446546, 14.621351835156787 ], [ 121.062322741661177, 14.622643080821303 ], [ 121.061907274419923, 14.623555109922366 ], [ 121.061720058402344, 14.623932725332955 ], [ 121.061357129189702, 14.624700751988295 ], [ 121.061023748578322, 14.625369578755398 ], [ 121.060751134028536, 14.625931199136463 ], [ 121.060475230348288, 14.626486420429393 ], [ 121.062049513126254, 14.627277990123439 ], [ 121.062678890205333, 14.62755301828061 ], [ 121.06301903557204, 14.627644129126951 ], [ 121.063219505146463, 14.627687277162202 ], [ 121.063604834426414, 14.627771176719083 ], [ 121.06396961750815, 14.627825482978571 ], [ 121.064835569053358, 14.627961257630005 ], [ 121.065402468308704, 14.628066707080958 ], [ 121.066072889397049, 14.628192927138935 ], [ 121.066503403680699, 14.628268011029139 ], [ 121.067191893598576, 14.628370225064568 ], [ 121.067441669773686, 14.628456553294544 ], [ 121.067903442287431, 14.628669215804678 ], [ 121.068320841839693, 14.628846691871681 ], [ 121.070945257748107, 14.630106684228867 ], [ 121.073834289288996, 14.631504159849127 ], [ 121.074771015116241, 14.631961452045198 ], [ 121.075868811440486, 14.632543482893036 ], [ 121.076019996277054, 14.632594633898401 ], [ 121.076388068479858, 14.632623321651883 ], [ 121.076808330297141, 14.632568122868683 ], [ 121.077278582227478, 14.632411869501261 ], [ 121.077827260064296, 14.632008533662589 ], [ 121.078301949261814, 14.631464430249261 ], [ 121.078850512939738, 14.63072511809599 ], [ 121.079431894179791, 14.6298610040381 ], [ 121.07966183335742, 14.629566554848461 ], [ 121.080243197450301, 14.628669641255396 ], [ 121.08116213613971, 14.627540636316558 ], [ 121.081789583972466, 14.626903683910468 ], [ 121.082463020464118, 14.62622511804282 ], [ 121.083322046539351, 14.625330505854857 ], [ 121.085831740345981, 14.622710668077945 ], [ 121.088072003110128, 14.620329278993868 ], [ 121.089248008412952, 14.619215350585721 ], [ 121.089589666763857, 14.618965648375404 ], [ 121.090282910821628, 14.618655024383818 ], [ 121.090955291181757, 14.618488854042106 ], [ 121.09152989002699, 14.618483109561055 ], [ 121.092122490027265, 14.618559609561467 ], [ 121.092494890027425, 14.618643309561753 ], [ 121.093746514588204, 14.618874538283386 ], [ 121.094886887674875, 14.619139688724607 ], [ 121.096043688683238, 14.619392028248543 ], [ 121.097634281639571, 14.619708188064783 ], [ 121.099248490030448, 14.620044709566733 ], [ 121.101213166769114, 14.620500301576733 ], [ 121.102412690115656, 14.620726994012754 ], [ 121.106559390033794, 14.621587509572167 ], [ 121.112174290036378, 14.622761409576318 ], [ 121.115365890037808, 14.623429709578689 ], [ 121.118326938636812, 14.624063911018132 ], [ 121.119863605730401, 14.624376043935072 ], [ 121.122656509538544, 14.624971975938948 ], [ 121.12441520086378, 14.62529534529765 ], [ 121.124571154821723, 14.624683738603922 ], [ 121.124673057423522, 14.624053671123136 ], [ 121.124864302121466, 14.623540585550179 ], [ 121.12518371054513, 14.623043679789809 ], [ 121.126164674172216, 14.622070422586265 ], [ 121.127160194191092, 14.621023201493117 ], [ 121.127367484768129, 14.620829680689665 ], [ 121.127615645029366, 14.62059062942858 ], [ 121.127790785918535, 14.620365837460215 ], [ 121.128713336563266, 14.619449486171078 ], [ 121.129326576124157, 14.619122067743588 ], [ 121.129548520464127, 14.619022399718618 ], [ 121.13105832404014, 14.618350339885126 ], [ 121.131405863381829, 14.618236381428799 ], [ 121.13298878564062, 14.617746306217168 ], [ 121.133348015284582, 14.617646560117857 ], [ 121.1334881903867, 14.617586753224353 ], [ 121.135071136324882, 14.617153550230267 ], [ 121.135404099711621, 14.61709648018757 ], [ 121.135626097340932, 14.617096357431461 ], [ 121.136633888192861, 14.617161216771832 ], [ 121.137037005191644, 14.617188012581158 ], [ 121.137345222688424, 14.617271747250816 ], [ 121.137555603784037, 14.61738540180427 ], [ 121.137878520630068, 14.617626987030745 ], [ 121.138270104442142, 14.617905509128978 ], [ 121.13860616493416, 14.618142819426799 ], [ 121.13909564542972, 14.618488126066808 ], [ 121.13937765217014, 14.618698444947391 ], [ 121.139535441476966, 14.618786528793086 ], [ 121.139659612356922, 14.618830544835822 ], [ 121.139789615090649, 14.61885749158839 ], [ 121.139950281100553, 14.618871621310673 ], [ 121.140040827465015, 14.618861614392658 ], [ 121.140211688777129, 14.61882880689747 ], [ 121.140362093266816, 14.618780367283152 ], [ 121.140470139990327, 14.618727685428269 ], [ 121.140509546490591, 14.618682153751536 ], [ 121.140620442598461, 14.6185114311088 ], [ 121.140750214795773, 14.618158661372416 ], [ 121.140871178570791, 14.617731944430069 ], [ 121.14095561699034, 14.617285338257524 ], [ 121.14101099104353, 14.617079093463904 ], [ 121.141170029959667, 14.616821591160781 ], [ 121.141359767760306, 14.616611002212105 ], [ 121.141606482294591, 14.616428823278493 ], [ 121.141788815568887, 14.616341523412286 ], [ 121.142190573879518, 14.616247870280688 ], [ 121.14246953289755, 14.616251974355228 ], [ 121.142634595307982, 14.616293120680867 ], [ 121.142801138436909, 14.616366975652456 ], [ 121.14294434515844, 14.616492041830627 ], [ 121.143340386030147, 14.616885747568036 ], [ 121.143622438779346, 14.61716716917989 ], [ 121.143786216328209, 14.617489902636493 ], [ 121.143866699083446, 14.617738732833351 ], [ 121.143942786335444, 14.617964811065212 ], [ 121.144045122379254, 14.618125454548183 ], [ 121.14416641698314, 14.618240577757284 ], [ 121.144315448273417, 14.618334352155518 ], [ 121.144480529429401, 14.618402518130685 ], [ 121.144733260504253, 14.618500497372183 ], [ 121.144912977367568, 14.618617007715697 ], [ 121.144999990045235, 14.618700009593796 ], [ 121.145124938187195, 14.61891269058334 ], [ 121.145285822283611, 14.619273822874387 ], [ 121.145473050011432, 14.619720268778053 ], [ 121.145641163661708, 14.619963357437367 ], [ 121.145736158931257, 14.620060007439275 ], [ 121.145825284389247, 14.620112574035886 ], [ 121.145984525212185, 14.620180742408568 ], [ 121.146137910539949, 14.620227581820107 ], [ 121.14640229089278, 14.6202658216408 ], [ 121.146548352995808, 14.620279955560127 ], [ 121.146710470139681, 14.620277013852682 ], [ 121.14688746861367, 14.620257262744222 ], [ 121.147063834583946, 14.620144540568871 ], [ 121.147233165581127, 14.62000222275916 ], [ 121.147745551556568, 14.61959517613238 ], [ 121.148161592995137, 14.619269249866132 ], [ 121.148390780347384, 14.619089918774328 ], [ 121.148707600468057, 14.618913378365759 ], [ 121.148839007625199, 14.618851434385663 ], [ 121.149060980304554, 14.618810056280187 ], [ 121.149245740822423, 14.618817054079463 ], [ 121.149404214724626, 14.618828334308253 ], [ 121.149865033611647, 14.618865738715055 ], [ 121.150627485129576, 14.618956286927078 ], [ 121.150937144126814, 14.618999471184335 ], [ 121.151295006537566, 14.61905186913317 ], [ 121.151641175596211, 14.619090052237581 ], [ 121.151766768418682, 14.619071486018415 ], [ 121.151904031375736, 14.619031580103766 ], [ 121.152050042441275, 14.618968914139534 ], [ 121.152111354405307, 14.618923366853727 ], [ 121.152168266983466, 14.618850801317484 ], [ 121.152217828198758, 14.618704288198625 ], [ 121.152362150536433, 14.61829603895222 ], [ 121.152625983716149, 14.617507998847131 ], [ 121.152701723563325, 14.617195076835767 ], [ 121.152694343939288, 14.61707846457754 ], [ 121.152672356417128, 14.616957594999468 ], [ 121.152609383582515, 14.616698801845237 ], [ 121.152536470021602, 14.616535368170359 ], [ 121.152483092892297, 14.616450762890691 ], [ 121.152403209154656, 14.616330592159654 ], [ 121.152195713536727, 14.616172862374375 ], [ 121.151767623498984, 14.615925673942391 ], [ 121.151403819715824, 14.615713998728067 ], [ 121.151251816923434, 14.615544856353363 ], [ 121.151177246817468, 14.615415486281526 ], [ 121.151152343021778, 14.61530030697198 ], [ 121.151149341130022, 14.6151765811369 ], [ 121.151182813516087, 14.614994524230786 ], [ 121.15129509392122, 14.614722822505335 ], [ 121.151569320843734, 14.614195031741342 ], [ 121.151680234137189, 14.614066968581982 ], [ 121.151884598028005, 14.613907559698388 ], [ 121.152277231463103, 14.613546086723385 ], [ 121.152551693032663, 14.613379522667401 ], [ 121.152722515275272, 14.613296930551158 ], [ 121.152951766160399, 14.613228523223929 ], [ 121.153762143597504, 14.612940737406264 ], [ 121.154096514308222, 14.612821064926333 ], [ 121.154289269339841, 14.612778278205758 ], [ 121.154501048593104, 14.612792365562905 ], [ 121.154831184044411, 14.612891706976185 ], [ 121.155114598681294, 14.613012410039723 ], [ 121.155473919495691, 14.613074755853505 ], [ 121.1558682815445, 14.613121434952829 ], [ 121.156026007956356, 14.613112800995131 ], [ 121.156323913759323, 14.613064256564241 ], [ 121.156502025163505, 14.612964591123625 ], [ 121.15661438579906, 14.612822303131443 ], [ 121.156704825572419, 14.612660118991711 ], [ 121.156929553865439, 14.612386920010296 ], [ 121.157095945785557, 14.612236064004421 ], [ 121.157412674385895, 14.611950005752036 ], [ 121.158435976385974, 14.611233996578504 ], [ 121.158783409819193, 14.611003380620714 ], [ 121.159179011457439, 14.610734334389027 ], [ 121.159360014096734, 14.610596266631669 ], [ 121.159514699618526, 14.610416973421989 ], [ 121.159730608179757, 14.610069825333474 ], [ 121.159844404053814, 14.609896247374927 ], [ 121.160053025085617, 14.609571858291421 ], [ 121.160225232855979, 14.60938970876362 ], [ 121.160464632245976, 14.609223158529741 ], [ 121.160674894473416, 14.609160444803994 ], [ 121.16118165403627, 14.609133088526461 ], [ 121.161730756717361, 14.609091481416804 ], [ 121.162772063902707, 14.609093630875297 ], [ 121.163185366918839, 14.609084820847853 ], [ 121.163302909441853, 14.609050610133748 ], [ 121.163440134294504, 14.608968743852975 ], [ 121.163633519405224, 14.608792266220583 ], [ 121.164078569066987, 14.608245857721165 ], [ 121.164125269043751, 14.608197472835039 ], [ 121.164640351683616, 14.607558575718585 ], [ 121.164795019602209, 14.607363635301317 ], [ 121.164987662844567, 14.607174357631402 ], [ 121.165117587259886, 14.607097472876109 ], [ 121.16532782059781, 14.606999201057802 ], [ 121.165500125175598, 14.606960685505987 ], [ 121.165624035476455, 14.606956856158828 ], [ 121.165859431728293, 14.607013060325176 ], [ 121.166150861209033, 14.607111701140283 ], [ 121.166632201564255, 14.607283452497265 ], [ 121.167059473184835, 14.607409731010696 ], [ 121.16725228389042, 14.607453685189205 ], [ 121.167588923161901, 14.607462697139697 ], [ 121.168034330836349, 14.607423991089561 ], [ 121.168260674290423, 14.607388991493313 ], [ 121.16882502705154, 14.607239984288013 ], [ 121.169839871447095, 14.607017419834232 ], [ 121.170974419132818, 14.60672650312449 ], [ 121.171443137647913, 14.60661524414086 ], [ 121.171695755391966, 14.606563867848743 ], [ 121.172081314390553, 14.606567861154939 ], [ 121.172345663378479, 14.606580472912103 ], [ 121.172925483210008, 14.606614192028447 ], [ 121.173175151871334, 14.606525840155403 ], [ 121.173343033674726, 14.606434702171398 ], [ 121.173491863140029, 14.606255403955556 ], [ 121.173720880945254, 14.605896856417075 ], [ 121.173986334564205, 14.605440153666946 ], [ 121.174289700018946, 14.604906626873134 ], [ 121.174598902477584, 14.604368829001354 ], [ 121.174953366737284, 14.603818198642831 ], [ 121.175242113745099, 14.603271881714399 ], [ 121.175516326856467, 14.602819437328515 ], [ 121.175905002108209, 14.602132964698331 ], [ 121.17602456620611, 14.601885422523617 ], [ 121.176031732141837, 14.601707647633669 ], [ 121.175987824163442, 14.601582529645921 ], [ 121.175936602242359, 14.601441773222181 ], [ 121.175794815792301, 14.601275483624232 ], [ 121.175562440093302, 14.601050951075912 ], [ 121.175237953436593, 14.600687113410229 ], [ 121.174874148492805, 14.600469785870514 ], [ 121.174495752158293, 14.600268111984997 ], [ 121.173907017613658, 14.600011124192916 ], [ 121.173689341418324, 14.599908884762892 ], [ 121.173563673458958, 14.599810845799933 ], [ 121.173432117408012, 14.599650947106287 ], [ 121.173015288476719, 14.598830659506794 ], [ 121.172721330069095, 14.598270538607078 ], [ 121.172082297133301, 14.5971403767042 ], [ 121.171880488062598, 14.596769336344973 ], [ 121.171811737986175, 14.596618636220329 ], [ 121.171770717036097, 14.596443739761984 ], [ 121.171742777961938, 14.596186348848994 ], [ 121.1717207864953, 14.596071169568392 ], [ 121.171798927002442, 14.595106890803729 ], [ 121.171821791922284, 14.594435615751552 ], [ 121.171814790040926, 14.594365009594897 ], [ 121.171779990040136, 14.592996509594009 ], [ 121.171819389646132, 14.592683873381242 ], [ 121.171890491287527, 14.592073716888615 ], [ 121.171910309788004, 14.591234629050406 ], [ 121.171892297514646, 14.590580448618795 ], [ 121.171844894184559, 14.589678833240059 ], [ 121.171830017214432, 14.589311926675125 ], [ 121.171896498119864, 14.588381787426467 ], [ 121.171992297306502, 14.587602376240104 ], [ 121.172827667077868, 14.587695645774382 ], [ 121.173521377350696, 14.587776214153976 ], [ 121.173705392007605, 14.587795992812371 ] ] ] } },
{ "type": "Feature", "properties": { "Agency": "LTFRB", "Type": "PUJ", "Route_Code": "PUJ51A", "Route_Name": "Marikina-Antipolo (via Sumulong)", "Route_Begi": "Marikina Sports Center, Sumulong Hwy., Marikina City", "Route_End": "J.P. Rizal St / P. Oliveros St Intersection, Antipolo City", "Schedule_T": "04:00-22:00", "Trip_Code": "T233", "Schedule_D": "Mondays to Sundays" }, "geometry": { "type": "MultiLineString", "coordinates": [ [ [ 121.098994557605096, 14.635486886829183 ], [ 121.09921486438158, 14.635455630303481 ], [ 121.099373036550318, 14.635440899570879 ], [ 121.102845120981655, 14.634737271057581 ], [ 121.103720671453672, 14.634562727817972 ], [ 121.108243389036105, 14.633669730931782 ], [ 121.108595486456082, 14.633594404693484 ], [ 121.108909922466054, 14.633519094472597 ], [ 121.109672484887312, 14.633355579333868 ], [ 121.111950769253667, 14.632905359572602 ], [ 121.113888245281956, 14.63252311322543 ], [ 121.114404153392201, 14.632425701058336 ], [ 121.115477383500362, 14.632207018830938 ], [ 121.116179678014348, 14.632041677127589 ], [ 121.116533580061784, 14.631819660433338 ], [ 121.117747774738845, 14.631087529475533 ], [ 121.11823721187389, 14.630785689516149 ], [ 121.118365215525202, 14.63070128848902 ], [ 121.119110665176109, 14.630246228928911 ], [ 121.120059406939404, 14.629651724297009 ], [ 121.120123412810685, 14.629618690643031 ], [ 121.120287201946482, 14.629552605824152 ], [ 121.120708937682039, 14.629433224031374 ], [ 121.121232369447739, 14.629339460042415 ], [ 121.122394067009679, 14.629096867376013 ], [ 121.123403274399621, 14.62892401731612 ], [ 121.123681887215071, 14.628784533698472 ], [ 121.123881352651736, 14.628531414438806 ], [ 121.123979168081107, 14.628340684242538 ], [ 121.124215664255999, 14.626906790948233 ], [ 121.124373111010627, 14.62554627606738 ], [ 121.122286545636015, 14.625140290804991 ], [ 121.122327823417507, 14.624857915753326 ], [ 121.12441520086378, 14.62529534529765 ], [ 121.124571154821723, 14.624683738603922 ], [ 121.124673057423522, 14.624053671123136 ], [ 121.124864302121466, 14.623540585550179 ], [ 121.12518371054513, 14.623043679789809 ], [ 121.126164674172216, 14.622070422586265 ], [ 121.127160194191092, 14.621023201493117 ], [ 121.127367484768129, 14.620829680689665 ], [ 121.127615645029366, 14.62059062942858 ], [ 121.127790785918535, 14.620365837460215 ], [ 121.128713336563266, 14.619449486171078 ], [ 121.129326576124157, 14.619122067743588 ], [ 121.129548520464127, 14.619022399718618 ], [ 121.13105832404014, 14.618350339885126 ], [ 121.131405863381829, 14.618236381428799 ], [ 121.13298878564062, 14.617746306217168 ], [ 121.133348015284582, 14.617646560117857 ], [ 121.1334881903867, 14.617586753224353 ], [ 121.135071136324882, 14.617153550230267 ], [ 121.135404099711621, 14.61709648018757 ], [ 121.135626097340932, 14.617096357431461 ], [ 121.136633888192861, 14.617161216771832 ], [ 121.137037005191644, 14.617188012581158 ], [ 121.137345222688424, 14.617271747250816 ], [ 121.137555603784037, 14.61738540180427 ], [ 121.137878520630068, 14.617626987030745 ], [ 121.138270104442142, 14.617905509128978 ], [ 121.13860616493416, 14.618142819426799 ], [ 121.13909564542972, 14.618488126066808 ], [ 121.13937765217014, 14.618698444947391 ], [ 121.139535441476966, 14.618786528793086 ], [ 121.139659612356922, 14.618830544835822 ], [ 121.139789615090649, 14.61885749158839 ], [ 121.139950281100553, 14.618871621310673 ], [ 121.140040827465015, 14.618861614392658 ], [ 121.140211688777129, 14.61882880689747 ], [ 121.140362093266816, 14.618780367283152 ], [ 121.140470139990327, 14.618727685428269 ], [ 121.140509546490591, 14.618682153751536 ], [ 121.140620442598461, 14.6185114311088 ], [ 121.140750214795773, 14.618158661372416 ], [ 121.140871178570791, 14.617731944430069 ], [ 121.14095561699034, 14.617285338257524 ], [ 121.14101099104353, 14.617079093463904 ], [ 121.141170029959667, 14.616821591160781 ], [ 121.141359767760306, 14.616611002212105 ], [ 121.141606482294591, 14.616428823278493 ], [ 121.141788815568887, 14.616341523412286 ], [ 121.142190573879518, 14.616247870280688 ], [ 121.14246953289755, 14.616251974355228 ], [ 121.142634595307982, 14.616293120680867 ], [ 121.142801138436909, 14.616366975652456 ], [ 121.14294434515844, 14.616492041830627 ], [ 121.143340386030147, 14.616885747568036 ], [ 121.143622438779346, 14.61716716917989 ], [ 121.143786216328209, 14.617489902636493 ], [ 121.143866699083446, 14.617738732833351 ], [ 121.143942786335444, 14.617964811065212 ], [ 121.144045122379254, 14.618125454548183 ], [ 121.14416641698314, 14.618240577757284 ], [ 121.144315448273417, 14.618334352155518 ], [ 121.144480529429401, 14.618402518130685 ], [ 121.144733260504253, 14.618500497372183 ], [ 121.144912977367568, 14.618617007715697 ], [ 121.144999990045235, 14.618700009593796 ], [ 121.145124938187195, 14.61891269058334 ], [ 121.145285822283611, 14.619273822874387 ], [ 121.145473050011432, 14.619720268778053 ], [ 121.145641163661708, 14.619963357437367 ], [ 121.145736158931257, 14.620060007439275 ], [ 121.145825284389247, 14.620112574035886 ], [ 121.145984525212185, 14.620180742408568 ], [ 121.146137910539949, 14.620227581820107 ], [ 121.14640229089278, 14.6202658216408 ], [ 121.146548352995808, 14.620279955560127 ], [ 121.146710470139681, 14.620277013852682 ], [ 121.14688746861367, 14.620257262744222 ], [ 121.147063834583946, 14.620144540568871 ], [ 121.147233165581127, 14.62000222275916 ], [ 121.147745551556568, 14.61959517613238 ], [ 121.148161592995137, 14.619269249866132 ], [ 121.148390780347384, 14.619089918774328 ], [ 121.148707600468057, 14.618913378365759 ], [ 121.148839007625199, 14.618851434385663 ], [ 121.149060980304554, 14.618810056280187 ], [ 121.149245740822423, 14.618817054079463 ], [ 121.149404214724626, 14.618828334308253 ], [ 121.149865033611647, 14.618865738715055 ], [ 121.150627485129576, 14.618956286927078 ], [ 121.150937144126814, 14.618999471184335 ], [ 121.151295006537566, 14.61905186913317 ], [ 121.151641175596211, 14.619090052237581 ], [ 121.151766768418682, 14.619071486018415 ], [ 121.151904031375736, 14.619031580103766 ], [ 121.152050042441275, 14.618968914139534 ], [ 121.152111354405307, 14.618923366853727 ], [ 121.152168266983466, 14.618850801317484 ], [ 121.152217828198758, 14.618704288198625 ], [ 121.152362150536433, 14.61829603895222 ], [ 121.152625983716149, 14.617507998847131 ], [ 121.152701723563325, 14.617195076835767 ], [ 121.152694343939288, 14.61707846457754 ], [ 121.152672356417128, 14.616957594999468 ], [ 121.152609383582515, 14.616698801845237 ], [ 121.15252602953899, 14.616539572428097 ], [ 121.152495297906029, 14.616447151443307 ], [ 121.152403209154656, 14.616330592159654 ], [ 121.152195713536727, 14.616172862374375 ], [ 121.151767623498984, 14.615925673942391 ], [ 121.151403819715824, 14.615713998728067 ], [ 121.151251816923434, 14.615544856353363 ], [ 121.151177246817468, 14.615415486281526 ], [ 121.151152343021778, 14.61530030697198 ], [ 121.151149341130022, 14.6151765811369 ], [ 121.151182813516087, 14.614994524230786 ], [ 121.15129509392122, 14.614722822505335 ], [ 121.151569320843734, 14.614195031741342 ], [ 121.151680234137189, 14.614066968581982 ], [ 121.151884598028005, 14.613907559698388 ], [ 121.152277231463103, 14.613546086723385 ], [ 121.152551693032663, 14.613379522667401 ], [ 121.152722515275272, 14.613296930551158 ], [ 121.152951766160399, 14.613228523223929 ], [ 121.153762143597504, 14.612940737406264 ], [ 121.154096514308222, 14.612821064926333 ], [ 121.154289269339841, 14.612778278205758 ], [ 121.154501048593104, 14.612792365562905 ], [ 121.154831184044411, 14.612891706976185 ], [ 121.155114598681294, 14.613012410039723 ], [ 121.155473919495691, 14.613074755853505 ], [ 121.1558682815445, 14.613121434952829 ], [ 121.156026007956356, 14.613112800995131 ], [ 121.156323913759323, 14.613064256564241 ], [ 121.156502025163505, 14.612964591123625 ], [ 121.15661438579906, 14.612822303131443 ], [ 121.156704825572419, 14.612660118991711 ], [ 121.156929553865439, 14.612386920010296 ], [ 121.157095945785557, 14.612236064004421 ], [ 121.157412674385895, 14.611950005752036 ], [ 121.158435976385974, 14.611233996578504 ], [ 121.158783409819193, 14.611003380620714 ], [ 121.159179011457439, 14.610734334389027 ], [ 121.159360014096734, 14.610596266631669 ], [ 121.159514699618526, 14.610416973421989 ], [ 121.159730608179757, 14.610069825333474 ], [ 121.159844404053814, 14.609896247374927 ], [ 121.160053025085617, 14.609571858291421 ], [ 121.160225232855979, 14.60938970876362 ], [ 121.160464632245976, 14.609223158529741 ], [ 121.160674894473416, 14.609160444803994 ], [ 121.16118165403627, 14.609133088526461 ], [ 121.161730756717361, 14.609091481416804 ], [ 121.162772063902707, 14.609093630875297 ], [ 121.163185366918839, 14.609084820847853 ], [ 121.163302909441853, 14.609050610133748 ], [ 121.163440134294504, 14.608968743852975 ], [ 121.163633519405224, 14.608792266220583 ], [ 121.164078569066987, 14.608245857721165 ], [ 121.164125269043751, 14.608197472835039 ], [ 121.164640351683616, 14.607558575718585 ], [ 121.164795019602209, 14.607363635301317 ], [ 121.164987662844567, 14.607174357631402 ], [ 121.165117587259886, 14.607097472876109 ], [ 121.16532782059781, 14.606999201057802 ], [ 121.165500125175598, 14.606960685505987 ], [ 121.165624035476455, 14.606956856158828 ], [ 121.165859431728293, 14.607013060325176 ], [ 121.166150861209033, 14.607111701140283 ], [ 121.166632201564255, 14.607283452497265 ], [ 121.167059473184835, 14.607409731010696 ], [ 121.16725228389042, 14.607453685189205 ], [ 121.167588923161901, 14.607462697139697 ], [ 121.168034330836349, 14.607423991089561 ], [ 121.168260674290423, 14.607388991493313 ], [ 121.16882502705154, 14.607239984288013 ], [ 121.169839871447095, 14.607017419834232 ], [ 121.170974419132818, 14.60672650312449 ], [ 121.171443137647913, 14.60661524414086 ], [ 121.171695755391966, 14.606563867848743 ], [ 121.172081314390553, 14.606567861154939 ], [ 121.172345663378479, 14.606580472912103 ], [ 121.172925483210008, 14.606614192028447 ], [ 121.173175151871334, 14.606525840155403 ], [ 121.173343033674726, 14.606434702171398 ], [ 121.173491863140029, 14.606255403955556 ], [ 121.173720880945254, 14.605896856417075 ], [ 121.173986334564205, 14.605440153666946 ], [ 121.174289700018946, 14.604906626873134 ], [ 121.174598902477584, 14.604368829001354 ], [ 121.174953366737284, 14.603818198642831 ], [ 121.175242113745099, 14.603271881714399 ], [ 121.175516326856467, 14.602819437328515 ], [ 121.175905002108209, 14.602132964698331 ], [ 121.17602456620611, 14.601885422523617 ], [ 121.176031732141837, 14.601707647633669 ], [ 121.175987824163442, 14.601582529645921 ], [ 121.175936602242359, 14.601441773222181 ], [ 121.175794815792301, 14.601275483624232 ], [ 121.175562440093302, 14.601050951075912 ], [ 121.175237953436593, 14.600687113410229 ], [ 121.174874148492805, 14.600469785870514 ], [ 121.174495752158293, 14.600268111984997 ], [ 121.173907017613658, 14.600011124192916 ], [ 121.173689341418324, 14.599908884762892 ], [ 121.173563673458958, 14.599810845799933 ], [ 121.173432117408012, 14.599650947106287 ], [ 121.173015288476719, 14.598830659506794 ], [ 121.172721330069095, 14.598270538607078 ], [ 121.172082297133301, 14.5971403767042 ], [ 121.171880488062598, 14.596769336344973 ], [ 121.171811737986175, 14.596618636220329 ], [ 121.171770717036097, 14.596443739761984 ], [ 121.171742777961938, 14.596186348848994 ], [ 121.1717207864953, 14.596071169568392 ], [ 121.171798927002442, 14.595106890803729 ], [ 121.171821791922284, 14.594435615751552 ], [ 121.171814790040926, 14.594365009594897 ], [ 121.171779990040136, 14.592996509594009 ], [ 121.171819389646132, 14.592683873381242 ], [ 121.171890491287527, 14.592073716888615 ], [ 121.171910309788004, 14.591234629050406 ], [ 121.171892297514646, 14.590580448618795 ], [ 121.171844894184559, 14.589678833240059 ], [ 121.171830017214432, 14.589311926675125 ], [ 121.171896498119864, 14.588381787426467 ], [ 121.171962484623251, 14.587725627705758 ] ] ] } },
{ "type": "Feature", "properties": { "Agency": "LTFRB", "Type": "MPUJ", "Route_Code": "PUJ68A", "Route_Name": "Rosario Jct. - San Juan via Pinaglabanan", "Route_Begi": "Rosario Footbridge, Ortigas Ave., Pasig City", "Route_End": "N. Domingo, San Juan", "Schedule_T": "04:00-22:00", "Trip_Code": "313", "Schedule_D": "Mondays to Sundays" }, "geometry": { "type": "MultiLineString", "coordinates": [ [ [ 121.026873589999155, 14.607734609514944 ], [ 121.026946089999157, 14.607661909514938 ], [ 121.027004489999143, 14.607610009514932 ], [ 121.027591089999135, 14.607192009515037 ], [ 121.027642589999118, 14.607152109515049 ], [ 121.027681489999125, 14.60711360951505 ], [ 121.027708189999103, 14.607067409515034 ], [ 121.027779389998926, 14.606775609514891 ], [ 121.027802589998856, 14.606605009514807 ], [ 121.027820389998709, 14.606337209514653 ], [ 121.02783848999853, 14.606016309514462 ], [ 121.027848889998452, 14.605830809514355 ], [ 121.027852389998458, 14.605812009514333 ], [ 121.027875489998365, 14.605693109514274 ], [ 121.027885689998371, 14.605681509514284 ], [ 121.028003789998323, 14.605505809514241 ], [ 121.02806248999832, 14.605443909514248 ], [ 121.028188189998289, 14.605315109514242 ], [ 121.02819938999825, 14.605303709514237 ], [ 121.028257189998271, 14.60524670951423 ], [ 121.028572289998252, 14.605027209514288 ], [ 121.028584389998215, 14.605019109514293 ], [ 121.028699089998227, 14.604935009514307 ], [ 121.02881048999825, 14.604858809514326 ] ], [ [ 121.029511189998274, 14.604494209514527 ], [ 121.02948438999826, 14.604505909514511 ], [ 121.029272389998241, 14.604612209514457 ], [ 121.029079289998265, 14.604714209514405 ], [ 121.029062689998241, 14.604723409514405 ], [ 121.029053789998258, 14.604728409514392 ], [ 121.028998889998235, 14.60475760951438 ], [ 121.02881048999825, 14.604858809514326 ] ], [ [ 121.029511189998274, 14.604494209514527 ], [ 121.029520589998256, 14.60446170951451 ], [ 121.029545589998222, 14.604423809514511 ], [ 121.029590989998212, 14.604389709514509 ], [ 121.030244189998172, 14.603896309514603 ], [ 121.030303789998158, 14.603850909514605 ], [ 121.030347689998166, 14.60382480951462 ], [ 121.030478489998231, 14.603819309514696 ] ], [ [ 121.035951990000669, 14.604912709518715 ], [ 121.035841090000631, 14.60491920951865 ], [ 121.03575789000061, 14.604924309518598 ], [ 121.035729190000595, 14.604926609518593 ], [ 121.035502590000561, 14.604939309518464 ], [ 121.035483290000542, 14.604941309518455 ], [ 121.035181090000464, 14.604968309518279 ], [ 121.035114090000405, 14.604973009518245 ], [ 121.034523090000263, 14.605037809517921 ], [ 121.034276390000187, 14.605063409517777 ], [ 121.034084990000125, 14.605082909517677 ], [ 121.034023590000132, 14.605089209517647 ], [ 121.033978290000107, 14.605094009517627 ], [ 121.033788090000073, 14.605114309517527 ], [ 121.033419089999967, 14.605147109517322 ], [ 121.03336208999994, 14.605143009517285 ], [ 121.033328889999922, 14.605114509517234 ], [ 121.033256989999828, 14.60504160951715 ], [ 121.033070389999665, 14.604852709516921 ], [ 121.03302798999961, 14.604811709516865 ], [ 121.032904589999518, 14.604692409516728 ], [ 121.032747189999412, 14.604576609516554 ], [ 121.032669089999388, 14.604521009516464 ], [ 121.032610389999334, 14.604480109516423 ], [ 121.03254068999928, 14.604424109516327 ], [ 121.032444589999201, 14.604369309516244 ], [ 121.032420689999185, 14.604357009516219 ], [ 121.032368589999152, 14.604330809516169 ], [ 121.032276789999088, 14.604284509516075 ], [ 121.032218689999041, 14.60425570951603 ], [ 121.032141289999032, 14.604217409515956 ], [ 121.032020989998941, 14.604162509515854 ], [ 121.031980389998893, 14.604144309515815 ], [ 121.031856589998867, 14.604088009515715 ], [ 121.031613789998715, 14.603997509515505 ], [ 121.031560389998688, 14.603979609515454 ], [ 121.031229589998546, 14.603887409515199 ], [ 121.031048689998443, 14.603845109515065 ], [ 121.030879289998339, 14.603809609514936 ], [ 121.030770089998299, 14.603786909514852 ], [ 121.03071408999827, 14.603780109514808 ], [ 121.03067728999828, 14.603776509514798 ], [ 121.030645689998238, 14.603774209514771 ], [ 121.030600089998259, 14.603783309514748 ], [ 121.030552489998243, 14.603795309514732 ], [ 121.030490489998215, 14.603813809514698 ], [ 121.030478489998231, 14.603819309514696 ] ], [ [ 121.035951990000669, 14.604912709518715 ], [ 121.036068490000687, 14.604863409518755 ], [ 121.036232790000739, 14.604821809518835 ], [ 121.036310590000767, 14.604818609518881 ], [ 121.036368790000765, 14.604826009518911 ], [ 121.036418590000821, 14.60484190951896 ], [ 121.036480190000844, 14.604860109519008 ], [ 121.036532090000875, 14.604900709519054 ], [ 121.036595690000951, 14.604969909519138 ], [ 121.036726690001089, 14.605173909519351 ], [ 121.036846290001222, 14.605406509519565 ], [ 121.036867890001346, 14.605524209519656 ], [ 121.036950590001396, 14.605601609519754 ], [ 121.037036390001461, 14.605683009519852 ], [ 121.037107390001566, 14.605749609519952 ], [ 121.037274090001688, 14.605905809520142 ] ], [ [ 121.037663890001994, 14.606247009520597 ], [ 121.037577390001914, 14.606168909520482 ], [ 121.037315690001748, 14.605942509520196 ], [ 121.037274090001688, 14.605905809520142 ] ], [ [ 121.037663890001994, 14.606247009520597 ], [ 121.037815790002114, 14.606381309520762 ], [ 121.038007590002294, 14.606548909520987 ], [ 121.038086990002341, 14.606613409521069 ], [ 121.038505990002676, 14.606983609521565 ], [ 121.038658490002803, 14.607118509521738 ], [ 121.038696490002835, 14.607152109521788 ], [ 121.038712090002846, 14.607165809521799 ], [ 121.038780590002887, 14.607180009521844 ], [ 121.038826690002935, 14.607206109521893 ], [ 121.039084290003117, 14.607416609522186 ], [ 121.039137090003152, 14.607463709522248 ], [ 121.039194690003214, 14.607515309522324 ], [ 121.039261890003203, 14.607454609522323 ], [ 121.039694890003162, 14.607119409522378 ], [ 121.039927090003133, 14.606960509522407 ], [ 121.039993490003155, 14.606914109522419 ], [ 121.040119090003145, 14.606820409522445 ], [ 121.040643690003122, 14.606405909522508 ], [ 121.040774990003101, 14.606306009522523 ], [ 121.041446690003013, 14.60579330952261 ], [ 121.04205709000297, 14.605334709522701 ], [ 121.042342590002946, 14.605115009522729 ], [ 121.042406390002952, 14.605068409522744 ], [ 121.042430890002962, 14.605048909522745 ], [ 121.042471590002918, 14.605016809522748 ], [ 121.04268939000292, 14.604841109522768 ], [ 121.042944290002893, 14.604640309522802 ], [ 121.043240790002855, 14.604410209522843 ], [ 121.044203790002797, 14.603654709522957 ], [ 121.044516990002748, 14.603388609522986 ], [ 121.044736990002733, 14.603218109523008 ], [ 121.044767490002712, 14.603163409522994 ], [ 121.044817290002655, 14.603043909522954 ], [ 121.044866390002653, 14.602982909522941 ], [ 121.045061290002607, 14.602837609522973 ], [ 121.045080190002636, 14.60282350952297 ], [ 121.045284890002634, 14.602670909523003 ], [ 121.045310890002639, 14.602651609523008 ], [ 121.045563890002569, 14.602463009523053 ], [ 121.045815090002534, 14.602275709523081 ], [ 121.045825690002573, 14.602267809523084 ], [ 121.046035790002563, 14.602111209523107 ], [ 121.046062590002535, 14.602091309523114 ], [ 121.046357490002535, 14.60187150952315 ], [ 121.046370690002533, 14.601861609523166 ], [ 121.046590990002528, 14.601697409523199 ], [ 121.046604090002504, 14.601687609523191 ], [ 121.04665169000252, 14.601652109523199 ], [ 121.046840690002512, 14.601511209523226 ], [ 121.046857190002484, 14.601499009523229 ], [ 121.047102990002472, 14.601315809523255 ], [ 121.04731089000245, 14.601160809523297 ], [ 121.047411690002477, 14.60114220952334 ], [ 121.047470590002504, 14.601128009523372 ], [ 121.047534990002504, 14.601126109523403 ], [ 121.047684490002496, 14.601011809523429 ], [ 121.047741090002503, 14.600968409523434 ], [ 121.047790490002498, 14.600932709523454 ], [ 121.047975290002483, 14.600798709523474 ], [ 121.048059190002476, 14.600739209523487 ], [ 121.048079790002419, 14.600636309523434 ], [ 121.048120090002399, 14.600569909523422 ], [ 121.048206790002411, 14.600505309523431 ], [ 121.048373790002387, 14.600381509523448 ], [ 121.048551590002376, 14.600248109523484 ], [ 121.048589990002341, 14.600220009523477 ], [ 121.049018290002351, 14.599906909523556 ], [ 121.049122490002375, 14.599882609523604 ], [ 121.049191990002385, 14.599876409523638 ], [ 121.049254690002414, 14.59986800952367 ], [ 121.049661690002367, 14.599573109523735 ], [ 121.050010590002344, 14.599316409523782 ], [ 121.051033390002303, 14.598566809523946 ], [ 121.05402429000209, 14.596375909524387 ], [ 121.054364990002071, 14.596129409524442 ], [ 121.054429490002065, 14.596081109524446 ], [ 121.054468490002066, 14.596053109524469 ], [ 121.05475879000204, 14.595840009524492 ], [ 121.05543609000199, 14.595342609524609 ], [ 121.056097390001966, 14.594857109524703 ], [ 121.056195490001969, 14.594785109524716 ], [ 121.056542390001923, 14.594530409524781 ], [ 121.056572190001916, 14.594508509524777 ], [ 121.056648090001914, 14.594452809524787 ], [ 121.0567751900019, 14.594359409524809 ], [ 121.057245890001894, 14.594013809524887 ], [ 121.057330890001879, 14.593951409524889 ], [ 121.05754929000183, 14.593791009524921 ], [ 121.057671790001848, 14.593701109524941 ], [ 121.057997590001847, 14.593461909524992 ], [ 121.058235390001826, 14.593304909525029 ], [ 121.058296990001821, 14.593257609525041 ], [ 121.058321990001815, 14.593244409525045 ], [ 121.058610190001815, 14.593039709525106 ], [ 121.058833190001749, 14.592839909525113 ], [ 121.058876790001747, 14.592804709525112 ], [ 121.058901990001772, 14.592782309525116 ], [ 121.059169790001718, 14.592544409525123 ], [ 121.059192990001705, 14.59250610952513 ], [ 121.059212090001665, 14.592489309525119 ], [ 121.05923219000168, 14.59247160952512 ], [ 121.05928389000168, 14.59242600952512 ], [ 121.059315890001685, 14.592397809525123 ], [ 121.059514890001651, 14.592222309525138 ], [ 121.059830190001563, 14.591944309525161 ], [ 121.060018890001615, 14.59183980952521 ], [ 121.060881290001504, 14.591070609525248 ], [ 121.06098599000147, 14.590975409525258 ], [ 121.061062290001445, 14.59091080952526 ], [ 121.061287890001438, 14.59071990952528 ], [ 121.061388290001418, 14.590635209525292 ], [ 121.061527590001432, 14.590582209525337 ], [ 121.061800790001385, 14.590347209525357 ], [ 121.062128790001353, 14.590065009525388 ], [ 121.062830890001251, 14.589435409525407 ], [ 121.06292299000124, 14.58935680952542 ], [ 121.063083790001215, 14.589229309525447 ], [ 121.063174490001202, 14.589154509525448 ], [ 121.063271890001189, 14.589068709525456 ], [ 121.063323590001175, 14.589037209525468 ], [ 121.063514990001181, 14.588930609525514 ], [ 121.063640890001196, 14.588864609525549 ], [ 121.063815690001235, 14.588780509525607 ], [ 121.063920090001233, 14.58873840952565 ], [ 121.064027390001243, 14.588713609525694 ], [ 121.064087790001267, 14.588698109525717 ], [ 121.064182290001298, 14.588677509525759 ], [ 121.064302290001308, 14.588663009525833 ], [ 121.064437590001361, 14.588658209525908 ], [ 121.064874490001529, 14.588685809526195 ], [ 121.065474390001739, 14.588731809526591 ], [ 121.066380690002063, 14.588794809527176 ], [ 121.066642790002177, 14.588814609527336 ], [ 121.066795390002255, 14.588830109527452 ], [ 121.067043090002358, 14.58885130952762 ], [ 121.0671591900024, 14.588860309527689 ], [ 121.06733419000247, 14.588871809527799 ], [ 121.067846990002664, 14.588907709528154 ], [ 121.067928090002653, 14.588912609528194 ], [ 121.070533390003689, 14.589089809529886 ], [ 121.070833590003772, 14.589109309530087 ], [ 121.071255690003909, 14.589133509530358 ], [ 121.071316590003946, 14.5891370095304 ], [ 121.072482890004409, 14.58923550953117 ], [ 121.072626790004421, 14.589247209531264 ], [ 121.077039790006097, 14.589542009534137 ], [ 121.077130390006161, 14.589547509534194 ], [ 121.077773190006383, 14.589595609534616 ], [ 121.078382590006626, 14.589643309535013 ], [ 121.07868929000675, 14.589669909535226 ], [ 121.07880949000679, 14.589677609535304 ], [ 121.078845690006773, 14.58968020953532 ], [ 121.079336890006985, 14.589703309535635 ], [ 121.079381390007015, 14.589705409535666 ], [ 121.07982639000717, 14.589732309535956 ], [ 121.080021790007223, 14.589743109536087 ], [ 121.080233890007293, 14.589752109536212 ], [ 121.080413490007402, 14.589758609536327 ], [ 121.080534890007414, 14.589761609536399 ], [ 121.080563090007445, 14.589761909536412 ], [ 121.080683890007492, 14.589773009536501 ], [ 121.080850190007538, 14.589788009536614 ], [ 121.081349690007741, 14.589866309536964 ], [ 121.081620190007882, 14.589920109537164 ], [ 121.081697190007887, 14.589936209537219 ], [ 121.082416490008228, 14.590087109537755 ], [ 121.082471590008282, 14.590097509537793 ], [ 121.084524690009204, 14.590486309539287 ], [ 121.084548090009179, 14.590490709539301 ], [ 121.084813090009291, 14.590524409539492 ], [ 121.085578790009606, 14.590607109540009 ], [ 121.085818390009663, 14.590627909540164 ], [ 121.086086090009786, 14.590632609540339 ], [ 121.08670439000997, 14.590577709540669 ], [ 121.087898990010302, 14.590469609541339 ], [ 121.08825039001043, 14.590436909541536 ], [ 121.08846019001048, 14.590415909541644 ], [ 121.088525890010459, 14.590411709541677 ], [ 121.088702490010533, 14.590400409541779 ], [ 121.08908289001063, 14.590355309541986 ], [ 121.089479190010763, 14.590335209542207 ], [ 121.089554390010804, 14.590329209542256 ], [ 121.089845690010876, 14.590305609542417 ], [ 121.090062290010962, 14.590287109542528 ], [ 121.090710590011142, 14.590231409542895 ], [ 121.090776690011154, 14.590225509542933 ], [ 121.091217690011291, 14.590186009543181 ], [ 121.092133590011528, 14.590103209543681 ], [ 121.092160890011556, 14.590100709543691 ], [ 121.093489290011917, 14.589980609544428 ], [ 121.093526390011959, 14.589977209544452 ], [ 121.093888690012008, 14.589944409544652 ], [ 121.094871690012297, 14.589855909545195 ], [ 121.094925190012319, 14.589851009545221 ], [ 121.09527119001244, 14.58981990954541 ], [ 121.095508090012501, 14.589798509545545 ], [ 121.095794590012574, 14.589772709545699 ], [ 121.095933790012651, 14.58976020954578 ], [ 121.096881990012889, 14.589671709546302 ], [ 121.097291090013002, 14.589637709546533 ], [ 121.097375890013041, 14.589631209546573 ], [ 121.097526090013119, 14.589652909546682 ] ], [ [ 121.104203790014878, 14.588781809550204 ], [ 121.104181390014901, 14.588786709550202 ], [ 121.103989090014863, 14.588829509550104 ], [ 121.1036698900148, 14.588900309549953 ], [ 121.103565890014764, 14.588924109549913 ], [ 121.103508990014774, 14.588936209549878 ], [ 121.103252790014707, 14.588988209549751 ], [ 121.103131990014674, 14.589015009549696 ], [ 121.102905290014618, 14.589067809549592 ], [ 121.102668590014559, 14.589120309549481 ], [ 121.1025029900145, 14.589151809549399 ], [ 121.102120590014437, 14.589219309549204 ], [ 121.101953690014383, 14.589245509549125 ], [ 121.101540690014303, 14.589305409548906 ], [ 121.101433890014249, 14.589319509548854 ], [ 121.101294290014224, 14.589338609548772 ], [ 121.101128190014151, 14.589361409548692 ], [ 121.100810090014065, 14.589388309548518 ], [ 121.100662790014056, 14.589401609548442 ], [ 121.100495490013984, 14.589416709548345 ], [ 121.100340090013944, 14.589430809548256 ], [ 121.100265890013901, 14.589437309548222 ], [ 121.100050590013879, 14.589459309548099 ], [ 121.099833990013806, 14.589476409547979 ], [ 121.099710990013747, 14.589487509547912 ], [ 121.099670590013744, 14.589491409547891 ], [ 121.099559790013714, 14.589504109547827 ], [ 121.099361690013666, 14.589521309547713 ], [ 121.099235490013641, 14.589530809547643 ], [ 121.099177390013608, 14.589535209547618 ], [ 121.099154390013595, 14.589536909547608 ], [ 121.099115190013606, 14.589539509547574 ], [ 121.098997790013584, 14.589549609547516 ], [ 121.098897290013554, 14.589558209547464 ], [ 121.098733590013509, 14.589568509547364 ], [ 121.098203590013313, 14.589601709547068 ], [ 121.098114990013286, 14.589608709547019 ], [ 121.097953790013221, 14.589618909546926 ], [ 121.097709890013164, 14.589638309546787 ], [ 121.097697190013164, 14.589639309546774 ], [ 121.097678990013165, 14.58964060954677 ], [ 121.097630590013139, 14.589644609546747 ], [ 121.097526090013119, 14.589652909546682 ] ], [ [ 121.104203790014878, 14.588781809550204 ], [ 121.104251190014907, 14.588759409550221 ], [ 121.104242890014874, 14.588723609550184 ], [ 121.104241590014851, 14.588711209550182 ], [ 121.104242590014877, 14.588698309550171 ], [ 121.10425439001483, 14.588628809550148 ], [ 121.104260190014813, 14.588601109550126 ], [ 121.104682890014885, 14.588503209550332 ], [ 121.104998590014972, 14.588426809550466 ], [ 121.105202390015023, 14.588363009550555 ], [ 121.105339290015053, 14.588344509550613 ] ] ] } },
{ "type": "Feature", "properties": { "Agency": "LTFRB", "Type": "PUJ", "Route_Code": "PUJ03A", "Route_Name": "Antipolo - Cubao via Felix Avenue", "Route_Begi": "Antipolo–Cubao Jeepney Terminal", "Route_End": "Araneta Center Jeepney Terminal", "Schedule_T": null, "Trip_Code": "T2105", "Schedule_D": "Mondays to Sundays" }, "geometry": { "type": "MultiLineString", "coordinates": [ [ [ 121.173705392007605, 14.587795992812371 ], [ 121.173705923089628, 14.587828405032466 ], [ 121.172830185055162, 14.587748359865166 ], [ 121.17277601886299, 14.588781468736439 ], [ 121.172712325379422, 14.589509190622376 ], [ 121.171833242972568, 14.589486765620835 ], [ 121.17183479655111, 14.58930319904646 ], [ 121.171887528553839, 14.588607588496611 ], [ 121.171937026700618, 14.588109539464423 ], [ 121.17198571257407, 14.587655941816983 ], [ 121.171016983250425, 14.5875553765659 ], [ 121.170558809083147, 14.587488199190998 ], [ 121.170418491931244, 14.587480066002676 ], [ 121.170097193445841, 14.587338706945694 ], [ 121.169907784128, 14.587238413461451 ], [ 121.169512069563339, 14.587049362102006 ], [ 121.169266886646909, 14.586965570257696 ], [ 121.169053840128953, 14.586904804394223 ], [ 121.168790106746386, 14.586881939070711 ], [ 121.168477398520196, 14.586926606829682 ], [ 121.168313462985708, 14.586984341847542 ], [ 121.167894462104741, 14.587315543415441 ], [ 121.167630906041595, 14.587537156332267 ], [ 121.167437438743278, 14.587667349515192 ], [ 121.167307321874731, 14.587738231164204 ], [ 121.166796883458758, 14.587865349028602 ], [ 121.166193448025155, 14.587966188096823 ], [ 121.165982123831952, 14.587949869111041 ], [ 121.165895885906963, 14.587918647711371 ], [ 121.165802862350844, 14.587854504348647 ], [ 121.165725034405241, 14.587764009351632 ], [ 121.165576085162925, 14.587505637302097 ], [ 121.165417055860601, 14.587334527381058 ], [ 121.165231029609146, 14.587234227782965 ], [ 121.164755882290009, 14.587068270846109 ], [ 121.163866478937891, 14.586780763917126 ], [ 121.162938257050357, 14.586578888620473 ], [ 121.162228268069796, 14.586602411299381 ], [ 121.160794892856458, 14.586832201473891 ], [ 121.160458472651271, 14.586814313687116 ], [ 121.160003734128281, 14.586819551741918 ], [ 121.15958457886515, 14.586944947582442 ], [ 121.159082922124583, 14.587554417079783 ], [ 121.158929595754543, 14.587638662693365 ], [ 121.158769034058636, 14.587638662693061 ], [ 121.158614646754231, 14.587543197997379 ], [ 121.158416761674999, 14.58740174245337 ], [ 121.158274729651652, 14.587357383854366 ], [ 121.157950265994984, 14.587520580823639 ], [ 121.157777883703417, 14.58759148457508 ], [ 121.157659556797341, 14.587603085425691 ], [ 121.157558107922824, 14.587575163427243 ], [ 121.157431256793998, 14.587481404650751 ], [ 121.157353439092532, 14.587400784791374 ], [ 121.157187507589299, 14.587014004622759 ], [ 121.157089378521391, 14.586895532205967 ], [ 121.156987912160787, 14.586841268708676 ], [ 121.156763057891922, 14.586813425773517 ], [ 121.15651619944974, 14.58674443852863 ], [ 121.156214401353338, 14.586677132543432 ], [ 121.155982796482732, 14.586665756464429 ], [ 121.15571569910739, 14.586665927115162 ], [ 121.15538439739106, 14.586717174551936 ], [ 121.154608520689692, 14.586804922858457 ], [ 121.154333000314935, 14.586849548142673 ], [ 121.154062492128659, 14.586805268185234 ], [ 121.153852813259675, 14.58671814502785 ], [ 121.153431744792499, 14.58651261896895 ], [ 121.153225424540111, 14.586390920223689 ], [ 121.152976681367662, 14.586025591195449 ], [ 121.152890363364861, 14.585869244012413 ], [ 121.152854752358309, 14.585701340751642 ], [ 121.152856259186834, 14.585423110202093 ], [ 121.152913565932977, 14.585166246984492 ], [ 121.152987993808097, 14.584939423965334 ], [ 121.152994547346623, 14.584860781501956 ], [ 121.152989407970779, 14.584818824033531 ], [ 121.152969075498689, 14.584748044620072 ], [ 121.152955216143852, 14.584716613229681 ], [ 121.152889553597973, 14.584642729361367 ], [ 121.152813446396195, 14.58458844814135 ], [ 121.152583499616654, 14.584524385096568 ], [ 121.152372119472687, 14.58441668251595 ], [ 121.152249497970885, 14.584322095059843 ], [ 121.152071875189151, 14.584134524185831 ], [ 121.151977146186113, 14.584039096048906 ], [ 121.15184350194194, 14.583891009528356 ], [ 121.151677693721737, 14.583673797068171 ], [ 121.151569421968048, 14.583548743238346 ], [ 121.15121755250604, 14.58316207387333 ], [ 121.150586609624369, 14.582546736279387 ], [ 121.149828845762514, 14.581868914156251 ], [ 121.149585309984431, 14.58169784500558 ], [ 121.149416315260396, 14.581623333419463 ], [ 121.149103446389532, 14.581566432970819 ], [ 121.148978349816943, 14.581561570234754 ], [ 121.148606428372815, 14.58152722361903 ], [ 121.148349453484002, 14.581486221392876 ], [ 121.148161792415308, 14.581453408553378 ], [ 121.147957206947908, 14.581389325532179 ], [ 121.147740741273651, 14.581251164657608 ], [ 121.147637565216669, 14.581159032471859 ], [ 121.147522522616683, 14.581014224834805 ], [ 121.147378719578597, 14.580833215204356 ], [ 121.147278875647544, 14.580663703332796 ], [ 121.147189147380672, 14.580451380746458 ], [ 121.146991047523727, 14.579949369135289 ], [ 121.146913206037354, 14.579821002126227 ], [ 121.146793125576153, 14.579727233365762 ], [ 121.146559802582672, 14.579659873670478 ], [ 121.146368771782647, 14.579641878360615 ], [ 121.146045876588715, 14.579607498306949 ], [ 121.145859909941208, 14.57957797524632 ], [ 121.145602886177102, 14.579454653479885 ], [ 121.145442224685894, 14.579342798513824 ], [ 121.14531873435655, 14.579201287427908 ], [ 121.145215529375363, 14.579059764243558 ], [ 121.144929594590081, 14.578656582682916 ], [ 121.144626777084568, 14.578286337331964 ], [ 121.144483002759515, 14.578144837759638 ], [ 121.144313876340703, 14.578009938356713 ], [ 121.144141392771644, 14.577912906409145 ], [ 121.14397569348813, 14.577852089620192 ], [ 121.143789720425346, 14.577809394250808 ], [ 121.143559800508612, 14.577773309810508 ], [ 121.143284251434892, 14.577757007799393 ], [ 121.142493253667951, 14.577953382378723 ], [ 121.140909617290475, 14.578435026338248 ], [ 121.140367101130394, 14.578619726511572 ], [ 121.13887473079032, 14.579088133833441 ], [ 121.13795699821172, 14.579380051992134 ], [ 121.13740094109771, 14.579543350613349 ], [ 121.136016715544869, 14.579958996609347 ], [ 121.133795889105457, 14.580678016160283 ], [ 121.133462927838565, 14.58077697700331 ], [ 121.13188094626183, 14.581266790743445 ], [ 121.131115306365615, 14.581505917945131 ], [ 121.129702337927355, 14.581956114922122 ], [ 121.128602028857259, 14.582279372861127 ], [ 121.127618361027785, 14.582607504246758 ], [ 121.126692145490452, 14.582897736369679 ], [ 121.125970440997463, 14.58312694619379 ], [ 121.125071265035345, 14.583410572770944 ], [ 121.123789260733417, 14.58381786305109 ], [ 121.120312510938945, 14.584887226743309 ], [ 121.11880990461394, 14.585340694312842 ], [ 121.117934382873415, 14.585635806454322 ], [ 121.116340520908423, 14.586171618209354 ], [ 121.11511173473248, 14.586578835995887 ], [ 121.115028082776391, 14.586634850095781 ], [ 121.114968114586702, 14.586725426133649 ], [ 121.114919981011568, 14.586818466165134 ], [ 121.114846202571414, 14.588053248628238 ], [ 121.114792423261008, 14.588701927914768 ], [ 121.114741828570743, 14.588948900969349 ], [ 121.11456617440453, 14.589274955728042 ], [ 121.114137132693784, 14.589992953864623 ], [ 121.113508716097925, 14.590938236164838 ], [ 121.112883711563512, 14.591959246383908 ], [ 121.112133668731701, 14.593121895836077 ], [ 121.111174177891129, 14.594683048629623 ], [ 121.110089659419543, 14.596431934440167 ], [ 121.108603047844753, 14.598793425794844 ], [ 121.107238081711628, 14.601052782560293 ], [ 121.106177169791565, 14.602801639465243 ], [ 121.105798739274974, 14.603398595000431 ], [ 121.1056779689808, 14.603642303033785 ], [ 121.105467792095141, 14.604326441946254 ], [ 121.104984940876122, 14.605829744443488 ], [ 121.104309697273166, 14.608121717893169 ], [ 121.103587132707247, 14.610486147157184 ], [ 121.10327655298147, 14.611640352215577 ], [ 121.102678787620505, 14.613336317181259 ], [ 121.101993290889254, 14.615483410135674 ], [ 121.101750930137896, 14.616538636764977 ], [ 121.101655975043769, 14.617406458522218 ], [ 121.10162937638394, 14.61846011888988 ], [ 121.101724533768106, 14.619566411974597 ], [ 121.101900834093684, 14.620639745207214 ], [ 121.101894154853028, 14.62083401452127 ], [ 121.100727416507524, 14.620557905685901 ], [ 121.098999320282914, 14.620206283146143 ], [ 121.093331479629668, 14.61906920244461 ], [ 121.092230713578985, 14.618828422413022 ], [ 121.091750508986479, 14.618738873461051 ], [ 121.091447857882798, 14.618715935230401 ], [ 121.091109712661151, 14.618722643375966 ], [ 121.090516239011976, 14.618816974180655 ], [ 121.089999990026769, 14.619000009560455 ], [ 121.089425974347975, 14.619357083890183 ], [ 121.08885132123217, 14.619893990196463 ], [ 121.087798374274996, 14.620952948031574 ], [ 121.086801217822625, 14.62202669882155 ], [ 121.08461414894721, 14.624236812504551 ], [ 121.082710971305374, 14.626101084230868 ], [ 121.081921639784724, 14.626893224023476 ], [ 121.081049502967517, 14.627833557008556 ], [ 121.080657399250356, 14.628322641047427 ], [ 121.079969530000284, 14.629200350858499 ], [ 121.079335786130571, 14.630152126398794 ], [ 121.07881698283532, 14.631010023945059 ], [ 121.078367426110802, 14.63164070592488 ], [ 121.077914444723447, 14.632146267263389 ], [ 121.077442811244907, 14.632493786059952 ], [ 121.076952539710575, 14.632724420363875 ], [ 121.076413189337345, 14.632818423273125 ], [ 121.075971879356118, 14.632744379704301 ], [ 121.075569371681127, 14.632547030860062 ], [ 121.073722684866127, 14.631614103326541 ], [ 121.071612209053058, 14.630562699263621 ], [ 121.068877760475317, 14.629229921646081 ], [ 121.06773969634267, 14.628716569084677 ], [ 121.067437855039046, 14.62860552102952 ], [ 121.06720449902754, 14.628519972844916 ], [ 121.066668479866749, 14.628406515105169 ], [ 121.065622666169105, 14.628237210727644 ], [ 121.063957984608635, 14.627942933970106 ], [ 121.063205541486795, 14.627816350813749 ], [ 121.062926533574228, 14.627720931452837 ], [ 121.062258601473928, 14.627472496549393 ], [ 121.060716398034117, 14.626707317588751 ], [ 121.060388340134068, 14.626532882831533 ], [ 121.060526917380557, 14.626252975091937 ], [ 121.060698442208249, 14.625880865263467 ], [ 121.060952770094545, 14.625325170447914 ], [ 121.06164732396104, 14.623876238842445 ], [ 121.061826455621372, 14.623512357965044 ], [ 121.062338490950154, 14.622442122785198 ], [ 121.062654496315218, 14.621778576719324 ], [ 121.062914729943017, 14.6212138233776 ], [ 121.061614430560056, 14.620789381214879 ], [ 121.061352343841989, 14.620710419166375 ], [ 121.05944371303778, 14.620127646000935 ], [ 121.058249595750311, 14.619691922058411 ], [ 121.057713529095366, 14.619372780406017 ], [ 121.057260409369761, 14.620237510701651 ] ] ] } },
{ "type": "Feature", "properties": { "Agency": "LTFRB", "Type": "PUJ", "Route_Code": "PUJ05A", "Route_Name": "UP-Philcoa", "Route_Begi": "Philcoa, Commonwealth Avenue, Quezon City", "Route_End": "Philcoa, Commonwealth Avenue, Quezon City", "Schedule_T": "05:00-17:00", "Trip_Code": null, "Schedule_D": "Mondays to Sundays" }, "geometry": { "type": "MultiLineString", "coordinates": [ [ [ 121.053029585482889, 14.653548782414665 ], [ 121.053625313502479, 14.653851231605547 ], [ 121.053901603511179, 14.654037129367024 ], [ 121.054180045161317, 14.654190458176043 ], [ 121.055604527301313, 14.654484326506314 ], [ 121.056334327503677, 14.654646218250328 ], [ 121.058464210388763, 14.65471693637271 ], [ 121.062145067889261, 14.654822195396823 ], [ 121.062323119139279, 14.654816899862812 ], [ 121.062323098154209, 14.654733903553971 ], [ 121.062291537277972, 14.653678071880767 ], [ 121.06230651877398, 14.652934520967609 ], [ 121.064465311021223, 14.653027513442707 ], [ 121.065143752593386, 14.653027937303532 ], [ 121.065390992945524, 14.652872677822616 ], [ 121.065748704209568, 14.652662351799153 ], [ 121.065961142689943, 14.65251640694618 ], [ 121.066212612305307, 14.65228087048534 ], [ 121.066325890134607, 14.652181035712342 ], [ 121.066481253345657, 14.652084341810513 ], [ 121.066946261486237, 14.651788481536162 ], [ 121.066986180392476, 14.65176115592738 ], [ 121.067017528531508, 14.651770254298464 ], [ 121.06722815407467, 14.651957121871735 ], [ 121.067512344157095, 14.652147109220339 ], [ 121.067571330043648, 14.652187368766954 ], [ 121.067801043186194, 14.65229674198517 ], [ 121.067941339446023, 14.652347133168085 ], [ 121.068210549713513, 14.652416330957289 ], [ 121.068428038524047, 14.652445234108894 ], [ 121.06866489805023, 14.652438867499125 ], [ 121.068539527936892, 14.651744463328381 ], [ 121.068420679403744, 14.651214999387422 ], [ 121.068393130101057, 14.651098916904258 ], [ 121.068384433945766, 14.650872517828224 ], [ 121.068449572526205, 14.650351409605788 ], [ 121.068578916181579, 14.649830284244041 ], [ 121.068695379808773, 14.649556050082339 ], [ 121.068947710588773, 14.648940338822912 ], [ 121.068973547230755, 14.64872391104438 ], [ 121.068934486048107, 14.647965397913403 ], [ 121.068986788796678, 14.647166058017431 ], [ 121.069423075580218, 14.647156314671673 ], [ 121.070259836890855, 14.647197205199099 ], [ 121.070577706684716, 14.647250552823623 ], [ 121.070916035679346, 14.647336489495443 ], [ 121.071210100389763, 14.647452090711489 ], [ 121.071920256836037, 14.647884734124789 ], [ 121.072015238267142, 14.647962450850754 ], [ 121.072375696823983, 14.648124139559709 ], [ 121.072762025951519, 14.648193368725257 ], [ 121.073426761235112, 14.648278276237766 ], [ 121.073842222444199, 14.648335938783241 ], [ 121.073811661597063, 14.648968400735702 ], [ 121.073783008852118, 14.650291432242799 ], [ 121.073741196760295, 14.650559534310437 ], [ 121.073731760361085, 14.650577922296323 ], [ 121.073647600317827, 14.650606312404468 ], [ 121.072973161661665, 14.650572887074683 ], [ 121.072635951171563, 14.650558318328857 ], [ 121.072087176627591, 14.650415634599272 ], [ 121.071249633056837, 14.650396748734908 ], [ 121.071235912808021, 14.650882629702121 ], [ 121.071278678653343, 14.650959098474857 ], [ 121.071341713004628, 14.651011441449398 ], [ 121.071564037882666, 14.651122741617071 ], [ 121.071773420752052, 14.65125715809774 ], [ 121.072248319341369, 14.651591111002162 ], [ 121.072615294423926, 14.651872564264742 ], [ 121.072742654391973, 14.651966431868681 ], [ 121.072825893329949, 14.652173355826037 ], [ 121.072814358561445, 14.653574457376628 ], [ 121.07425811292778, 14.653562715178859 ], [ 121.074227446111749, 14.655351642323602 ], [ 121.074215172438656, 14.657553673879741 ], [ 121.072741529861247, 14.657561622813347 ], [ 121.072733341403449, 14.659428919313337 ], [ 121.07242655512448, 14.659438937989682 ], [ 121.068502843998971, 14.659446319528056 ], [ 121.068503540411925, 14.657589861370662 ], [ 121.064789206658503, 14.657598882982118 ], [ 121.063018365448457, 14.65770930936174 ], [ 121.062414786483316, 14.657734416123718 ], [ 121.062349622998624, 14.657743792157989 ], [ 121.062314360397238, 14.65770843910923 ], [ 121.062314349877724, 14.65766683734374 ], [ 121.062312601327207, 14.654976243102729 ], [ 121.061601125745284, 14.654970172226372 ], [ 121.058553311345449, 14.654913670781236 ], [ 121.055921067906041, 14.654897603346273 ], [ 121.055754443284087, 14.655018283800928 ], [ 121.055692510868298, 14.655143102231227 ], [ 121.055666894373616, 14.655242951913857 ], [ 121.055698961797177, 14.655328228794884 ], [ 121.058162805981326, 14.656985526205515 ], [ 121.058158556187919, 14.657085371403607 ], [ 121.058051750541651, 14.657185239321908 ], [ 121.057953483366347, 14.657251823886641 ], [ 121.057872283613534, 14.657210240037397 ], [ 121.053068625045682, 14.654245042924263 ] ] ] } },
{ "type": "Feature", "properties": { "Agency": "LTFRB", "Type": "PUJ", "Route_Code": "PUJ47A", "Route_Name": "Lagro-Welcome Rotonda", "Route_Begi": "Ascension Avenue / Caridad Intersection, Quezon City", "Route_End": "Apo / Quezon Avenue Intersection, Quezon City", "Schedule_T": "06:00-23:00", "Trip_Code": null, "Schedule_D": "Mondays to Sundays" }, "geometry": { "type": "MultiLineString", "coordinates": [ [ [ 121.002526360999283, 14.617895101843649 ], [ 121.004009775437737, 14.618022021723297 ], [ 121.004018075618461, 14.617955686004908 ], [ 121.002454378626197, 14.617818377091831 ], [ 121.001792695137013, 14.617609314688611 ], [ 121.001693362610666, 14.617578111171385 ], [ 121.0016052445159, 14.617574989156418 ], [ 121.001536351418878, 14.617606189120288 ], [ 121.001499501136266, 14.617643630056341 ], [ 121.001478671935885, 14.617698232135606 ], [ 121.001469057845682, 14.617749714314828 ], [ 121.001470658584452, 14.61781055717486 ], [ 121.001486678679356, 14.617871400351088 ], [ 121.001528333342577, 14.617926003794974 ], [ 121.001594020685388, 14.617963446951643 ], [ 121.001691751357853, 14.617988410186843 ], [ 121.001794287964927, 14.618038334638451 ], [ 121.00372165429502, 14.619751325739006 ], [ 121.005897387049956, 14.621726393604076 ], [ 121.008528185216562, 14.624130457169697 ], [ 121.009390175875296, 14.62486056189235 ], [ 121.010899477473416, 14.626298924694071 ], [ 121.013040089436629, 14.628258324640381 ], [ 121.013495136012793, 14.628720092608807 ], [ 121.014789778438612, 14.629830821099796 ], [ 121.01587934333611, 14.630866667156214 ], [ 121.016975313964437, 14.631615454755513 ], [ 121.017904649125313, 14.632201997971594 ], [ 121.020359395128679, 14.63368081246664 ], [ 121.023205153722273, 14.635484067848017 ], [ 121.024288353319179, 14.636226581313108 ], [ 121.025884308482134, 14.637150015843735 ], [ 121.037620516317645, 14.644506033223898 ], [ 121.040424877260435, 14.646199876679196 ], [ 121.041540226611076, 14.646892382117407 ], [ 121.04544719432964, 14.649231864386602 ], [ 121.046376673576617, 14.649787091398089 ], [ 121.046737265126026, 14.650092802712669 ], [ 121.04681421228149, 14.650272197200282 ], [ 121.046851104173214, 14.65047499960988 ], [ 121.046633269119596, 14.650968018568705 ], [ 121.04651157898482, 14.651473501363574 ], [ 121.046437972630656, 14.652047618808043 ], [ 121.046662530693368, 14.653270673013175 ], [ 121.046874113417289, 14.653626331786123 ], [ 121.04716260571611, 14.653944535337127 ], [ 121.047558458277848, 14.654250239093685 ], [ 121.048141771703285, 14.654434223514933 ], [ 121.048787553769216, 14.654479349174489 ], [ 121.04939325478945, 14.654416835795766 ], [ 121.049926814590322, 14.654190527255372 ], [ 121.050333777486671, 14.65393772019657 ], [ 121.050979447315811, 14.653430576043055 ], [ 121.051251805478742, 14.653177793021642 ], [ 121.051533813701894, 14.65310285547182 ], [ 121.05471986474916, 14.655248870096022 ], [ 121.059523110735213, 14.658282897344744 ], [ 121.062999980081216, 14.660500019139524 ], [ 121.067131262170633, 14.663433196229613 ], [ 121.071003569774305, 14.66587833743243 ], [ 121.071053247762407, 14.665880207891362 ], [ 121.071080496985175, 14.665903277135914 ], [ 121.072768434917776, 14.666922098499507 ], [ 121.072999980095275, 14.667100019159916 ], [ 121.075368974382187, 14.66888891662509 ], [ 121.076305845679869, 14.669708325763402 ], [ 121.077514475639305, 14.670718881530496 ], [ 121.079483073058427, 14.672793157187421 ], [ 121.081775771722178, 14.675881352107673 ], [ 121.083010506451089, 14.678056717082013 ], [ 121.084139581928866, 14.680481720302021 ], [ 121.085294468744209, 14.683310244744707 ], [ 121.086624686665587, 14.686355030770235 ], [ 121.086854641504672, 14.687103835952557 ], [ 121.087074058061333, 14.688077183353714 ], [ 121.08714748018744, 14.690173880303604 ], [ 121.087199783327307, 14.692948690641613 ], [ 121.08726930886175, 14.696064627524102 ], [ 121.087201709240418, 14.69819881346513 ], [ 121.087142264371465, 14.69926383511514 ], [ 121.086886126968892, 14.700087635599587 ], [ 121.086499672419791, 14.701023965825565 ], [ 121.086141462019256, 14.701727289758518 ], [ 121.085292947992556, 14.702933730842338 ], [ 121.083972637072264, 14.703982535348935 ], [ 121.082964123679417, 14.704461288075205 ], [ 121.081993988358533, 14.704694574586322 ], [ 121.079681818544287, 14.705019807638104 ], [ 121.076965643208212, 14.705043529175853 ], [ 121.075518876736481, 14.705083485477498 ], [ 121.074542083911936, 14.705128541722024 ], [ 121.073700342058558, 14.705379390482852 ], [ 121.070975871728777, 14.706284997991453 ], [ 121.070477976915441, 14.706420340954462 ], [ 121.069586833353313, 14.706453866195146 ], [ 121.068475568369365, 14.706472886344741 ], [ 121.066263706084015, 14.706448505532963 ], [ 121.065577709258875, 14.706444521014587 ], [ 121.065024231653766, 14.706521624192161 ], [ 121.064342592449734, 14.706835887102258 ], [ 121.06408191772087, 14.707014838769473 ], [ 121.063839948468924, 14.707234403926003 ], [ 121.063095640961052, 14.708082721817366 ], [ 121.061226613185767, 14.710359178214292 ], [ 121.061171494378883, 14.71048802184252 ], [ 121.061122444214675, 14.712844560171924 ], [ 121.061192811559749, 14.718581530192852 ], [ 121.06122257818113, 14.720098184299578 ], [ 121.061245038650057, 14.720178261974823 ], [ 121.061352327548434, 14.720182614561169 ], [ 121.062459529345261, 14.720178324041678 ], [ 121.067062475830937, 14.720178895528539 ], [ 121.06702719026211, 14.720682970562113 ], [ 121.067023367013121, 14.721819632344879 ], [ 121.067038743687945, 14.722579191437012 ], [ 121.067032059949227, 14.723342782192512 ], [ 121.067037693389707, 14.72377087365944 ], [ 121.066983959436456, 14.723921189905935 ], [ 121.066599462778711, 14.724667433052488 ], [ 121.066571909059192, 14.724753327171939 ], [ 121.066570580868515, 14.724938521307454 ], [ 121.066569330519314, 14.725408216016522 ], [ 121.0665597856635, 14.725800077791201 ], [ 121.066569485476478, 14.725974533181152 ], [ 121.066610883520951, 14.726091275043292 ], [ 121.066821969357903, 14.726523338988894 ], [ 121.067045439256987, 14.726858776657989 ], [ 121.067224716542782, 14.727234472488997 ], [ 121.067374553228987, 14.728058143180544 ], [ 121.067527558217364, 14.728742447816138 ], [ 121.067583737063757, 14.728787065871815 ], [ 121.067779573465629, 14.728910476645883 ], [ 121.067843035302857, 14.729028554400902 ], [ 121.067877572813913, 14.729262050378363 ], [ 121.067869340002744, 14.72940698677129 ], [ 121.067816856429957, 14.729571801539265 ], [ 121.067707885144998, 14.729679994272194 ], [ 121.067617072279646, 14.72975802107122 ], [ 121.067511286782505, 14.729794450270006 ], [ 121.067381328834472, 14.729825814340872 ], [ 121.067349874016102, 14.730762526981431 ], [ 121.067365615908074, 14.732831860903236 ], [ 121.067388895734155, 14.73545748631474 ], [ 121.068284431877174, 14.735445531941975 ] ] ] } },
{ "type": "Feature", "properties": { "Agency": "LTFRB", "Type": "PUJ", "Route_Code": "PUJ62A", "Route_Name": "Project 4-TM Kalaw via Cubao, E Rodriguez", "Route_Begi": "J.P. Rizal Street / A. Luma Intersection, Quezon City", "Route_End": "T.M. Kalaw, City of Manila", "Schedule_T": "04:00-22:00", "Trip_Code": "T385", "Schedule_D": "Mondays to Sundays" }, "geometry": { "type": "MultiLineString", "coordinates": [ [ [ 121.07131050128838, 14.623952410131613 ], [ 121.071105132828663, 14.624543423284443 ], [ 121.070704082730458, 14.625654531569555 ], [ 121.070338615504696, 14.626699442261231 ], [ 121.069942408546709, 14.627794788910764 ], [ 121.069599571206339, 14.628764049759779 ], [ 121.069420062416526, 14.629260501271292 ], [ 121.069323018993174, 14.62948903039919 ], [ 121.067594260050825, 14.628660575207954 ], [ 121.067286087061007, 14.628528835990446 ], [ 121.066851322731921, 14.628438569083739 ], [ 121.065569442832029, 14.628234032344512 ], [ 121.064514148473933, 14.628023128786461 ], [ 121.063128685898633, 14.627796541959597 ], [ 121.062869713580568, 14.62772411404003 ], [ 121.062736990162762, 14.627686324869018 ], [ 121.062217407905777, 14.62746267410555 ], [ 121.062028027621551, 14.627380773322503 ], [ 121.061841880845762, 14.62728468866994 ], [ 121.061121581908409, 14.626939739954611 ], [ 121.060665116940044, 14.626692432675215 ], [ 121.060032228789993, 14.626391584991191 ], [ 121.059614617656237, 14.626180512035488 ], [ 121.058785876403192, 14.625778848891018 ], [ 121.057848685224599, 14.625303140132512 ], [ 121.057105737530847, 14.624944000928748 ], [ 121.05660558152195, 14.624688815673185 ], [ 121.055631174920848, 14.624209954136697 ], [ 121.054312013499626, 14.623578298614042 ], [ 121.053391030185367, 14.623124630830477 ], [ 121.052379413984141, 14.622647338941199 ], [ 121.051442254929043, 14.622196818340912 ], [ 121.049728204488744, 14.62146593163515 ], [ 121.049219992519582, 14.621313164364967 ], [ 121.049087280716904, 14.621303733291834 ], [ 121.04893838780167, 14.621310063925176 ], [ 121.048783022122208, 14.621321123287657 ], [ 121.048460980024203, 14.621439372669583 ], [ 121.047760271033439, 14.621787767881065 ], [ 121.047570935126089, 14.621890233714167 ], [ 121.046294118261827, 14.622533415414289 ], [ 121.042953975874525, 14.624257977560031 ], [ 121.042245149149409, 14.624557505019805 ], [ 121.041754628062719, 14.624695282540154 ], [ 121.041206139856769, 14.62473731242337 ], [ 121.040770371214109, 14.624756191182652 ], [ 121.039989066997634, 14.624696517037355 ], [ 121.03780414791683, 14.624514017372707 ], [ 121.035379704153158, 14.624334678689667 ], [ 121.034745268869202, 14.624271720832859 ], [ 121.032081299591241, 14.62407346602202 ], [ 121.031217044407086, 14.623975854125675 ], [ 121.029980523897251, 14.62362928697608 ], [ 121.028080425817947, 14.62302117857957 ], [ 121.025325790024837, 14.62216728691515 ], [ 121.022674754255078, 14.621316507244154 ], [ 121.019994609792874, 14.620503520239472 ], [ 121.015391797557953, 14.619072835930393 ], [ 121.01481564133573, 14.618902661380663 ], [ 121.01416828110635, 14.618864862067149 ], [ 121.004147175499099, 14.618039208390595 ], [ 121.002454378626197, 14.617818377091831 ], [ 121.002001193475863, 14.617821703813309 ], [ 121.001976916415231, 14.61788001108474 ], [ 121.001989862450586, 14.617932015551265 ], [ 121.002099910136138, 14.618072271478189 ], [ 121.00255062471517, 14.618476494267444 ], [ 121.003146994676058, 14.61900994094351 ], [ 121.003134046676124, 14.61906194495684 ], [ 121.003090349340425, 14.619098189658816 ], [ 121.003019139078589, 14.619142313356907 ], [ 121.002512588941642, 14.618666387755379 ], [ 121.001755194410947, 14.617998197972335 ], [ 121.001691751357853, 14.617988410186843 ], [ 121.001594020685388, 14.617963446951643 ], [ 121.001522148601481, 14.617891032825353 ], [ 121.001488163650265, 14.617837451987405 ], [ 121.001469057845682, 14.617749714314828 ], [ 121.001442853298045, 14.617642041227237 ], [ 121.000818170342839, 14.617073132009766 ], [ 120.999405362904668, 14.615788746140129 ], [ 120.998460262715213, 14.614958223411127 ], [ 120.997689948577644, 14.614231711989795 ], [ 120.996168751854398, 14.61286062831393 ], [ 120.994901643611158, 14.611683381420621 ], [ 120.993386955327267, 14.610307551978149 ], [ 120.992518769610157, 14.609510890692087 ], [ 120.989354350701902, 14.606654383979482 ], [ 120.988192492710141, 14.60560948229759 ], [ 120.987940052921687, 14.605431387033725 ], [ 120.98770055076433, 14.605360452846831 ], [ 120.986674572679135, 14.6051050738053 ], [ 120.985625938901094, 14.604870174741995 ], [ 120.985370261808043, 14.604729897683006 ], [ 120.985265083969736, 14.604613272457787 ], [ 120.985211704533214, 14.604362701549794 ], [ 120.984982011624894, 14.603294228987961 ], [ 120.984868764467507, 14.602961706288944 ], [ 120.984422348670094, 14.600670324185728 ], [ 120.984034177778938, 14.598586963608453 ], [ 120.983833638150614, 14.59738926941478 ], [ 120.983704239603696, 14.59680302645593 ], [ 120.983655702010196, 14.596711620188083 ], [ 120.983555380631145, 14.596623360577793 ], [ 120.982195356080894, 14.595703691664099 ], [ 120.981428371405229, 14.595218236667483 ], [ 120.980551357036958, 14.594682338458581 ], [ 120.980221261169234, 14.594505801905928 ], [ 120.979790837105696, 14.594322949829543 ], [ 120.979444554419814, 14.594193686962759 ], [ 120.979243904529639, 14.594121172672708 ], [ 120.979098269789432, 14.59408333424048 ], [ 120.978981768482086, 14.594001374294534 ], [ 120.978887931339017, 14.593846926120257 ], [ 120.978907378294807, 14.593620000510811 ], [ 120.97920195379011, 14.593128358102705 ], [ 120.979736036871316, 14.592516975462901 ], [ 120.980153585532406, 14.592082077911517 ], [ 120.980351088277814, 14.591388709221658 ], [ 120.980561558293104, 14.590499931564219 ], [ 120.980741246075837, 14.58991135706894 ], [ 120.98099379086473, 14.588978458672345 ], [ 120.981055309279327, 14.58873893028559 ], [ 120.98129484985536, 14.588297707442516 ], [ 120.981709193667555, 14.587484593197951 ], [ 120.982110580777302, 14.586747119485866 ], [ 120.983003970838723, 14.58520283988304 ], [ 120.983912339578794, 14.583627183114245 ], [ 120.982900189822729, 14.583068663447616 ], [ 120.981558468516837, 14.582301171922916 ] ] ] } },
{ "type": "Feature", "properties": { "Agency": "LTFRB", "Type": "PUJ", "Route_Code": "PUJ59A", "Route_Name": "Pintong Bukawe, San Mateo-Robinsons (Marcos Highway) via Marikina", "Route_Begi": "Kambal Road", "Route_End": "Robinsons Transport Terminal", "Schedule_T": "04:00-22:00", "Trip_Code": "T292", "Schedule_D": "Mondays to Sudays" }, "geometry": { "type": "MultiLineString", "coordinates": [ [ [ 121.123797049889106, 14.694569038057493 ], [ 121.12219762413639, 14.695593775255182 ], [ 121.12158745295568, 14.695991011211991 ], [ 121.121179801635634, 14.696249092767475 ], [ 121.120943554582695, 14.696466637430021 ], [ 121.120648973842705, 14.696891525672607 ], [ 121.118954071744625, 14.695406477084934 ], [ 121.118761704854947, 14.69534331183735 ], [ 121.118644290078777, 14.695342109625313 ], [ 121.118465976651535, 14.69532321380373 ], [ 121.11768502450289, 14.695380636754923 ], [ 121.117265836949755, 14.692894222926574 ], [ 121.116548050043093, 14.688202767735557 ], [ 121.116212125770815, 14.68600059752043 ], [ 121.116025501174505, 14.684237712889381 ], [ 121.115996789698002, 14.683832881076732 ], [ 121.115020599509947, 14.681903469883487 ], [ 121.114400431626123, 14.680996187238854 ], [ 121.111827883368122, 14.6779125747056 ], [ 121.110214298411506, 14.675874059902521 ], [ 121.109852533812344, 14.67507588086726 ], [ 121.108999990062543, 14.672000009604988 ], [ 121.106780405862906, 14.664791430134514 ], [ 121.10611319005649, 14.662824209597545 ], [ 121.105942030759223, 14.662224624172648 ], [ 121.10523572844663, 14.660771823482524 ], [ 121.10442959005384, 14.659028609594156 ], [ 121.103731247097798, 14.657619303407987 ], [ 121.103123999372571, 14.651582715563078 ], [ 121.10304647838683, 14.65125684030957 ], [ 121.102901919865587, 14.651237040574388 ], [ 121.102559124384257, 14.651206843311641 ], [ 121.10250609004882, 14.651176609588111 ], [ 121.10250609004882, 14.651176609588111 ], [ 121.102454690048731, 14.651079809588015 ], [ 121.102496643093119, 14.650845330113247 ], [ 121.102548415779083, 14.650468600318709 ], [ 121.102569158477934, 14.650395272667263 ], [ 121.102623688510917, 14.650387665429777 ], [ 121.102709409096889, 14.650445779655271 ], [ 121.102872773956079, 14.650671126197478 ], [ 121.103116821502567, 14.650696966526237 ], [ 121.103654838526907, 14.650865075702617 ], [ 121.103717160242979, 14.650859993201971 ], [ 121.102867190047775, 14.649054309587004 ], [ 121.102581287530313, 14.64843082140562 ], [ 121.10202508280436, 14.647300924590557 ], [ 121.101273877103822, 14.64559213745839 ], [ 121.100800855913306, 14.644634124233599 ], [ 121.100156291673741, 14.643294413778005 ], [ 121.099739090043059, 14.642454409581003 ], [ 121.100380413354273, 14.642126273708625 ], [ 121.101015192529502, 14.641843485514551 ], [ 121.103564690043399, 14.640729309582264 ], [ 121.102550290041862, 14.638588709580306 ], [ 121.101651777295345, 14.636713413022166 ], [ 121.101521809244389, 14.636399963329414 ], [ 121.101552862590069, 14.636152182386455 ], [ 121.101765535662949, 14.635565542060489 ], [ 121.101962620147475, 14.634909961406548 ], [ 121.101842031947385, 14.634335731884963 ], [ 121.101652536204767, 14.633715564001564 ], [ 121.101526205709575, 14.633250438089039 ], [ 121.101463040462008, 14.633037973166035 ], [ 121.101428586690361, 14.632670466272263 ], [ 121.101554917183918, 14.631705760676395 ], [ 121.101675505382005, 14.6304941363863 ], [ 121.101944281445256, 14.62857233318508 ], [ 121.102120146164182, 14.626949124922216 ], [ 121.1022669617834, 14.625650510373626 ], [ 121.10226983293019, 14.624912625438562 ], [ 121.102232508010658, 14.624301070998186 ], [ 121.102215281124501, 14.623818718200145 ], [ 121.102048754561764, 14.622383144396325 ], [ 121.101847774227821, 14.620982024363768 ], [ 121.101615211271621, 14.620809755507043 ], [ 121.098054988239852, 14.620043159091576 ], [ 121.097052947754932, 14.619868028651592 ], [ 121.09680316788355, 14.619796240395814 ], [ 121.096714162307734, 14.619738817443571 ], [ 121.096722775750351, 14.619601002358429 ], [ 121.096800296735637, 14.619520610225523 ], [ 121.096825331639934, 14.619492895446175 ], [ 121.099383071084688, 14.620025352441905 ], [ 121.099375237102407, 14.619919169000253 ] ] ] } },
{ "type": "Feature", "properties": { "Agency": "LTFRB", "Type": "PUJ", "Route_Code": "PUJ01B", "Route_Name": "Araneta, Cubao - Angono", "Route_Begi": "Manila East Rd. / Quezon, Angono", "Route_End": "Manila East Rd. / Quezon, Angono", "Schedule_T": "04:00-22:00", "Trip_Code": "T252", "Schedule_D": "Mondays to Sundays" }, "geometry": { "type": "MultiLineString", "coordinates": [ [ [ 121.052058525044941, 14.622329911031924 ], [ 121.053162374832809, 14.622832194682204 ], [ 121.053302114484609, 14.622473553251615 ], [ 121.053253230381642, 14.622446999082207 ], [ 121.051834478370637, 14.621767684090312 ], [ 121.053187707117388, 14.618980414764044 ], [ 121.054690583139305, 14.619762639753311 ], [ 121.055150736066139, 14.6188128825234 ], [ 121.055345348026364, 14.618389944318903 ], [ 121.055330876022069, 14.618220344632666 ], [ 121.055238444067271, 14.617990791201002 ], [ 121.055126764772638, 14.617754682513775 ], [ 121.055107483516494, 14.617594454121035 ], [ 121.055162313428269, 14.617496991416949 ], [ 121.055661834619954, 14.617882943844982 ], [ 121.057750376344643, 14.619349886257799 ], [ 121.058132686844871, 14.619570451710684 ], [ 121.058728195769135, 14.619820059396993 ], [ 121.059530832125262, 14.620099113855646 ], [ 121.061517207100636, 14.620732087456634 ], [ 121.062987868068078, 14.621192694772168 ], [ 121.06244336947131, 14.622366049790475 ], [ 121.061668145060622, 14.624007912709059 ], [ 121.061192994478134, 14.624984410794864 ], [ 121.060448507568253, 14.626466029881476 ], [ 121.062213666770162, 14.627352046314403 ], [ 121.062943193124966, 14.627617987738471 ], [ 121.06340899433782, 14.627715325805756 ], [ 121.063936379920435, 14.627788284992585 ], [ 121.064633150991156, 14.627906178319776 ], [ 121.065774552701512, 14.628115786039054 ], [ 121.066910179381239, 14.628314145282511 ], [ 121.067421704084339, 14.62844285399045 ], [ 121.067794180625356, 14.628611421938793 ], [ 121.068147405592967, 14.62876172227913 ], [ 121.069293236816961, 14.629292712995657 ], [ 121.069797577926167, 14.629527771349428 ], [ 121.070554095530383, 14.629893943754682 ], [ 121.07120569933879, 14.630194550680507 ], [ 121.071842872009398, 14.630503593084143 ], [ 121.073147058742379, 14.631131034393466 ], [ 121.07390167147868, 14.63152624431037 ], [ 121.074527297585206, 14.6318165420362 ], [ 121.075266519865977, 14.632220185246661 ], [ 121.07594893946586, 14.632542321390265 ], [ 121.076132768985858, 14.632596614320848 ], [ 121.076240565527399, 14.632632189253403 ], [ 121.076572576295348, 14.632611475072185 ], [ 121.076863192913791, 14.632552354678122 ], [ 121.077244245017411, 14.6324088738009 ], [ 121.07766663770262, 14.632138880629391 ], [ 121.078030303829578, 14.631803312602818 ], [ 121.078401646127659, 14.631401212499059 ], [ 121.079630889153535, 14.629412452255703 ], [ 121.080343811771598, 14.62849269315997 ], [ 121.080994923470456, 14.627675703461092 ], [ 121.081341247682317, 14.627318584035077 ], [ 121.08204736970481, 14.626616520655164 ], [ 121.082871816505715, 14.625802909784261 ], [ 121.083538967429163, 14.625138804330597 ], [ 121.083913179779373, 14.624748875765212 ], [ 121.086530665298326, 14.621910663929819 ], [ 121.087444542119485, 14.621010799210197 ], [ 121.088856704686521, 14.619612255164483 ], [ 121.089278044493739, 14.619203560645413 ], [ 121.089699417268776, 14.61888669437397 ], [ 121.090149702686176, 14.618687882870445 ], [ 121.090569220519143, 14.618560295930775 ], [ 121.09122740214238, 14.618464480766786 ], [ 121.091748997031345, 14.618528008925798 ], [ 121.093005867617606, 14.618776796636849 ], [ 121.094054867358537, 14.618988174400462 ], [ 121.098370236215899, 14.619889812967651 ], [ 121.099611728700282, 14.620147941305541 ], [ 121.100638437927174, 14.620375483105237 ], [ 121.101716483987616, 14.620552826109094 ], [ 121.101782862583093, 14.620503604912374 ], [ 121.1017808735822, 14.620354149364875 ], [ 121.101635438379972, 14.618943040723794 ], [ 121.101562027144141, 14.618301204667961 ], [ 121.101554125011745, 14.617827070371352 ], [ 121.101591391105416, 14.617213300077282 ], [ 121.101646038809605, 14.616740077276821 ], [ 121.101705579203895, 14.616456132670701 ], [ 121.101783363948869, 14.616081288607129 ], [ 121.101853507811882, 14.615840443038826 ], [ 121.101960153223331, 14.615447783520755 ], [ 121.102113929910942, 14.615007316065601 ], [ 121.102261907522021, 14.614509691988939 ], [ 121.102378169180994, 14.614104846895803 ], [ 121.102462250718688, 14.613831199302249 ], [ 121.102569883636164, 14.61350132012188 ], [ 121.102723628043265, 14.612992448955019 ], [ 121.102856234616922, 14.612559485911518 ], [ 121.103024396377464, 14.612015001380492 ], [ 121.103280974887397, 14.611214670566858 ], [ 121.103540463837689, 14.610472434153825 ], [ 121.103747966335163, 14.609679619385249 ], [ 121.104003576480324, 14.608877413991049 ], [ 121.104167896023256, 14.608361041044962 ], [ 121.104214967494983, 14.608181111328008 ], [ 121.104373537744351, 14.607721899534853 ], [ 121.1045253395977, 14.607190539039587 ], [ 121.104636169003257, 14.606803773876385 ], [ 121.104692519362189, 14.606619816638043 ], [ 121.104854410254418, 14.606058935152873 ], [ 121.105232776949975, 14.604821034255576 ], [ 121.105620241266323, 14.603635916144004 ], [ 121.105741360326135, 14.603360377390999 ], [ 121.105931735939407, 14.603030461259012 ], [ 121.106227893454644, 14.602559008030964 ], [ 121.10639712171141, 14.602280637281781 ], [ 121.106708659419013, 14.601779191830163 ], [ 121.106971138902921, 14.601315248328389 ], [ 121.107110561238741, 14.601092174741506 ], [ 121.10747880395229, 14.600452023082877 ], [ 121.107577841195834, 14.600293621861697 ], [ 121.108136501985044, 14.5994359952651 ], [ 121.108332629370778, 14.599074215518641 ], [ 121.108733575055197, 14.598421866143029 ], [ 121.111119056289681, 14.594640822614007 ], [ 121.112620857628812, 14.59221885396426 ], [ 121.113060243859834, 14.591520564897014 ], [ 121.114549519310657, 14.589149188955599 ], [ 121.114686023415175, 14.588892378888822 ], [ 121.114712871554332, 14.588702148837784 ], [ 121.11476168362303, 14.588171765751071 ], [ 121.114833145858768, 14.586737135522474 ], [ 121.114942952262069, 14.583045174829577 ], [ 121.114998432608758, 14.582381729653656 ], [ 121.115075249542599, 14.582064976801608 ], [ 121.11535966002063, 14.581279610792897 ], [ 121.115636379669724, 14.580511114586713 ], [ 121.115895785404973, 14.579755744579856 ], [ 121.116118634755935, 14.57901350984841 ], [ 121.11634147428326, 14.578254408270878 ], [ 121.116608480927397, 14.577315375230484 ], [ 121.116719904327368, 14.576946131563581 ], [ 121.11676410717098, 14.576835540780019 ], [ 121.116850627616174, 14.576693070892301 ], [ 121.116914096136014, 14.576629322668866 ], [ 121.117016052379157, 14.576571178453204 ], [ 121.117223843118083, 14.576514858200317 ], [ 121.117470147740249, 14.576516615579262 ], [ 121.117627958325855, 14.576561049771822 ], [ 121.117996511822909, 14.576680346206146 ], [ 121.118438195008693, 14.576815068131566 ], [ 121.118894315829692, 14.576960089649791 ], [ 121.119481304540656, 14.577140654381857 ], [ 121.119692022650696, 14.577164915398507 ], [ 121.119818055002881, 14.57715267295454 ], [ 121.119952727316004, 14.57710294491663 ], [ 121.120288371955453, 14.576834790357415 ], [ 121.121335730462661, 14.57606965935415 ], [ 121.122585090796733, 14.575236020085219 ], [ 121.124070094208832, 14.574278567445415 ], [ 121.124611568326131, 14.573910040587986 ], [ 121.12506744282777, 14.573597777878266 ], [ 121.12614941594417, 14.572852285494319 ], [ 121.126507186722122, 14.572605662469483 ], [ 121.126973661389343, 14.572334620089498 ], [ 121.12767192885461, 14.571929461077231 ], [ 121.127897004193628, 14.571825333703517 ], [ 121.12802878204414, 14.5717699803276 ], [ 121.128307750206943, 14.57169393557489 ], [ 121.128921502839191, 14.571568989856408 ], [ 121.129491970589868, 14.571462805953992 ], [ 121.129908506321925, 14.57136513518685 ], [ 121.130127804287767, 14.571255386518155 ], [ 121.130484647271714, 14.571082783568507 ], [ 121.130676039074615, 14.570964615867462 ], [ 121.130851985656449, 14.570754626927293 ], [ 121.131047175430069, 14.570547438714669 ], [ 121.131267321947618, 14.570238100373146 ], [ 121.131336504343594, 14.570080641836585 ], [ 121.131371069680526, 14.569955997926582 ], [ 121.131364301288855, 14.569896031385671 ], [ 121.131338261509754, 14.569783601240518 ], [ 121.130392279030033, 14.568332005225086 ], [ 121.129968487348066, 14.567660949878164 ], [ 121.129949389504944, 14.567621060863875 ], [ 121.129973357355112, 14.56758575756221 ], [ 121.130058792719723, 14.567536027225694 ], [ 121.130460831726282, 14.567332968934755 ], [ 121.131276739678583, 14.566836081171624 ], [ 121.131614987720894, 14.566642192090933 ], [ 121.131732530513574, 14.566575123139264 ], [ 121.132024807946678, 14.566379735189072 ], [ 121.132033849275771, 14.566331303203629 ], [ 121.132027260076043, 14.56629201679508 ], [ 121.131972794699124, 14.566197932876049 ], [ 121.131887648532256, 14.566042037018221 ], [ 121.13187198362904, 14.565990267963484 ], [ 121.131867562313801, 14.565913517883976 ], [ 121.131870035478258, 14.565862957407568 ], [ 121.131887509586264, 14.565795941943938 ], [ 121.132130505767677, 14.565274991481326 ], [ 121.132615335894187, 14.564395123344989 ], [ 121.132992071769593, 14.563703538858348 ], [ 121.134199103474415, 14.561475843953144 ], [ 121.134349049284722, 14.561208955930912 ], [ 121.134628933680759, 14.560687373468314 ], [ 121.135337410205935, 14.559410213423975 ], [ 121.13520356510071, 14.559396885787679 ], [ 121.134988427529365, 14.559401877087126 ], [ 121.134812065955074, 14.559408065241628 ], [ 121.134645677173239, 14.559355769725117 ], [ 121.134152703074037, 14.559090450971498 ], [ 121.133450783805898, 14.55871925297634 ], [ 121.133304395639186, 14.558643798078235 ], [ 121.133146675273707, 14.558436773514044 ], [ 121.133042780262443, 14.558300380790593 ], [ 121.13275992480105, 14.557997178332929 ], [ 121.132721115138338, 14.557936284569539 ], [ 121.13272046066993, 14.557885116590715 ], [ 121.132737306433881, 14.55781444648299 ], [ 121.133040428125369, 14.557464632654524 ], [ 121.133126103090959, 14.557455449153419 ], [ 121.133325036769776, 14.55755280501837 ], [ 121.133955644890037, 14.557904549576225 ], [ 121.134984103391162, 14.558413234361437 ], [ 121.135633470249346, 14.558750344519353 ], [ 121.13579847187286, 14.558568727772515 ], [ 121.136322013817505, 14.557630352228413 ], [ 121.13647942014218, 14.557296452517889 ], [ 121.136794239239251, 14.55664205398798 ], [ 121.13845222304262, 14.553561279567552 ], [ 121.138817054308305, 14.552893448797375 ], [ 121.139610464534371, 14.551321221390207 ], [ 121.13994889132961, 14.550612160656417 ], [ 121.140519838004622, 14.549527553095585 ], [ 121.140678545612047, 14.549297204689731 ], [ 121.141084657362981, 14.548661022269748 ], [ 121.14218929699696, 14.546975484402941 ], [ 121.142852853686122, 14.546013865095352 ], [ 121.143303905599822, 14.545257041459186 ], [ 121.144198596202315, 14.54390542904248 ], [ 121.144573495609265, 14.543391088239124 ], [ 121.144937099631107, 14.542817057062562 ], [ 121.145495635833768, 14.541957828875871 ], [ 121.14578926838287, 14.541500794109741 ], [ 121.146246626717797, 14.540858480643239 ], [ 121.146516456783687, 14.540344199278797 ], [ 121.146645139304539, 14.540121174455445 ], [ 121.146776343719182, 14.539931042011011 ], [ 121.146948830400547, 14.539755504307436 ], [ 121.147546285856336, 14.539153308049869 ], [ 121.148252444814617, 14.538387793067015 ], [ 121.148693603051939, 14.53785878599448 ], [ 121.14887231435749, 14.537643039363894 ], [ 121.149240968701307, 14.537174990005974 ], [ 121.149418385988966, 14.536893455813466 ], [ 121.149710772751604, 14.536466874201446 ], [ 121.149789490685905, 14.53634986979853 ], [ 121.151189986207513, 14.534006228521891 ], [ 121.151507906129424, 14.533428560266229 ] ] ] } },
{ "type": "Feature", "properties": { "Agency": "LTFRB", "Type": "PUJ", "Route_Code": "PUJ02B", "Route_Name": "QMC-Anonas", "Route_Begi": "Kalayaan Ave. / Elliptical Rd. Intersection, Quezon City", "Route_End": "Anson Square, Quezon City", "Schedule_T": "04:00-22:00", "Trip_Code": "PUJ", "Schedule_D": "Mondays to Sundays" }, "geometry": { "type": "MultiLineString", "coordinates": [ [ [ 121.051558878370486, 14.649237156701789 ], [ 121.051884610111685, 14.649731678059259 ], [ 121.05197860054507, 14.650415118465768 ], [ 121.051981181211815, 14.650794005046228 ], [ 121.051947482105817, 14.651216757001396 ], [ 121.051851245345659, 14.651783278901403 ], [ 121.051752438022433, 14.652020863938397 ], [ 121.051549830773496, 14.652561822296709 ], [ 121.051382195701947, 14.652784801022863 ], [ 121.050903046493517, 14.653366015327805 ], [ 121.050347544033016, 14.653855871543866 ], [ 121.049813270351976, 14.654132522407627 ], [ 121.049251451806668, 14.654338516502769 ], [ 121.048758430641399, 14.654407439589683 ], [ 121.048317944592952, 14.65436244246019 ], [ 121.047911231860965, 14.654245559615624 ], [ 121.047537043472715, 14.654067756025375 ], [ 121.047294251870639, 14.653911858018773 ], [ 121.047095240949304, 14.653663362383229 ], [ 121.046962572606247, 14.65352693739635 ], [ 121.046804854962957, 14.653267469753914 ], [ 121.046654626962976, 14.652904446373384 ], [ 121.046583236247741, 14.652552373917009 ], [ 121.046560602679733, 14.651949326059482 ], [ 121.046618050749345, 14.651323116958245 ], [ 121.046791881145637, 14.65074318261269 ], [ 121.047052069343039, 14.650254604598349 ], [ 121.047449901138179, 14.649757474133853 ], [ 121.047728886632697, 14.649429705863607 ], [ 121.048133003257703, 14.649098260080633 ], [ 121.048292508098584, 14.64889051366513 ], [ 121.048383806355943, 14.648634657075595 ], [ 121.048477604501684, 14.648365398841115 ], [ 121.048482579936419, 14.648208238955473 ], [ 121.048434983259412, 14.647963371881453 ], [ 121.048354826565046, 14.647582062516536 ], [ 121.048324772343378, 14.647462675800726 ], [ 121.048218326451646, 14.647018020167939 ], [ 121.048007931719994, 14.646092159648243 ], [ 121.047769986194197, 14.64503838359331 ], [ 121.047568360454861, 14.644145414711369 ], [ 121.04688710697242, 14.641149765068498 ], [ 121.046674220059273, 14.640219030129044 ], [ 121.046162059722079, 14.63805300217189 ], [ 121.046149536165657, 14.637992089907831 ], [ 121.046463590319533, 14.637920157352013 ], [ 121.047429528225692, 14.637718972428942 ], [ 121.048072653044571, 14.637592156797252 ], [ 121.048649459849543, 14.637462914803368 ], [ 121.048732039783502, 14.637445843841393 ], [ 121.049207498255029, 14.637339766256535 ], [ 121.049293831642387, 14.637321476120478 ], [ 121.049740510376481, 14.637214184436372 ], [ 121.049839354349544, 14.637186145476312 ], [ 121.050996719284598, 14.636939833474212 ], [ 121.05197766328476, 14.636736190253602 ], [ 121.05248690254983, 14.636630099388384 ], [ 121.052854756649694, 14.636558147605324 ], [ 121.053525396692436, 14.636403899974326 ], [ 121.054473175883146, 14.636191724913733 ], [ 121.054613309078903, 14.636158802282408 ], [ 121.05475844857277, 14.636131969970778 ], [ 121.055350261541676, 14.635997835129857 ], [ 121.05545411060551, 14.63597588417889 ], [ 121.055695577831088, 14.635866187472446 ], [ 121.056053384101588, 14.635635855328493 ], [ 121.056321106582885, 14.635435999086734 ], [ 121.056708959142767, 14.635283629942325 ], [ 121.056786532083322, 14.635264120626951 ], [ 121.057044905154683, 14.63522203385639 ], [ 121.057208819706176, 14.635226871436554 ], [ 121.057471589285896, 14.635259707945728 ], [ 121.057771906267476, 14.635335175986253 ], [ 121.058515202147362, 14.63556648613579 ], [ 121.058575207042466, 14.635332561471522 ], [ 121.058575168600882, 14.635169310898863 ], [ 121.058595161006522, 14.635052350793421 ], [ 121.058641428981275, 14.634932948237832 ], [ 121.058765245031637, 14.634690481226114 ], [ 121.058845267011705, 14.634446805687151 ], [ 121.059189099699424, 14.63335879705742 ], [ 121.059271651110066, 14.633232076436082 ], [ 121.059679462739567, 14.632851877939693 ], [ 121.060237383798807, 14.632319358173282 ], [ 121.060456296336483, 14.632102452350431 ], [ 121.060543857123363, 14.631998877586563 ], [ 121.060692688931368, 14.63173569280694 ], [ 121.060902789422812, 14.631305588156193 ], [ 121.061197948153918, 14.63077800031283 ], [ 121.061636930415148, 14.629988446131811 ], [ 121.061741983732887, 14.629792276850115 ], [ 121.061857060612482, 14.629652146408958 ], [ 121.06211475412502, 14.629425483482809 ], [ 121.062288646844095, 14.629321887454422 ], [ 121.062550105821188, 14.629145172970691 ], [ 121.062728993055657, 14.629002590181519 ], [ 121.062914111262998, 14.628762542667655 ], [ 121.062985406019564, 14.628667498917066 ], [ 121.063041686197536, 14.628572458782646 ], [ 121.063175574070058, 14.628605320093268 ], [ 121.06361602419247, 14.628699020917614 ], [ 121.063939476176316, 14.628753155360601 ], [ 121.065818254387096, 14.629070658592823 ], [ 121.066227420290446, 14.62914243322856 ], [ 121.067082671698458, 14.629315209676857 ], [ 121.067330440859863, 14.629419918007988 ], [ 121.068299013940944, 14.629896014189484 ], [ 121.069023567674179, 14.630246079004586 ], [ 121.069728100328149, 14.63058274580365 ], [ 121.069893286642213, 14.630670417721074 ], [ 121.069243010235922, 14.63193517657866 ], [ 121.068997873396853, 14.632303165370631 ], [ 121.068778341754594, 14.632513987911517 ], [ 121.068477472708395, 14.632700466110068 ], [ 121.068225376797741, 14.632799214283656 ], [ 121.06803457028505, 14.63282302131357 ], [ 121.067706104231576, 14.632760975046683 ], [ 121.067243731158726, 14.632606982479981 ], [ 121.066964058369805, 14.632525429843596 ], [ 121.066273318000228, 14.632302661149438 ], [ 121.066115639762401, 14.632216812189693 ], [ 121.065849698223403, 14.632011598457154 ], [ 121.065665094659394, 14.631834993572062 ], [ 121.065534927578412, 14.631687613683342 ], [ 121.065467326220428, 14.631556055659583 ], [ 121.065170591608606, 14.630825157549774 ], [ 121.064966498718547, 14.630281852213013 ], [ 121.064709191192094, 14.62959053791265 ], [ 121.064503996161775, 14.629607035906417 ] ] ] } },
{ "type": "Feature", "properties": { "Agency": "LTFRB", "Type": "PUJ", "Route_Code": "PUJ06B", "Route_Name": "Arroceros - Cubao via España", "Route_Begi": "Arlegui, City of Manila", "Route_End": "Eulogio Rodriguez Sr. Ave., Quezon City", "Schedule_T": "04:00-22:00", "Trip_Code": "T348", "Schedule_D": "Mondays to Sundays" }, "geometry": { "type": "MultiLineString", "coordinates": [ [ [ 120.985017409532901, 14.597239628112135 ], [ 120.983997330636754, 14.597403670352419 ], [ 120.984088502424726, 14.598010540982781 ], [ 120.984271903916536, 14.598971297595879 ], [ 120.984431614120936, 14.599754360220627 ], [ 120.984542898085465, 14.600286441404531 ], [ 120.984643876043094, 14.600793423872259 ], [ 120.98481284983157, 14.601751166758728 ], [ 120.984956086063562, 14.602363563171927 ], [ 120.985158151780851, 14.602288288829078 ], [ 120.985331351698704, 14.602215019494476 ], [ 120.985631290453881, 14.602805343757023 ], [ 120.987095247090593, 14.602112775137934 ], [ 120.987152967149697, 14.602236260478962 ], [ 120.986979767282932, 14.602315554605992 ], [ 120.985176625048524, 14.603146630700184 ], [ 120.985180728780264, 14.603352431928128 ], [ 120.985393011512187, 14.604246932052082 ], [ 120.985481754614668, 14.604621048345685 ], [ 120.985672346330304, 14.604714777699927 ], [ 120.986617679733754, 14.604951782511279 ], [ 120.987199108684877, 14.6050803316142 ], [ 120.987641363543759, 14.605209871904812 ], [ 120.987919709181071, 14.605254066242351 ], [ 120.988523790408465, 14.605745024066795 ], [ 120.989041284542068, 14.606132571452575 ], [ 120.989985544665004, 14.607062257869243 ], [ 120.991220523431977, 14.608184709733731 ], [ 120.992123570635684, 14.609009978386272 ], [ 120.992884361368652, 14.609718782063387 ], [ 120.993591551701542, 14.610359314626626 ], [ 120.994261633925959, 14.610963702437678 ], [ 120.994500802999383, 14.61117252740439 ], [ 120.994616263136436, 14.611290994265552 ], [ 120.995053366948753, 14.611670492749791 ], [ 120.99511522093934, 14.611732737969241 ], [ 120.995160580526871, 14.61177891986935 ], [ 120.996282210384422, 14.612815003016809 ], [ 120.996682206109043, 14.613180442074906 ], [ 120.997102821628999, 14.613563951579591 ], [ 120.997954366393444, 14.614338999903859 ], [ 120.998053335497829, 14.614433370684276 ], [ 120.998125500697753, 14.614497623279847 ], [ 120.998651276893867, 14.614968473535418 ], [ 120.999159528749928, 14.615441329839411 ], [ 120.999392521818606, 14.615639106552756 ], [ 121.000224494669297, 14.616393063829346 ], [ 121.001073998964387, 14.617182155194492 ], [ 121.001531745131572, 14.617561641834497 ], [ 121.00163301402317, 14.617552970560567 ], [ 121.001701379737838, 14.617541233913197 ], [ 121.001769744932574, 14.617552973431653 ], [ 121.00182986377564, 14.617586773160065 ], [ 121.001874485057627, 14.617638556360978 ], [ 121.001898226789962, 14.617702077225907 ], [ 121.002000838353197, 14.617716503960335 ], [ 121.002388486061179, 14.617794815899654 ], [ 121.003578237441999, 14.617953451388265 ], [ 121.004708194277541, 14.618017713223065 ], [ 121.005963931745981, 14.618090001198546 ], [ 121.006720673777821, 14.618150236344723 ], [ 121.007885686259982, 14.61826066240037 ], [ 121.00891873344932, 14.618334943392911 ], [ 121.009813629469122, 14.618419260807322 ], [ 121.01045077946263, 14.618485508893938 ], [ 121.010609551190484, 14.618483498404249 ], [ 121.011281754824765, 14.6185356889389 ], [ 121.013116705693065, 14.618688270456744 ], [ 121.014090167996429, 14.618774545033796 ], [ 121.014805388322799, 14.618843307412581 ], [ 121.015247973144895, 14.618952196169188 ], [ 121.016495485497643, 14.619338650041938 ], [ 121.018116226736254, 14.619834504737078 ], [ 121.019844200541371, 14.620362467027459 ], [ 121.022143369136586, 14.62109517569972 ], [ 121.0241084987574, 14.621703402751757 ], [ 121.025879804253393, 14.622239348153686 ], [ 121.026055475584982, 14.622321740826834 ], [ 121.026076894754993, 14.622276391011672 ], [ 121.026132777339598, 14.622231945268391 ], [ 121.02632372321429, 14.622235557025324 ], [ 121.026475540382123, 14.622148475914811 ], [ 121.026601286936085, 14.622170232207255 ], [ 121.026461307040776, 14.62243004124127 ], [ 121.027941874643304, 14.622907769042619 ], [ 121.029523487854874, 14.623389493107423 ], [ 121.030597836391834, 14.623738743782807 ], [ 121.031414421686719, 14.623965540710756 ], [ 121.031899000494008, 14.623997613547013 ], [ 121.032886717564779, 14.624068781435179 ], [ 121.033150659253053, 14.624091841314369 ], [ 121.035052892492502, 14.624224132192483 ], [ 121.035153933233715, 14.624236166687194 ], [ 121.035232290156131, 14.624236157070987 ], [ 121.037510851391104, 14.624410545320618 ], [ 121.038496515106544, 14.624516826355107 ], [ 121.040078109438824, 14.624647112059979 ], [ 121.040975100047234, 14.624701192291187 ], [ 121.041451422921838, 14.624664980964019 ], [ 121.041909182573576, 14.624598654340916 ], [ 121.04254425404244, 14.624395768512551 ], [ 121.043412294873349, 14.623963954017862 ], [ 121.044571045364947, 14.62334937845009 ], [ 121.045052836267985, 14.623097197998398 ], [ 121.046294733420751, 14.622474690247687 ], [ 121.047393166364401, 14.621924360781497 ], [ 121.047466358165252, 14.621874152722281 ], [ 121.047526149898516, 14.621840009469146 ], [ 121.047890060724242, 14.621666269759647 ], [ 121.047968149669131, 14.621616562626977 ] ] ] } },
{ "type": "Feature", "properties": { "Agency": "LTFRB", "Type": "PUJ", "Route_Code": "PUJ09B", "Route_Name": "Project 8 via Espana - Arroceros", "Route_Begi": "General Avenue / Gsisea Street Intersection, Quezon City", "Route_End": "Padre Burgos St., City of Manila", "Schedule_T": "04:00-22:00", "Trip_Code": "T367", "Schedule_D": "Mondays to Sundays" }, "geometry": { "type": "MultiLineString", "coordinates": [ [ [ 121.026188769669446, 14.676351452387713 ], [ 121.026111202409297, 14.676329885266759 ], [ 121.026160623855176, 14.676152313294182 ], [ 121.026203223045712, 14.675938232614998 ], [ 121.026212576182047, 14.675681837173551 ], [ 121.026192942489089, 14.675352840510497 ], [ 121.02600534977023, 14.674526419090485 ], [ 121.025729117322328, 14.673744811624676 ], [ 121.025470801358239, 14.673139110665028 ], [ 121.025407296584646, 14.673087670928435 ], [ 121.025333568617427, 14.673095144700886 ], [ 121.025224898846758, 14.673158214933089 ], [ 121.024849034429138, 14.673444095863061 ], [ 121.024794485620419, 14.673467333325044 ], [ 121.024718625590893, 14.673462360724654 ], [ 121.024620599227262, 14.673395158097811 ], [ 121.02454643621418, 14.673295593086992 ], [ 121.024482893913742, 14.672780734174129 ], [ 121.024480327205453, 14.672662079209585 ], [ 121.024451342920102, 14.672608977033018 ], [ 121.024297916095392, 14.672565841456324 ], [ 121.024026012455579, 14.672522714708174 ], [ 121.023795870573338, 14.67243394794737 ], [ 121.02351543768107, 14.672312824130236 ], [ 121.023331323338084, 14.672226542815453 ], [ 121.023260577871156, 14.672221569368855 ], [ 121.023223080035251, 14.672295420380413 ], [ 121.02303730008498, 14.672730225974661 ], [ 121.022906060708948, 14.673038904610243 ], [ 121.02273558766926, 14.673007385790349 ], [ 121.021384591897572, 14.672777633330474 ], [ 121.019546903230392, 14.672499359943414 ], [ 121.019162488883538, 14.672433000577486 ], [ 121.018781479386959, 14.672280345726614 ], [ 121.018305004905585, 14.672084547752755 ], [ 121.0186961924651, 14.671338576595121 ], [ 121.01934561085686, 14.670130416273015 ], [ 121.019863776742511, 14.66916455050832 ], [ 121.020508069270647, 14.667971322642556 ], [ 121.020920547489368, 14.667181369108539 ], [ 121.021408017998269, 14.66624869184106 ], [ 121.02183583321704, 14.665481968788914 ], [ 121.021944912677071, 14.665223077444304 ], [ 121.022013084825701, 14.665027250290915 ], [ 121.022077839975736, 14.664723554937993 ], [ 121.022251663841146, 14.66402488790059 ], [ 121.022313862839411, 14.663741106797797 ], [ 121.021714915314007, 14.66358272462594 ], [ 121.020790378565195, 14.663192354393358 ], [ 121.020465303781862, 14.662894415363919 ], [ 121.020408309006115, 14.662822497700624 ], [ 121.020228875545726, 14.662504000744377 ], [ 121.020049421372065, 14.661838227634579 ], [ 121.019945914318058, 14.660506666338453 ], [ 121.019779075020296, 14.65897372941007 ], [ 121.019658695243805, 14.657808614571953 ], [ 121.01800179258656, 14.657773768756382 ], [ 121.014348166994765, 14.657732821746237 ], [ 121.014254766953258, 14.657689158468628 ], [ 121.014257926865682, 14.657512951680138 ], [ 121.014253703035251, 14.657443085611682 ], [ 121.01608579053773, 14.657475896152127 ], [ 121.017535841259871, 14.657492271464026 ], [ 121.018808594396234, 14.65752508623253 ], [ 121.019572667553859, 14.657527099686058 ], [ 121.019139910031427, 14.656400017113956 ], [ 121.01912513100379, 14.656326041921425 ], [ 121.01870292818451, 14.655138338625235 ], [ 121.018696592767981, 14.655076692290107 ], [ 121.018584701004869, 14.654599963869401 ], [ 121.018580475636412, 14.654525988085645 ], [ 121.018320782221878, 14.653005383418437 ], [ 121.018200428392305, 14.652123841954456 ], [ 121.018194091472466, 14.652029317359451 ], [ 121.017978734279296, 14.650650497148499 ], [ 121.017953398522309, 14.65049227188549 ], [ 121.017761268127686, 14.649251127775553 ], [ 121.017442463468683, 14.64719830770172 ], [ 121.017381234739972, 14.646762673811297 ], [ 121.017362234556543, 14.646664039956356 ], [ 121.017353789768563, 14.646614722979155 ], [ 121.017140553440598, 14.645229736574075 ], [ 121.017123664568842, 14.645141377043768 ], [ 121.017110997654285, 14.645069456445611 ], [ 121.017018105419169, 14.644504365694536 ], [ 121.016920988576757, 14.643855024542455 ], [ 121.016367871819796, 14.640518932696482 ], [ 121.016359424942848, 14.640412078696741 ], [ 121.016353089972412, 14.640336047978996 ], [ 121.016430100104031, 14.639789443596056 ], [ 121.016500792590065, 14.639561347632334 ], [ 121.016547219132804, 14.639449354058669 ], [ 121.016784636366566, 14.639082545623403 ], [ 121.017187720907401, 14.638556475341606 ], [ 121.01724364609953, 14.638483524131127 ], [ 121.017295351169523, 14.638430094572858 ], [ 121.017975917159845, 14.637571655384544 ], [ 121.018157434175151, 14.637229996474883 ], [ 121.018212297723792, 14.63704813580075 ], [ 121.01824184031905, 14.636963883751275 ], [ 121.018279819129432, 14.636770721995321 ], [ 121.01828402848102, 14.636550848331332 ], [ 121.018258691420542, 14.636341250606453 ], [ 121.018194294923561, 14.635839860132595 ], [ 121.018127795000098, 14.635467927938455 ], [ 121.018095072797763, 14.635282989249832 ], [ 121.01801378893245, 14.634700431263186 ], [ 121.017977899472896, 14.634481586975488 ], [ 121.017958887917658, 14.634146640427712 ], [ 121.018022182387, 14.633764427313618 ], [ 121.018077047380984, 14.633624691917031 ], [ 121.018239537497593, 14.633319532289015 ], [ 121.018540251859079, 14.632816068340377 ], [ 121.018551691257144, 14.632692776035245 ], [ 121.017487469030257, 14.631990836024451 ], [ 121.016248186062526, 14.631118446620032 ], [ 121.015446568496202, 14.630434428437402 ], [ 121.014647256191878, 14.629665181457675 ], [ 121.01286437482959, 14.628043700998893 ], [ 121.009659170505728, 14.62515841866866 ], [ 121.008453353333152, 14.624048251233884 ], [ 121.007017214427691, 14.622739591190339 ], [ 121.005691651468453, 14.621522876941395 ], [ 121.002752715497934, 14.618889675267658 ], [ 121.001782994208071, 14.617999967900969 ], [ 121.001725412818701, 14.617968567651523 ], [ 121.001629251374027, 14.617941091450589 ], [ 121.001573397254248, 14.617919783753159 ], [ 121.00151524080394, 14.617857545082916 ], [ 121.001486452063233, 14.617758861712987 ], [ 121.001420235591269, 14.617637188917296 ], [ 121.000504129347121, 14.616796681345226 ], [ 120.999296099264143, 14.615724593092819 ], [ 120.998029926852894, 14.614575680791189 ], [ 120.997945861563863, 14.614492694450114 ], [ 120.997879069885755, 14.61442989383656 ], [ 120.997005022115644, 14.613643761522406 ], [ 120.996406204979692, 14.613107709211107 ], [ 120.995623141016509, 14.612402316051091 ], [ 120.995065788569917, 14.611865701492787 ], [ 120.995003604646669, 14.611808507246485 ], [ 120.994950057646449, 14.611754677600979 ], [ 120.994517649447104, 14.611370016988044 ], [ 120.994444525602177, 14.61131170062796 ], [ 120.994393857379407, 14.611266842165774 ], [ 120.993464559116305, 14.610454901382246 ], [ 120.99273678957536, 14.60976688311567 ], [ 120.992017660490802, 14.609094562618687 ], [ 120.991306593663722, 14.60846933901478 ], [ 120.989388176170138, 14.606737770321518 ], [ 120.988151470539677, 14.605605065961869 ], [ 120.987934986921942, 14.605452538894388 ], [ 120.98758606760542, 14.605356070665199 ], [ 120.985607710483052, 14.604828844926645 ], [ 120.985286432960407, 14.604711069216446 ], [ 120.985224285324534, 14.6043253032999 ], [ 120.985082714915237, 14.603577319105389 ], [ 120.984853614799988, 14.602950437422843 ], [ 120.983690013657323, 14.596872357297832 ], [ 120.983528826588724, 14.596609934578437 ], [ 120.982674451412407, 14.596052514349591 ], [ 120.981029047007894, 14.594943278378445 ], [ 120.980775730912754, 14.594783451427388 ], [ 120.980620270155441, 14.594829972147364 ], [ 120.980561526625522, 14.594965654627858 ] ] ] } },
{ "type": "Feature", "properties": { "Agency": "LTFRB", "Type": "PUJ", "Route_Code": "PUJ10B", "Route_Name": "Aurora/Lauan - Quezon Memorial Circle", "Route_Begi": "Molave / Lawan Intersection, Quezon City", "Route_End": "Kalayaan Ave./Elliptical Rd. Intersection, Quezon City", "Schedule_T": "04:00-22:00", "Trip_Code": "T251", "Schedule_D": "Mondays to Sundays" }, "geometry": { "type": "MultiLineString", "coordinates": [ [ [ 121.067319106466101, 14.629437307109173 ], [ 121.068299013940944, 14.629896014189484 ], [ 121.069023567674179, 14.630246079004586 ], [ 121.069738622901923, 14.630572956141112 ], [ 121.069898306456352, 14.630654585394062 ], [ 121.069562967393281, 14.631294826580625 ], [ 121.069243010235922, 14.63193517657866 ], [ 121.069108535054667, 14.632170194174032 ], [ 121.068968518688365, 14.632335103473785 ], [ 121.068789829966434, 14.632507147106661 ], [ 121.068597538734977, 14.632629325605215 ], [ 121.068332082734727, 14.632761700619769 ], [ 121.068102143343282, 14.632816718711451 ], [ 121.06787166158125, 14.632801004700436 ], [ 121.067567991639649, 14.632709997843062 ], [ 121.067114315331025, 14.632569669860333 ], [ 121.066964058369805, 14.632525429843596 ], [ 121.066513669873871, 14.632390829131451 ], [ 121.066260148572709, 14.632296642523352 ], [ 121.066148818085793, 14.632258970339672 ], [ 121.066042316388419, 14.632179472680308 ], [ 121.065694966111579, 14.631882668234123 ], [ 121.065467326220428, 14.631556055659583 ], [ 121.065265202506254, 14.63108045927331 ], [ 121.065110203344005, 14.630629268214243 ], [ 121.064709191192094, 14.62959053791265 ], [ 121.063381501440617, 14.629754922337847 ], [ 121.063206390952999, 14.629736739504578 ], [ 121.06258038498045, 14.629347477556822 ], [ 121.062499169818096, 14.629304552336988 ], [ 121.062459973950354, 14.629279173964305 ], [ 121.062306936894785, 14.629383476584525 ], [ 121.06195428811921, 14.629633327723898 ], [ 121.061742600360247, 14.629874897972327 ], [ 121.061468060783895, 14.630390990968948 ], [ 121.06121528586759, 14.630850527493084 ], [ 121.060653492371884, 14.631869755175508 ], [ 121.060542698232823, 14.632069924490267 ], [ 121.060439996390571, 14.632153737893942 ], [ 121.060162978918711, 14.632455407224983 ], [ 121.060043217280878, 14.632574427514168 ], [ 121.059697237703688, 14.632914990926917 ], [ 121.059379077968288, 14.633216668690636 ], [ 121.059273837855685, 14.633345110457304 ], [ 121.059198859943251, 14.633524205628113 ], [ 121.059075527946717, 14.633898883938182 ], [ 121.058932862954464, 14.634390202983953 ], [ 121.05887242190424, 14.634642339825785 ], [ 121.058781752551951, 14.634988735108204 ], [ 121.058752746906762, 14.635136009862849 ], [ 121.058672930667257, 14.635326887384544 ], [ 121.058553713544654, 14.635629154016209 ], [ 121.057620219856503, 14.635356574099065 ], [ 121.057333432287422, 14.635301263903191 ], [ 121.056995835325694, 14.635295446491124 ], [ 121.056815548494853, 14.635322582804067 ], [ 121.056719963047669, 14.635349700759427 ], [ 121.056497339800586, 14.635440465822876 ], [ 121.056376352322843, 14.635505289753374 ], [ 121.056072685574478, 14.635722133349145 ], [ 121.05593113585573, 14.635824662088925 ], [ 121.055756911169979, 14.635908347307289 ], [ 121.055553651787235, 14.636019135860286 ], [ 121.055437496512369, 14.636050970197495 ], [ 121.055370949342617, 14.636069834483804 ], [ 121.05476717622787, 14.636203090682233 ], [ 121.054582050836075, 14.636242007728347 ], [ 121.054467103794565, 14.636266772456725 ], [ 121.053834288201756, 14.636396497769223 ], [ 121.053194216174958, 14.636547429443356 ], [ 121.052558980189005, 14.636683042506341 ], [ 121.052134280119944, 14.636778555788601 ], [ 121.0517156288617, 14.636869354540487 ], [ 121.051426443695362, 14.636927139558527 ], [ 121.049855890026379, 14.637254961272975 ], [ 121.049754252261849, 14.637279721202539 ], [ 121.049290830625154, 14.637384661643862 ], [ 121.0492242820672, 14.637401167882588 ], [ 121.048728795299283, 14.637512592877767 ], [ 121.048642885803417, 14.637527335234589 ], [ 121.048067539590022, 14.637656445422698 ], [ 121.047962268687542, 14.637667067465921 ], [ 121.046231991752933, 14.638060869247626 ], [ 121.046425742451163, 14.638864331689398 ], [ 121.046595282150363, 14.639604178200065 ], [ 121.046741808287578, 14.640213254332687 ], [ 121.046918618370697, 14.640996690651853 ], [ 121.046953741761172, 14.641171050118718 ], [ 121.047189879542657, 14.642135910280881 ], [ 121.047209256951277, 14.642225445960017 ], [ 121.047446628219191, 14.643304585658587 ], [ 121.04748538936532, 14.643515466877128 ], [ 121.047647043706576, 14.644109812747057 ], [ 121.047845669022635, 14.64504051238838 ], [ 121.048084250125953, 14.646085484737114 ], [ 121.048290151403975, 14.647078624220235 ], [ 121.048394291950729, 14.647465037091337 ], [ 121.048419726123214, 14.647582847017087 ], [ 121.048528722283748, 14.648047016501724 ], [ 121.048555359288628, 14.648125947407696 ], [ 121.048598936465325, 14.64819898452736 ], [ 121.048695767591028, 14.648323850381562 ], [ 121.048867617552915, 14.64841218008231 ], [ 121.049044308589814, 14.648503454133886 ], [ 121.049293591332983, 14.648522258828518 ], [ 121.0497352652865, 14.648471517109963 ], [ 121.050185426914354, 14.648507955681879 ], [ 121.05067615506286, 14.648685763077705 ], [ 121.051057376375297, 14.648893044010013 ], [ 121.051393220883071, 14.649105634706634 ], [ 121.051497312527019, 14.64922048375065 ] ] ] } },
{ "type": "Feature", "properties": { "Agency": "LTFRB", "Type": "PUJ", "Route_Code": "PUJ11B", "Route_Name": "Marikina - Bagong Nayon II", "Route_Begi": "Marikina Elementary School, Marikina City", "Route_End": "Marcos Hwy., San Isidro, Antipolo City", "Schedule_T": "04:00-22:00", "Trip_Code": "T230", "Schedule_D": "Mondays to Sundays" }, "geometry": { "type": "MultiLineString", "coordinates": [ [ [ 121.101205836074456, 14.632774254475969 ], [ 121.101379646293708, 14.632786836399639 ], [ 121.101455991815826, 14.632789968465262 ], [ 121.101451080734833, 14.632701402302146 ], [ 121.101522335615428, 14.632198432617157 ], [ 121.101614537086377, 14.63130164229433 ], [ 121.101638821756268, 14.631115006590081 ], [ 121.101761842250482, 14.630120145924922 ], [ 121.10180392399613, 14.629770600718572 ], [ 121.101812368666145, 14.629578040541892 ], [ 121.102088376075486, 14.627405634448914 ], [ 121.102302779944637, 14.625521099675174 ], [ 121.102287707490916, 14.624473312193642 ], [ 121.101831365733645, 14.620894393364809 ], [ 121.097314915964134, 14.619903558217706 ], [ 121.09680316788355, 14.619796240395814 ], [ 121.096700075993837, 14.619752756157531 ], [ 121.096678091592864, 14.619612795151239 ], [ 121.096735709798907, 14.61950838884067 ], [ 121.09683803280771, 14.619497278216743 ], [ 121.099748142753981, 14.620142998116634 ], [ 121.100696804995394, 14.620376690329994 ], [ 121.102045850304904, 14.620615750568835 ], [ 121.104070693284754, 14.621090966927728 ], [ 121.105932269642452, 14.621483993330335 ], [ 121.106362743669479, 14.621583448731061 ], [ 121.109073901828751, 14.622156384354211 ], [ 121.110027439577465, 14.622356823209024 ], [ 121.111060570412036, 14.62256196721116 ], [ 121.111739579985212, 14.622699258914025 ], [ 121.114315936776691, 14.623243725750706 ], [ 121.116197038656637, 14.623633497678501 ], [ 121.117689915856928, 14.623966503071038 ], [ 121.120555449491619, 14.624560582224305 ], [ 121.124241344228636, 14.625306835182233 ], [ 121.1245467162084, 14.625317751825929 ], [ 121.124767636250567, 14.625349271378216 ], [ 121.125056752708886, 14.625336471982997 ], [ 121.12580549389142, 14.625233287814225 ], [ 121.128240124035031, 14.624912551603202 ], [ 121.128331075250031, 14.624896688365656 ], [ 121.129542690120843, 14.624714171234864 ], [ 121.130846878087311, 14.624515782735376 ], [ 121.13170767913509, 14.624395122546384 ], [ 121.131829496581375, 14.624388730816326 ], [ 121.133468335484778, 14.624283460447964 ], [ 121.134035196250736, 14.624261009103114 ], [ 121.134111539203062, 14.624264130488546 ], [ 121.135131649156179, 14.624371117070346 ], [ 121.136549736745508, 14.624525324788006 ], [ 121.137149135703908, 14.624591415842428 ], [ 121.1381953020379, 14.624807502961435 ], [ 121.138607927571044, 14.624903745553016 ], [ 121.138832108067874, 14.624952647221232 ], [ 121.140141458798368, 14.625246073161199 ], [ 121.141163277322377, 14.62547955815262 ], [ 121.141481685039295, 14.625556871142399 ], [ 121.142976123966065, 14.625707832279693 ], [ 121.14416028796677, 14.625798867424399 ], [ 121.144632972134801, 14.625823893050406 ], [ 121.144861972284147, 14.625784217950912 ], [ 121.144954545903502, 14.625766765697167 ], [ 121.145494504356293, 14.62557902805225 ], [ 121.147093981080388, 14.624875059943909 ], [ 121.147365157720557, 14.624751533591667 ], [ 121.148608967299865, 14.624143454880439 ], [ 121.149196802597828, 14.623905859962228 ], [ 121.149352715173748, 14.623878086977042 ], [ 121.149524880692439, 14.623866119649895 ], [ 121.151301453479491, 14.623898236292749 ], [ 121.152050261086629, 14.623923075283242 ], [ 121.152644746967965, 14.623924285041436 ], [ 121.153136825862958, 14.62380852131837 ], [ 121.153620775496847, 14.623681690679449 ], [ 121.154658517811797, 14.623429563607155 ], [ 121.155280534045218, 14.623310549637672 ], [ 121.15650346290478, 14.623093090752857 ], [ 121.157460033193829, 14.622910592641052 ], [ 121.158044705590839, 14.622816900648075 ], [ 121.158376059302668, 14.622821429803494 ], [ 121.158632733742593, 14.622879780683308 ], [ 121.158850440056057, 14.622958717182485 ], [ 121.159723022644627, 14.623464248656125 ], [ 121.160135672243129, 14.623585758221108 ], [ 121.160481653281792, 14.623601345739639 ], [ 121.160860088897536, 14.623572627239312 ], [ 121.161470806393083, 14.623559569595505 ], [ 121.161759936825362, 14.623573611418031 ], [ 121.162021503613303, 14.623657260442494 ], [ 121.162548028096808, 14.624025414991886 ], [ 121.162796635045581, 14.624156518969631 ], [ 121.163236140080826, 14.624221755620017 ], [ 121.163422011762819, 14.624198801392831 ], [ 121.164175523842459, 14.623984780865005 ], [ 121.164466186576675, 14.623869129384284 ], [ 121.164596062911983, 14.623777310189901 ], [ 121.16475169114662, 14.623636294218372 ], [ 121.164886526867008, 14.623384883222268 ], [ 121.165043870161171, 14.623090603900943 ], [ 121.16520771237478, 14.622799483191377 ], [ 121.165386217997636, 14.622571615257458 ], [ 121.165563196840154, 14.622479763428275 ], [ 121.166219281751154, 14.622316413077279 ], [ 121.166712975063405, 14.622202201240471 ], [ 121.167359118252676, 14.621771568847649 ], [ 121.168125356697331, 14.621207999420104 ], [ 121.168943732205662, 14.620868974413765 ], [ 121.169421138692556, 14.620700994766176 ], [ 121.169966830720256, 14.620624697473078 ], [ 121.170434628742584, 14.620643347990331 ], [ 121.170840801714974, 14.620791729900072 ], [ 121.171350993386582, 14.62102860561782 ], [ 121.172706226392506, 14.621834245307468 ], [ 121.173158032517094, 14.622181868620324 ], [ 121.173868923861235, 14.622547493296743 ], [ 121.174205229810752, 14.622657170894884 ], [ 121.174374988860237, 14.622687889389786 ], [ 121.174809879091114, 14.622678877262416 ], [ 121.17530030796047, 14.622548833917605 ], [ 121.175529279544008, 14.622483823634042 ], [ 121.176199902300269, 14.622225540442289 ], [ 121.176501956488792, 14.622149405013857 ], [ 121.176817395981814, 14.622152366383295 ], [ 121.177525338444426, 14.622275182418065 ], [ 121.17852281576441, 14.622506939693073 ], [ 121.178940729874014, 14.622599548328951 ], [ 121.179252590643728, 14.622602085251874 ], [ 121.179221879942816, 14.622274722783398 ], [ 121.179159779469501, 14.621790017211261 ], [ 121.179084654660755, 14.621006008873216 ], [ 121.179068262173431, 14.620813860088456 ], [ 121.179105567464916, 14.620746615699744 ], [ 121.17944411967197, 14.620613512897778 ], [ 121.179826462936362, 14.62039971692853 ], [ 121.180180289854093, 14.620069696080375 ], [ 121.180386386136433, 14.619837051524327 ], [ 121.180687244728119, 14.619280113897883 ], [ 121.181210270287707, 14.618277797195818 ], [ 121.181398421004275, 14.617948689316286 ], [ 121.18158839822371, 14.617875794501943 ], [ 121.181833595309726, 14.617798113318617 ], [ 121.182139713309951, 14.617736201729727 ], [ 121.183043434331651, 14.617533078349698 ], [ 121.18406973942281, 14.617276084769431 ], [ 121.184954769212709, 14.617061897239896 ], [ 121.185695265951438, 14.616877867294209 ], [ 121.186149960453577, 14.61676997071069 ], [ 121.186456905879623, 14.616730194837535 ], [ 121.187061092386003, 14.616701259674382 ], [ 121.187652297914113, 14.616688148740389 ], [ 121.187682370587737, 14.616718175237928 ], [ 121.187682480710478, 14.61685260870463 ], [ 121.18764853917682, 14.617056657747423 ], [ 121.187551408224905, 14.61745054437297 ], [ 121.187405700813969, 14.618028721657936 ], [ 121.187370218055477, 14.61833478317118 ], [ 121.187374434502743, 14.618525359207732 ], [ 121.187346545229261, 14.61917936042178 ], [ 121.187338118270404, 14.619798551949922 ], [ 121.187315821817478, 14.620340257232632 ], [ 121.187348425745682, 14.620485736460328 ], [ 121.187410286892074, 14.620656498118549 ], [ 121.187615153367418, 14.620914135126032 ], [ 121.187852539094933, 14.621212867491447 ], [ 121.187911178284907, 14.621415262916429 ], [ 121.187893550235458, 14.621706285608919 ], [ 121.187803063966939, 14.622282047636032 ], [ 121.187786927703414, 14.622411748957978 ], [ 121.187640722147478, 14.622384975880083 ], [ 121.187452280660949, 14.622351909206968 ] ] ] } },
{ "type": "Feature", "properties": { "Agency": "LTFRB", "Type": "PUJ", "Route_Code": "PUJ13B", "Route_Name": "Marcos Highway - Binangonan, Rizal", "Route_Begi": "Binangonan Medical Hospital", "Route_End": "Robinsons Metro East Transport Terminal", "Schedule_T": "04:00-22:00", "Trip_Code": "T253", "Schedule_D": "Mondays to Sundays" }, "geometry": { "type": "MultiLineString", "coordinates": [ [ [ 121.191513379590674, 14.462374517473563 ], [ 121.191666193962988, 14.462284284160356 ], [ 121.192991905992415, 14.464288970855939 ], [ 121.19218115220319, 14.464673754595328 ], [ 121.192273489467212, 14.464966512382864 ], [ 121.192634626249799, 14.465973816351172 ], [ 121.192880802220301, 14.466682082679197 ], [ 121.19129948208473, 14.467228056348407 ], [ 121.191229227896457, 14.467263140914913 ], [ 121.191184851609151, 14.467330479505554 ], [ 121.191063936853752, 14.467649381715798 ], [ 121.190980890278098, 14.467846241484025 ], [ 121.190788982936482, 14.468285637498234 ], [ 121.1903858414843, 14.469242374822846 ], [ 121.190156012123126, 14.469742412665623 ], [ 121.189942299609385, 14.470194419819313 ], [ 121.189781037095216, 14.470572784748827 ], [ 121.189585107050732, 14.471038159761212 ], [ 121.189439542966824, 14.47135078281962 ], [ 121.189334395059532, 14.471691712839242 ], [ 121.189291292851649, 14.471836980760505 ], [ 121.189252417504534, 14.472211707960986 ], [ 121.189230424335889, 14.472484876005568 ], [ 121.1891425003666, 14.473637767226089 ], [ 121.18908711381917, 14.474074694257839 ], [ 121.18900682230435, 14.474682458297204 ], [ 121.188860285395819, 14.475291847962049 ], [ 121.188665356821886, 14.476002033797368 ], [ 121.188267646355285, 14.477704220793431 ], [ 121.187936122499522, 14.479338658604766 ], [ 121.187894341961083, 14.47962207495554 ], [ 121.187746245716284, 14.480308608403018 ], [ 121.18760789445696, 14.481058108476333 ], [ 121.187417923081043, 14.481914704336255 ], [ 121.187227942644782, 14.482761853868189 ], [ 121.186946315473676, 14.484174267256243 ], [ 121.186695213010523, 14.485372544430204 ], [ 121.186513322751281, 14.486240153627261 ], [ 121.186432057590366, 14.486655845663067 ], [ 121.18632725141471, 14.486933799549561 ], [ 121.186289330975342, 14.486998377108769 ], [ 121.185956160090782, 14.487622863447381 ], [ 121.185665739977395, 14.488163088730786 ], [ 121.185461639536271, 14.488544238098974 ], [ 121.185226058086897, 14.488961621379859 ], [ 121.184923528708765, 14.489518385655364 ], [ 121.184582908738662, 14.489929550515408 ], [ 121.183560802837036, 14.490862340476179 ], [ 121.182826102844373, 14.491525695975007 ], [ 121.182569356624711, 14.491752595471118 ], [ 121.181501145304509, 14.492639754729435 ], [ 121.179546962040618, 14.493985700133367 ], [ 121.17856339184371, 14.494650799743399 ], [ 121.17808371172822, 14.494967595630177 ], [ 121.176415372526321, 14.496140127330456 ], [ 121.175953528155318, 14.496545069885798 ], [ 121.175359318376024, 14.497137454886147 ], [ 121.175149406765101, 14.497346994769311 ], [ 121.1748490730333, 14.497649486174209 ], [ 121.174203197310845, 14.498308028155558 ], [ 121.173286067755441, 14.49927061146184 ], [ 121.172260735684873, 14.50033245186966 ], [ 121.171794101879726, 14.500838148354852 ], [ 121.171325986092938, 14.501528044454073 ], [ 121.170919211211384, 14.502132881555623 ], [ 121.170549538761335, 14.502652676900972 ], [ 121.170378432961826, 14.502906267361549 ], [ 121.169921598937364, 14.503567027203914 ], [ 121.169600365299345, 14.504037982361924 ], [ 121.169057999777522, 14.504863319893708 ], [ 121.168583391771932, 14.505537471410616 ], [ 121.168265384465613, 14.50600842249564 ], [ 121.167827108681266, 14.506651060365998 ], [ 121.167398497960733, 14.507254331934799 ], [ 121.166947362871497, 14.507999309971233 ], [ 121.16666009794919, 14.50853321202154 ], [ 121.1654785700281, 14.510480703285575 ], [ 121.165104901660555, 14.511099676956425 ], [ 121.164851469358311, 14.511498946637893 ], [ 121.164632720491014, 14.511813177589056 ], [ 121.164435737801668, 14.512057334956381 ], [ 121.163121275162268, 14.5134625386689 ], [ 121.162635606645935, 14.513970984683173 ], [ 121.161623891784856, 14.515031195092854 ], [ 121.161158786468988, 14.515489638739982 ], [ 121.160658163497459, 14.516002419980795 ], [ 121.159731605589641, 14.516957871803237 ], [ 121.158845803895005, 14.517852287331541 ], [ 121.158170752888012, 14.518539929596129 ], [ 121.157922065079461, 14.518817176296016 ], [ 121.15754922751421, 14.519521152377008 ], [ 121.15740573815637, 14.520026612037949 ], [ 121.157318725093646, 14.520404512715915 ], [ 121.157281748886746, 14.520691068739758 ], [ 121.157354947502441, 14.521391608836122 ], [ 121.157428071939364, 14.521981944205583 ], [ 121.157475271834514, 14.522473111963169 ], [ 121.157553264526697, 14.523091782452296 ], [ 121.157649123617887, 14.523841112648297 ], [ 121.157790370623331, 14.52479035627489 ], [ 121.157861243356081, 14.525631014809166 ], [ 121.157825148394451, 14.526025413363957 ], [ 121.157809103119931, 14.52619624094187 ], [ 121.157760776816858, 14.526428489066229 ], [ 121.157729366938909, 14.526582795837029 ], [ 121.157666453011927, 14.526752866420509 ], [ 121.157531713142518, 14.527059164694428 ], [ 121.15739938645153, 14.527349717812383 ], [ 121.157272726584253, 14.527656010732873 ], [ 121.156912024407191, 14.528405633847056 ], [ 121.156556982731416, 14.529164698873871 ], [ 121.156340745233507, 14.529651311840533 ], [ 121.155942804180668, 14.530310431940201 ], [ 121.155584288769219, 14.530718417173414 ], [ 121.154922798383765, 14.53121397025407 ], [ 121.154484190085228, 14.531488184552995 ], [ 121.153237771344607, 14.532184830995499 ], [ 121.153065714203308, 14.532284909895647 ], [ 121.152839525759376, 14.532401553137792 ], [ 121.152652138329216, 14.532537851390961 ], [ 121.151986604755564, 14.533047567903909 ], [ 121.151694301810494, 14.533394893581079 ], [ 121.150447931112353, 14.535445467683203 ], [ 121.149805337607262, 14.536462892294384 ], [ 121.149768193169962, 14.536506996829646 ], [ 121.14948887819537, 14.536957431813619 ], [ 121.149291856788011, 14.537201576328686 ], [ 121.148910731342255, 14.537672539149064 ], [ 121.148267986003518, 14.538472699081211 ], [ 121.14755247525963, 14.539224883303204 ], [ 121.146789700930071, 14.540002676824027 ], [ 121.146590285697016, 14.540304284305627 ], [ 121.146451856731744, 14.540564134915666 ], [ 121.146292470220885, 14.540909800074239 ], [ 121.145853252283842, 14.541548460904888 ], [ 121.145557758628996, 14.541995752048953 ], [ 121.144983717386992, 14.542856474644058 ], [ 121.144261928006159, 14.543950286606799 ], [ 121.144186842374324, 14.544064471155831 ], [ 121.143444751024958, 14.545191430042385 ], [ 121.143372141852964, 14.545303550459732 ], [ 121.142234097626286, 14.547018787785467 ], [ 121.141131791036884, 14.548716727802464 ], [ 121.140728685445112, 14.549336867697173 ], [ 121.140377446033341, 14.550010243181481 ], [ 121.140041170807109, 14.550669690579612 ], [ 121.139684003969151, 14.551367279817889 ], [ 121.138896565211653, 14.552940995806852 ], [ 121.138528220962854, 14.553604771693056 ], [ 121.137955276863721, 14.554679628082219 ], [ 121.137128421269907, 14.556212464649377 ], [ 121.136860114522591, 14.556690646449878 ], [ 121.136428156255917, 14.557638032185142 ], [ 121.13626631051612, 14.558342567297432 ], [ 121.136196466031308, 14.558709688967975 ], [ 121.135829615667362, 14.558600494905331 ], [ 121.135490053000439, 14.559223865073179 ], [ 121.134679649906957, 14.560723669881195 ], [ 121.134391008161558, 14.561246263760697 ], [ 121.134244767766859, 14.561513256683593 ], [ 121.132008937592587, 14.565630411543603 ], [ 121.131921302230666, 14.565809799085399 ], [ 121.131905508237878, 14.565931266761007 ], [ 121.131919984212061, 14.56601062779167 ], [ 121.132060368050702, 14.566298082779387 ], [ 121.132070044129392, 14.566342295537048 ], [ 121.132058600340073, 14.566377256287518 ], [ 121.132036285071848, 14.566426583009264 ], [ 121.131748361815355, 14.566598253424335 ], [ 121.130479817083597, 14.567356587642479 ], [ 121.130019800635026, 14.567599117200649 ], [ 121.130017870472258, 14.567658549091993 ], [ 121.130072332136095, 14.567776363300764 ], [ 121.130415779761989, 14.568335627903314 ], [ 121.130983094038186, 14.569185857409519 ], [ 121.13136618391016, 14.569752784804439 ], [ 121.131406342027873, 14.569882888331557 ], [ 121.131405490220089, 14.569999123539874 ], [ 121.13131027364372, 14.57024662242007 ], [ 121.131144908775482, 14.570467744757602 ], [ 121.130780335203781, 14.570910689396491 ], [ 121.130672287862723, 14.571015719920863 ], [ 121.130534693683344, 14.571081454966567 ], [ 121.129937635238861, 14.571378117301071 ], [ 121.129642795459986, 14.571467240897855 ], [ 121.129178444484538, 14.571556587729527 ], [ 121.128352561688217, 14.571709952113002 ], [ 121.128046012017364, 14.571794573747127 ], [ 121.127790352904711, 14.57190455253623 ], [ 121.127532244990661, 14.572049965228645 ], [ 121.126640573423018, 14.572563407456313 ], [ 121.125989513158359, 14.572987973160547 ], [ 121.124620363764464, 14.57395842350553 ], [ 121.123265405089441, 14.574848394056396 ], [ 121.122627126161532, 14.5752894658901 ], [ 121.121848840409825, 14.575782162192414 ], [ 121.121354894490807, 14.57611949740752 ], [ 121.120307070841605, 14.576893965262006 ], [ 121.119972928241282, 14.577136146556676 ], [ 121.119887447770992, 14.577190804305559 ], [ 121.119784327882456, 14.577212850223917 ], [ 121.119625041191298, 14.57720118284473 ], [ 121.118877070051909, 14.57699119045205 ], [ 121.118576128895782, 14.576900298213989 ], [ 121.118508937203899, 14.577026038072567 ], [ 121.118114924954071, 14.577894808261448 ], [ 121.117997135136875, 14.578204220669779 ], [ 121.117946165627458, 14.578290594254735 ], [ 121.117907269753289, 14.578310438412613 ], [ 121.11767801991094, 14.578293756984815 ], [ 121.11727105930261, 14.580979792494153 ], [ 121.117229802437748, 14.581133029971214 ], [ 121.117207702445754, 14.581160516069627 ], [ 121.117329695719619, 14.581253534217893 ], [ 121.11787756431913, 14.581725596094932 ], [ 121.117909541084742, 14.581804311944975 ], [ 121.117952061567181, 14.58183396637375 ], [ 121.118056851672947, 14.581867916786363 ], [ 121.118562911062568, 14.582055437354324 ], [ 121.118550455922758, 14.582130255124644 ], [ 121.118384684362383, 14.582309572734232 ], [ 121.118322045975958, 14.582349707392781 ], [ 121.118740371538863, 14.582606018673124 ], [ 121.118777446204334, 14.582616050852137 ], [ 121.119230277961634, 14.581748379985514 ], [ 121.119318821284807, 14.581589989280889 ], [ 121.119729609703683, 14.581833278848231 ], [ 121.120228823411338, 14.582129531680154 ], [ 121.120457659517825, 14.582235407511535 ], [ 121.120878697552868, 14.582391958006582 ], [ 121.121374011250651, 14.582594978637511 ], [ 121.12169428825419, 14.582699621391205 ], [ 121.122432232109063, 14.582998526187055 ], [ 121.122913327011716, 14.583219273700697 ], [ 121.122964740415071, 14.583275408809852 ], [ 121.123012436173099, 14.583308797282571 ], [ 121.123083289410502, 14.583453875851411 ], [ 121.123180777221179, 14.58381497610759 ], [ 121.123209893730433, 14.583862014619328 ], [ 121.123483604166879, 14.583789021502573 ], [ 121.124995570926004, 14.583322596882212 ], [ 121.12502543325958, 14.583427911354264 ], [ 121.123956373335631, 14.583792530979199 ], [ 121.122149155333148, 14.584306267475847 ], [ 121.121094810742946, 14.58462117892522 ], [ 121.119877554028619, 14.585009486488723 ], [ 121.118835333406807, 14.585358572393957 ], [ 121.117934382873415, 14.585635806454322 ], [ 121.117744226319431, 14.585692028559617 ], [ 121.117541333229326, 14.585773256634234 ], [ 121.11631591421299, 14.586157236989573 ], [ 121.115370747307722, 14.586495384635127 ], [ 121.11504646065643, 14.586646303719938 ], [ 121.114982528883402, 14.586731329419271 ], [ 121.114900709304976, 14.587027111288593 ], [ 121.114839243130064, 14.587771198379773 ], [ 121.114813398717388, 14.58817878340561 ], [ 121.114806192117754, 14.588260039095045 ], [ 121.114777530734301, 14.588698377208344 ], [ 121.11474643630072, 14.588837254379991 ], [ 121.114721880473112, 14.588949418427767 ], [ 121.114448708522929, 14.589418510552363 ], [ 121.114073572586605, 14.590034729784938 ], [ 121.113836973064238, 14.590388448203171 ], [ 121.113430537839562, 14.591042217908555 ], [ 121.107631656958858, 14.600343693902531 ], [ 121.107557652024354, 14.600453553006041 ], [ 121.107537457917616, 14.600490152792895 ], [ 121.107149374629643, 14.60113688804172 ], [ 121.107015469904184, 14.601364115603008 ], [ 121.106449196656072, 14.602330134814117 ], [ 121.10596619747156, 14.603090696022262 ], [ 121.105738869977671, 14.603473031760034 ], [ 121.105663668199469, 14.603644015863356 ], [ 121.105371930017768, 14.604564730384778 ], [ 121.104991359130338, 14.605889701545346 ], [ 121.104758027983266, 14.606651765963967 ], [ 121.104512981314343, 14.607482394502259 ], [ 121.104409040573671, 14.607744104313412 ], [ 121.10426545450126, 14.608198816323464 ], [ 121.103517716654551, 14.610613317944424 ], [ 121.103089569208379, 14.611944536159521 ], [ 121.102844193148826, 14.612746857622128 ], [ 121.102635351494385, 14.613532429764774 ], [ 121.102423811296745, 14.614226152941459 ], [ 121.102178833021966, 14.614995748122762 ], [ 121.101744030458391, 14.616451757496421 ], [ 121.101700269032008, 14.616735556280092 ], [ 121.101676411053418, 14.617078674414058 ], [ 121.101665879506385, 14.617123163902342 ], [ 121.101339183649117, 14.617185999890891 ], [ 121.100756253737316, 14.6172740377986 ], [ 121.100709075307904, 14.617321664128141 ], [ 121.100856619810287, 14.61854693235269 ], [ 121.100101092765698, 14.618669356793497 ], [ 121.099087376745587, 14.618795352478669 ], [ 121.099228336365087, 14.619960161466626 ], [ 121.100074525302233, 14.62016015870949 ], [ 121.100628100282975, 14.620267512461126 ], [ 121.100447880339487, 14.619091305168801 ] ] ] } },
{ "type": "Feature", "properties": { "Agency": "LTFRB", "Type": "PUJ", "Route_Code": "PUJ14B", "Route_Name": "Riverbanks, Marikina - Binangonan, Rizal", "Route_Begi": "Riverbanks, A. Bonifacio Ave., Marikina City", "Route_End": "Osmeña, Binangonan", "Schedule_T": "04:00-22:00", "Trip_Code": "T237", "Schedule_D": "Mondays to Sundays" }, "geometry": { "type": "MultiLineString", "coordinates": [ [ [ 121.08279793896925, 14.632938588494506 ], [ 121.082702940084005, 14.632916273508247 ], [ 121.082075492936752, 14.632731215618234 ], [ 121.081299669693294, 14.632508840060213 ], [ 121.080671411471769, 14.632384307026356 ], [ 121.080137978607453, 14.632296227847744 ], [ 121.079783835605866, 14.632269565937149 ], [ 121.079136308000997, 14.632147501697629 ], [ 121.078491866467843, 14.632040851560502 ], [ 121.07828230304608, 14.632029059488431 ], [ 121.07816394931335, 14.63206063459071 ], [ 121.077975273390891, 14.632139484122947 ], [ 121.077352328227349, 14.632510874045838 ], [ 121.077022990241971, 14.632665292071952 ], [ 121.076617671689419, 14.632794845665476 ], [ 121.076263532070087, 14.63281521712547 ], [ 121.075812936243835, 14.632687036786068 ], [ 121.075431482314471, 14.632498478925763 ], [ 121.074475577468874, 14.632020673829958 ], [ 121.074053689767354, 14.631759647513265 ], [ 121.074033843787333, 14.631558333429837 ], [ 121.074986754084804, 14.632087561351412 ], [ 121.075891084215101, 14.632510355593409 ], [ 121.076357705295777, 14.632647068765662 ], [ 121.076633874600631, 14.632626760717756 ], [ 121.077165633608871, 14.632470717959924 ], [ 121.077808980194831, 14.63202950149611 ], [ 121.079388357779862, 14.629862710401211 ], [ 121.079886615838802, 14.629128550684991 ], [ 121.080601788427558, 14.628205840921414 ], [ 121.081078361948997, 14.62760722231971 ], [ 121.081865341413376, 14.626841766773815 ], [ 121.082712065158248, 14.625987023570067 ], [ 121.08316702674972, 14.625524763509686 ], [ 121.08335482136016, 14.625285886183686 ], [ 121.08335613514059, 14.625159510727363 ], [ 121.083634456163566, 14.624815511884695 ], [ 121.084329777018766, 14.624095846572313 ], [ 121.084476789424144, 14.624015602894474 ], [ 121.084832028472064, 14.62368813086368 ], [ 121.085590408291608, 14.622868989374323 ], [ 121.086423748091832, 14.622007122257275 ], [ 121.088061599431938, 14.620452544023138 ], [ 121.089317847156664, 14.619196328898111 ], [ 121.089680368974115, 14.618930944225193 ], [ 121.090435418284557, 14.618582462245088 ], [ 121.090996150394105, 14.618484974126005 ], [ 121.091386383687905, 14.618451587195912 ], [ 121.091979658159033, 14.618508110305893 ], [ 121.092195677261699, 14.618553997334931 ], [ 121.092976929621798, 14.618702542416154 ], [ 121.093613270220544, 14.618823047246561 ], [ 121.095929529982428, 14.619339510202199 ], [ 121.097364486785452, 14.61970690778217 ], [ 121.098988484648999, 14.620046563490757 ], [ 121.099754035156138, 14.620208809336207 ], [ 121.101266932692695, 14.620538152962041 ], [ 121.101810761033846, 14.620619515584515 ], [ 121.10171218650936, 14.619809300887386 ], [ 121.101707260872303, 14.61952005806776 ], [ 121.101623575653093, 14.618940465406716 ], [ 121.101604047715497, 14.6187523283952 ], [ 121.101563001085708, 14.617964422565928 ], [ 121.101551116496395, 14.61770135831784 ], [ 121.101591181056051, 14.617196998952938 ], [ 121.101663259396148, 14.616596645273731 ], [ 121.101813301464716, 14.61599621962478 ], [ 121.102013673614323, 14.61533371745416 ], [ 121.102487257338154, 14.613782958702085 ], [ 121.102573149396292, 14.613513999729509 ], [ 121.103067342971471, 14.611844288255579 ], [ 121.103028139498889, 14.611766769396676 ], [ 121.103921732684853, 14.608758572664689 ], [ 121.104007429553846, 14.608780303942467 ], [ 121.104180576075308, 14.608160767337136 ], [ 121.104546841440197, 14.607054924775856 ], [ 121.104692519362189, 14.606619816638043 ], [ 121.104854410254418, 14.606058935152873 ], [ 121.105342382745334, 14.604527545026082 ], [ 121.105620241266323, 14.603635916144004 ], [ 121.105817883161606, 14.603186225673078 ], [ 121.10694921719282, 14.601318349451509 ], [ 121.10747880395229, 14.600452023082877 ], [ 121.107577841195834, 14.600293621861697 ], [ 121.108652153721465, 14.598563878144326 ], [ 121.108946459811264, 14.598116141535568 ], [ 121.109470286683461, 14.597160194599404 ], [ 121.110705699818254, 14.595277191182261 ], [ 121.111106241986576, 14.594635906529577 ], [ 121.111402936969441, 14.594102134280748 ], [ 121.111816092784338, 14.593445738213992 ], [ 121.112597088659015, 14.592217700356279 ], [ 121.113059876572152, 14.591510422812586 ], [ 121.114577731849664, 14.589068017029593 ], [ 121.114660065289357, 14.588881882083946 ], [ 121.114690045196696, 14.588772855108243 ], [ 121.114726664682635, 14.588258881520016 ], [ 121.114729607395631, 14.588169501250604 ], [ 121.114779536283876, 14.586733396222117 ], [ 121.114763908777888, 14.58654162396367 ], [ 121.115116762887027, 14.586414013958484 ], [ 121.116308814257579, 14.586064307810426 ], [ 121.117587756537858, 14.585663411400851 ], [ 121.117739076418459, 14.585612483874257 ], [ 121.117910900493357, 14.585554022536083 ], [ 121.120305921126018, 14.584816833231493 ], [ 121.122505873390168, 14.584132646187699 ], [ 121.123933788737062, 14.583687915615398 ], [ 121.12498965890974, 14.583359985700096 ], [ 121.125077540759889, 14.583328190121994 ], [ 121.126680686099178, 14.58283376078583 ], [ 121.127375628514798, 14.582607814133304 ], [ 121.128997565674268, 14.582104824882252 ], [ 121.129413280006304, 14.581979065177018 ], [ 121.129693280648098, 14.581887470012383 ], [ 121.131105585336755, 14.581447497764517 ], [ 121.133007503269269, 14.580852883590698 ], [ 121.133387430284301, 14.580724986037817 ], [ 121.133455363986585, 14.580708762203372 ], [ 121.136095405990218, 14.579874052198358 ], [ 121.137363456352091, 14.57947240782973 ], [ 121.137938192759748, 14.579294865431441 ], [ 121.138786635844838, 14.579034920067263 ], [ 121.138855090247475, 14.579004785415892 ], [ 121.140346406705959, 14.578533714072945 ], [ 121.140448511293471, 14.578521489086228 ], [ 121.141452136009846, 14.578206627917298 ], [ 121.141549153404881, 14.578177508197603 ], [ 121.142625592525761, 14.577821733769765 ], [ 121.142936752732084, 14.577661592068797 ], [ 121.143053567615695, 14.577556251317354 ], [ 121.143098717162601, 14.577425863855686 ], [ 121.143136673623061, 14.577117587660894 ], [ 121.143709397207019, 14.574222753668451 ], [ 121.144079389701631, 14.572234374999042 ], [ 121.144134551203436, 14.571801574302489 ], [ 121.144064534643263, 14.571145549893572 ], [ 121.143818467760639, 14.570490766238148 ], [ 121.143607153180355, 14.57014148672596 ], [ 121.142907516367387, 14.569114881197454 ], [ 121.142229359154072, 14.56826667014381 ], [ 121.141501904282435, 14.567207786503969 ], [ 121.140023818929308, 14.565148326565799 ], [ 121.139435258240766, 14.564346147760505 ], [ 121.138490335503334, 14.563026888090311 ], [ 121.137846548885122, 14.562125459390419 ], [ 121.137188421428277, 14.56130151421603 ], [ 121.136837459788936, 14.560804766076126 ], [ 121.1365268988, 14.560321882879952 ], [ 121.136311994783426, 14.55983426079689 ], [ 121.136191492818114, 14.55938706736635 ], [ 121.136151599036609, 14.558867103530753 ], [ 121.136210622423349, 14.558102958503046 ], [ 121.136306650667876, 14.557748108882612 ], [ 121.136322013817505, 14.557630352228413 ], [ 121.136358050827496, 14.557509736330497 ], [ 121.136817201214996, 14.556664477572486 ], [ 121.137402990744619, 14.555586522263347 ], [ 121.137896110919328, 14.554644761160553 ], [ 121.13845222304262, 14.553561279567552 ], [ 121.138790508955992, 14.552886961979324 ], [ 121.139585315341165, 14.551326606382871 ], [ 121.13994889132961, 14.550612160656417 ], [ 121.140652936068548, 14.549280978358757 ], [ 121.141061181706945, 14.548660175305612 ], [ 121.142004569494858, 14.547287230248463 ], [ 121.142204275055576, 14.546977206331791 ], [ 121.144172402555682, 14.543882036989732 ], [ 121.144946739622227, 14.542833803030538 ], [ 121.145800488005108, 14.541507958166122 ], [ 121.146265280300995, 14.540868426030976 ], [ 121.1465342322103, 14.54034058623701 ], [ 121.146953460031526, 14.539767786751831 ], [ 121.147545170808598, 14.539169350834744 ], [ 121.148865056083693, 14.537632342712801 ], [ 121.149247067632714, 14.537179281922349 ], [ 121.149434877739708, 14.536912514897942 ], [ 121.149728237494088, 14.53647269519095 ], [ 121.149791206927787, 14.536377170037229 ], [ 121.150352901924464, 14.535437286379347 ], [ 121.150381050805777, 14.535384610818282 ], [ 121.150986649747878, 14.534379432148201 ], [ 121.151116276006888, 14.53416033515567 ], [ 121.151263843656281, 14.53392323364238 ], [ 121.15178867956952, 14.533048033874676 ], [ 121.152149962622445, 14.532813381402311 ], [ 121.152611439762921, 14.532496470641437 ], [ 121.152808663503961, 14.532316629125395 ], [ 121.153017460784127, 14.532186053067649 ], [ 121.153986171772303, 14.531625420140301 ], [ 121.154426568618518, 14.531385270999584 ], [ 121.154490386192705, 14.53134339692989 ], [ 121.155007673539345, 14.531033820581861 ], [ 121.155346286832966, 14.530784644859391 ], [ 121.155674210372609, 14.530456664763912 ], [ 121.155845372727953, 14.530185471760896 ], [ 121.156248051322549, 14.529405669913958 ], [ 121.156770277677253, 14.528334842233603 ], [ 121.157160587194753, 14.527615025135555 ], [ 121.157307657834025, 14.527293907073874 ], [ 121.157442107875085, 14.527010267392978 ], [ 121.157577700439475, 14.526719597159062 ], [ 121.157668122752426, 14.526401610367911 ], [ 121.157758136204421, 14.526000470670098 ], [ 121.157772234343952, 14.525664775061308 ], [ 121.157690579946745, 14.524801779838395 ], [ 121.157587698336854, 14.523841821782597 ], [ 121.157478777540661, 14.523090352217435 ], [ 121.15741860091002, 14.52246467785878 ], [ 121.157353376561346, 14.52197981665922 ], [ 121.157222316183621, 14.520885364780323 ], [ 121.157192442619433, 14.520496253478159 ], [ 121.157301518183658, 14.519991224775229 ], [ 121.157472023991716, 14.519378668596618 ], [ 121.157870665882555, 14.518770783295436 ], [ 121.158434825159915, 14.518183343897634 ], [ 121.159249149957532, 14.517352582574517 ], [ 121.159677002078567, 14.51691029393635 ], [ 121.160613596686588, 14.515956374978659 ], [ 121.161591771439831, 14.514990214576795 ], [ 121.162018668121277, 14.514527639187836 ], [ 121.162591385257372, 14.513941619192538 ], [ 121.163084283711711, 14.513412280529703 ], [ 121.163928379095125, 14.512507885986384 ], [ 121.164605254450464, 14.511790296178155 ], [ 121.164828391358327, 14.511454837560382 ], [ 121.165600948440414, 14.510133707987952 ], [ 121.166592266158915, 14.508487888785123 ], [ 121.166900238281201, 14.507959697873908 ], [ 121.167352781613388, 14.507220645456179 ], [ 121.167751894648561, 14.50659883386944 ], [ 121.168212787123011, 14.505971712818443 ], [ 121.168521036067261, 14.505485956079022 ], [ 121.169005054342151, 14.504819584403464 ], [ 121.169525079113797, 14.503981140774192 ], [ 121.169862888644005, 14.503507572778496 ], [ 121.170340201045931, 14.502855638640657 ], [ 121.170860137009484, 14.502075257460939 ], [ 121.171779626629018, 14.500737141046706 ], [ 121.17201055369317, 14.500478126824252 ], [ 121.172530629694592, 14.499964625489962 ], [ 121.175913596354675, 14.496492739519724 ], [ 121.176510254475303, 14.496009906061705 ], [ 121.177659696195576, 14.495217849602872 ], [ 121.17807633488961, 14.494917732260877 ], [ 121.178546158870461, 14.49461564106265 ], [ 121.179314097243989, 14.494089477306632 ], [ 121.180059111696224, 14.493555749770785 ], [ 121.180968545869035, 14.492937257775996 ], [ 121.181464992590847, 14.492590409888489 ], [ 121.181871342358704, 14.492294635944134 ], [ 121.182547816972729, 14.49171133412354 ], [ 121.183203367119404, 14.491137628477281 ], [ 121.183876627530921, 14.490509104725724 ], [ 121.18474446143189, 14.489691834103192 ], [ 121.185105185928848, 14.489147811211559 ], [ 121.185451395216276, 14.488512314986378 ], [ 121.186231371930987, 14.486951293427158 ], [ 121.186398877610074, 14.486581599439116 ], [ 121.186643277490063, 14.485352603740735 ], [ 121.186900392427631, 14.484106915826075 ], [ 121.187421883575595, 14.481656508078276 ], [ 121.187553343892318, 14.481026481144431 ], [ 121.187704628743901, 14.480301161000781 ], [ 121.187839614431098, 14.47961190484944 ], [ 121.1881962034048, 14.477874120218692 ], [ 121.188366688710005, 14.477105552890936 ], [ 121.188646001013097, 14.475830221589758 ], [ 121.188825683486399, 14.475280967032909 ], [ 121.189037730582143, 14.474264455104969 ], [ 121.189106935963579, 14.47351673130143 ], [ 121.18920428512665, 14.47201961659621 ], [ 121.189303253731637, 14.471629818508191 ], [ 121.1894067172597, 14.47132888872174 ], [ 121.189731466046467, 14.470545314704813 ], [ 121.189895293709483, 14.47016466762453 ], [ 121.190100358348474, 14.469718947213916 ], [ 121.19031157027122, 14.469223304051622 ], [ 121.190739418319495, 14.468272278281558 ], [ 121.190999228096075, 14.467622764838973 ] ] ] } },
{ "type": "Feature", "properties": { "Agency": "LTFRB", "Type": "PUJ", "Route_Code": "PUJ16B", "Route_Name": "Calumpang-Cubao via 20th Ave., P. Tuazon", "Route_Begi": "J. P. Rizal St, Marikina City", "Route_End": "General Romulo Ave. / Aurora Blvd. Intersection, Quezon City", "Schedule_T": "04:00-22:00", "Trip_Code": "T217", "Schedule_D": "Mondays to Sundays" }, "geometry": { "type": "MultiLineString", "coordinates": [ [ [ 121.055522780857018, 14.623740638831441 ], [ 121.056628917512469, 14.621116945019102 ], [ 121.057646455625786, 14.619330179965036 ], [ 121.057748706795053, 14.619402145830781 ], [ 121.057902773043281, 14.619510932322052 ], [ 121.058219135781854, 14.619683566902602 ], [ 121.058430558558044, 14.61974234373902 ], [ 121.058488236893282, 14.619781331956762 ], [ 121.059458896778807, 14.620136588870791 ], [ 121.059756664156737, 14.62023907718741 ], [ 121.060408675042694, 14.620444010600055 ], [ 121.061352343841989, 14.620710419166375 ], [ 121.061879348330578, 14.620891043961207 ], [ 121.062816628135877, 14.621195937480621 ], [ 121.062942553641022, 14.621229926026885 ], [ 121.063058371124995, 14.621262559524801 ], [ 121.063493569837917, 14.621432208115566 ], [ 121.063929966434458, 14.621608329110819 ], [ 121.06381756649445, 14.621866606026467 ], [ 121.063339201864864, 14.622873477262413 ], [ 121.063121387597207, 14.623317700570729 ], [ 121.063062424713181, 14.623487723378853 ], [ 121.06305048019702, 14.623723070959157 ], [ 121.063083145293263, 14.623826683932879 ], [ 121.063170214346172, 14.623989012977033 ], [ 121.063503221306263, 14.624291729346123 ], [ 121.063732527284088, 14.624423500503442 ], [ 121.063713846379741, 14.624462631001133 ], [ 121.063545192398337, 14.62470299826704 ], [ 121.063494018979256, 14.624775516394983 ], [ 121.063418564426556, 14.624960099228193 ], [ 121.063415171379731, 14.625222213809332 ], [ 121.063447110500093, 14.625345017518864 ], [ 121.063942872157568, 14.625314617637962 ], [ 121.064820651200989, 14.625258750803694 ], [ 121.064925781131365, 14.625280852727778 ], [ 121.06503255921227, 14.625375742170013 ], [ 121.065666584876283, 14.62604846260338 ], [ 121.065713425938299, 14.626091422085599 ], [ 121.065811136565387, 14.626235015856068 ], [ 121.06598251894178, 14.626764972417766 ], [ 121.066289191488764, 14.627675305000494 ], [ 121.066491239372027, 14.628394939271324 ], [ 121.067062796283579, 14.628497297707133 ], [ 121.067337710235876, 14.628586836880352 ], [ 121.067874246975094, 14.628819161421793 ], [ 121.069079626966712, 14.629388466795117 ], [ 121.069728468929497, 14.629687522290343 ], [ 121.072573802212801, 14.631022366975285 ], [ 121.073574196624108, 14.631516691670027 ], [ 121.074327757387934, 14.631898529959635 ], [ 121.075413771665239, 14.632472870493132 ], [ 121.075896572652638, 14.632719312946598 ], [ 121.076130035565185, 14.632783761227831 ], [ 121.076375201266913, 14.63280243699111 ], [ 121.07658877416398, 14.632771701790903 ], [ 121.077018069156821, 14.632675550694612 ], [ 121.077352566418156, 14.632522914237063 ], [ 121.077808604072601, 14.632246855740823 ], [ 121.07795647231292, 14.632139532407788 ], [ 121.078146967997114, 14.632053519367421 ], [ 121.078308045494651, 14.632025802662708 ], [ 121.078669726758221, 14.632091029708358 ], [ 121.079152894270962, 14.632157612713145 ], [ 121.079998174331081, 14.632260758231146 ], [ 121.080154519600825, 14.632289226274009 ], [ 121.081625512598535, 14.6325851101755 ], [ 121.082083005145819, 14.632709664162801 ], [ 121.082715903770264, 14.632898486008719 ], [ 121.082856384127055, 14.632934914676811 ], [ 121.083725051699687, 14.633207428311637 ], [ 121.08418284990924, 14.633343695696039 ], [ 121.084348976575612, 14.633397013358982 ], [ 121.084944633425437, 14.633582408701713 ], [ 121.08527065552471, 14.633703521188512 ], [ 121.085513432392617, 14.633812669752668 ], [ 121.086026012742479, 14.634063151106712 ], [ 121.086146049471068, 14.63411527177707 ], [ 121.086639050537528, 14.634365958542705 ], [ 121.087081129517642, 14.63459531098486 ], [ 121.087551306747457, 14.634818589447955 ], [ 121.08787807590339, 14.635006425705713 ], [ 121.088463814139359, 14.635257250182763 ], [ 121.088551028683185, 14.635304837578365 ], [ 121.089029452930859, 14.635544289109982 ], [ 121.089561596965552, 14.63580263137961 ], [ 121.089947136884348, 14.635981767703203 ], [ 121.090403592066835, 14.636203278817131 ], [ 121.090544298022266, 14.636233812058387 ], [ 121.090602423992095, 14.636234711297037 ], [ 121.090900741026104, 14.636215796620139 ], [ 121.091186234688706, 14.636188437001346 ], [ 121.091446779596794, 14.636160275542139 ], [ 121.094908642201773, 14.63590445220385 ], [ 121.095683360495414, 14.635835225470393 ], [ 121.097241985507722, 14.635715061067295 ], [ 121.097420896645971, 14.635713695904242 ], [ 121.097554370882719, 14.634403145935609 ], [ 121.097662300721595, 14.633661406938009 ], [ 121.097746404170806, 14.633106667421472 ], [ 121.097770112212089, 14.632839601110126 ], [ 121.097000016633984, 14.632721351660233 ], [ 121.096711685153934, 14.632700519636908 ], [ 121.096662849263012, 14.632685615533969 ], [ 121.096766601099077, 14.63213139699652 ], [ 121.096827221635905, 14.631917761768198 ], [ 121.097008787435627, 14.631240182700019 ], [ 121.097049134590392, 14.631119294635349 ], [ 121.097270651483441, 14.630316457181328 ], [ 121.097446706720518, 14.629661368176075 ], [ 121.097612994340423, 14.629065098526324 ], [ 121.097651740616911, 14.628801222974527 ], [ 121.097711960038168, 14.628407798787729 ], [ 121.097748454581534, 14.628102279552616 ], [ 121.097753863420465, 14.627226923340489 ], [ 121.097749047821907, 14.627156874257151 ], [ 121.09767813883505, 14.626471542122513 ], [ 121.097551430318248, 14.625936311606845 ], [ 121.097376472445276, 14.625350896408019 ], [ 121.097127865421029, 14.624751232820522 ], [ 121.096910503509633, 14.624514412622551 ], [ 121.096652042307426, 14.624289917094849 ], [ 121.096475646299453, 14.624172897870951 ], [ 121.096170308663034, 14.62399520351468 ], [ 121.096111099884197, 14.623958948191591 ], [ 121.096316182214707, 14.623458445295578 ], [ 121.096350789544246, 14.623390894283737 ], [ 121.096482721773555, 14.623051708891722 ], [ 121.096513170701115, 14.622980956158054 ], [ 121.096750615771128, 14.622414862292203 ], [ 121.096840315212589, 14.622197962648592 ], [ 121.09674454313749, 14.622157140727897 ], [ 121.096092630051075, 14.621872194949868 ], [ 121.095525576418126, 14.621683999531472 ], [ 121.09482257042302, 14.621485916323978 ], [ 121.09471098547148, 14.621473944634088 ], [ 121.094654081656444, 14.621469249427534 ], [ 121.093818051264066, 14.621514126648508 ] ] ] } },
{ "type": "Feature", "properties": { "Agency": "LTFRB", "Type": "PUJ", "Route_Code": "PUJ18B", "Route_Name": "Araneta Cubao- Cogeo, Rizal", "Route_Begi": "Mayor Ignacio Santos Diaz / N. Domingo Intersection, San Juan", "Route_End": "Marcos Hwy., Antipolo City", "Schedule_T": "04:00-22:00", "Trip_Code": "T247", "Schedule_D": "Mondays to Sundays" }, "geometry": { "type": "MultiLineString", "coordinates": [ [ [ 121.044819121173717, 14.617786846163183 ], [ 121.045016876925402, 14.618417077332602 ], [ 121.045203655590782, 14.618957071665596 ], [ 121.045418661653059, 14.619214464094243 ], [ 121.046020754638548, 14.619763482088761 ], [ 121.0463953992017, 14.620018365613465 ], [ 121.047318925945959, 14.620408740900011 ], [ 121.049777201217196, 14.62125626896273 ], [ 121.050232964386069, 14.621492546539214 ], [ 121.050743815281436, 14.621763591516522 ], [ 121.051664414120239, 14.622171990769033 ], [ 121.051798921836436, 14.622232777909421 ], [ 121.054684314117281, 14.623587495945769 ], [ 121.055633157153792, 14.624055733901674 ], [ 121.057318870245211, 14.624908010464273 ], [ 121.058856625240722, 14.625626145456794 ], [ 121.060475230348288, 14.626486420429393 ], [ 121.061815009631403, 14.627143553274834 ], [ 121.062496465037924, 14.627470048947952 ], [ 121.063055354585202, 14.627640231616901 ], [ 121.063501042107575, 14.627720014938895 ], [ 121.064012048283118, 14.627808671379006 ], [ 121.065293148956613, 14.628028889510029 ], [ 121.066630078446281, 14.628279354722913 ], [ 121.067269607173301, 14.628387599157033 ], [ 121.067913894588301, 14.628649986967373 ], [ 121.069231712834195, 14.629258429492387 ], [ 121.069666735641562, 14.629454192773862 ], [ 121.070389981904157, 14.629826018283621 ], [ 121.070994954197872, 14.630114551750173 ], [ 121.071842872009398, 14.630503593084143 ], [ 121.072129510911097, 14.630628008979494 ], [ 121.073085933926237, 14.631065512285664 ], [ 121.073862197064216, 14.631480607379482 ], [ 121.074210284235235, 14.631617636593706 ], [ 121.074350768385855, 14.631681236437908 ], [ 121.075611839034494, 14.632381779313597 ], [ 121.075884815973808, 14.632496317879605 ], [ 121.076047827231406, 14.632569109908349 ], [ 121.076172287255801, 14.632619624055142 ], [ 121.076424679521438, 14.632632516340159 ], [ 121.076827801252534, 14.632531341056394 ], [ 121.077077302660413, 14.6324488575474 ], [ 121.077332923334879, 14.632320263270289 ], [ 121.077553215042485, 14.632192465270755 ], [ 121.07824812884661, 14.631629369739109 ], [ 121.078892523530129, 14.630658081004981 ], [ 121.079312436389998, 14.630097367806867 ], [ 121.079405761417419, 14.62992927664564 ], [ 121.079756071209843, 14.629394527520468 ], [ 121.079918249590548, 14.629192195783711 ], [ 121.080398980700451, 14.628514535181118 ], [ 121.081236490159711, 14.627468907401491 ], [ 121.082191856347791, 14.626539952787212 ], [ 121.083433850186964, 14.625244019310067 ], [ 121.083378748395305, 14.625142685677899 ], [ 121.084107221341085, 14.624379199418042 ], [ 121.084313275700154, 14.624156989080182 ], [ 121.084494889584178, 14.62404361024891 ], [ 121.084977206987759, 14.623542036821748 ], [ 121.085676507438521, 14.622812868129028 ], [ 121.086423748091832, 14.622007122257275 ], [ 121.087087497842077, 14.621340120741479 ], [ 121.087438872102624, 14.620982056793972 ], [ 121.087881654555147, 14.620555019018525 ], [ 121.088257924833044, 14.620188152616613 ], [ 121.088931731497624, 14.619486726577168 ], [ 121.08955460726871, 14.618967558114951 ], [ 121.089855981459436, 14.618789446337233 ], [ 121.090268625499277, 14.618629612085725 ], [ 121.090870573924533, 14.61853030182893 ], [ 121.091227375083776, 14.61851089438791 ], [ 121.09185526652459, 14.618547236725956 ], [ 121.092188044326022, 14.618603268207199 ], [ 121.093117119828705, 14.618788404849521 ], [ 121.097903339981784, 14.619768694093382 ], [ 121.099748142753981, 14.620142998116634 ], [ 121.101311250292056, 14.620457140581777 ], [ 121.102045377905384, 14.620645587371039 ], [ 121.10297712250437, 14.620872709631316 ], [ 121.104975821768292, 14.621230863172972 ], [ 121.106377393925712, 14.621526713658161 ], [ 121.117290718460282, 14.623789879864217 ], [ 121.120597812198241, 14.624498365210105 ], [ 121.122327823417507, 14.624857915753326 ], [ 121.124472177671095, 14.625279389701619 ], [ 121.124765739516704, 14.625368758233735 ], [ 121.125042728656723, 14.625350579906664 ], [ 121.125467898193236, 14.625304135244267 ], [ 121.125815350754692, 14.625244336112518 ], [ 121.126829733207018, 14.625121816651873 ], [ 121.127536439205315, 14.62498118789474 ], [ 121.128317696062723, 14.624888372324273 ], [ 121.129658516685907, 14.62468837965184 ], [ 121.130854815329911, 14.62450660587047 ], [ 121.13171600253753, 14.624382186589084 ], [ 121.133298319953042, 14.624289338520443 ], [ 121.13347664110772, 14.624272381994903 ], [ 121.134038682369848, 14.624224193544066 ], [ 121.134118102467852, 14.62421849600025 ], [ 121.136722351611908, 14.624503336488145 ], [ 121.138198958344333, 14.624782002865613 ], [ 121.138590941485603, 14.624867361632342 ], [ 121.138838379730331, 14.624926477054478 ], [ 121.139686549212456, 14.62511892742158 ], [ 121.140136470886745, 14.625219885020886 ], [ 121.141470176143045, 14.625539280059201 ], [ 121.141862148484321, 14.625602396189262 ], [ 121.142262042475764, 14.625623691430333 ], [ 121.142970199914942, 14.625701103626888 ], [ 121.144535580618012, 14.625805885103826 ], [ 121.144863328131123, 14.625774433525647 ], [ 121.144997861083354, 14.625727867190742 ], [ 121.1454765843784, 14.625553925044121 ], [ 121.146351149055192, 14.625160888297263 ], [ 121.147093981080388, 14.624875059943909 ], [ 121.147385883247424, 14.624758553659891 ], [ 121.148239146131303, 14.62435732969228 ], [ 121.148628200464401, 14.624151601294859 ], [ 121.149159096111347, 14.62393592537042 ], [ 121.14923558514603, 14.623910459652311 ], [ 121.149517107042115, 14.623854057845719 ], [ 121.150094951050079, 14.623860626058732 ], [ 121.151146260028327, 14.62385602936482 ], [ 121.151837196795881, 14.623894585200819 ], [ 121.152408424559084, 14.623910054845043 ], [ 121.152616553014553, 14.623913319783787 ], [ 121.153148201194639, 14.623794306621265 ], [ 121.153624690180422, 14.623696704969879 ], [ 121.154408864372826, 14.623503755676348 ], [ 121.15509525370976, 14.62332809195844 ], [ 121.155942109447196, 14.623184241263248 ], [ 121.156605362598611, 14.623068378566275 ], [ 121.157306476472741, 14.62292924940612 ], [ 121.158103768363489, 14.622830786211219 ], [ 121.158416307823742, 14.622858440381144 ], [ 121.158720112138312, 14.622934656549619 ], [ 121.158986636361675, 14.62306577700466 ], [ 121.159416721822708, 14.623315191297445 ], [ 121.159707397021066, 14.623501779477376 ], [ 121.159944445111577, 14.623562737722938 ], [ 121.16035406713435, 14.623603181133108 ], [ 121.160683491547772, 14.623577678450932 ], [ 121.160827290756799, 14.623567278391397 ], [ 121.161320026648497, 14.623541930520167 ], [ 121.161771142087318, 14.623567689716003 ], [ 121.162023215094933, 14.623665300144385 ], [ 121.162137332539629, 14.623722773100626 ], [ 121.162672212811827, 14.624120225393678 ], [ 121.162852111091354, 14.624164822371068 ], [ 121.163068770319342, 14.624192919687335 ], [ 121.163239922387405, 14.624197682257178 ], [ 121.16342918857859, 14.624188102213234 ], [ 121.16411197423524, 14.623991594474157 ], [ 121.16432088976417, 14.623915279010038 ], [ 121.16447909711475, 14.623852769060342 ], [ 121.164684600343222, 14.623688348511811 ], [ 121.164743325784698, 14.623624373781217 ], [ 121.164793020886435, 14.623530040690419 ], [ 121.164866513327866, 14.623395858702052 ], [ 121.165068202074139, 14.622990756295689 ], [ 121.165251853957585, 14.622730084511065 ], [ 121.165324693871497, 14.62264543888457 ], [ 121.165470355819721, 14.622501167326444 ], [ 121.165853597365555, 14.622360677288416 ], [ 121.166132179358115, 14.622322298140997 ], [ 121.166511642857827, 14.622263023764416 ], [ 121.166729069829145, 14.622217664762529 ], [ 121.167129733901717, 14.622014242527351 ], [ 121.168331930338994, 14.621103734563125 ], [ 121.168498734966178, 14.620965984368585 ], [ 121.169052366293201, 14.620711614747412 ], [ 121.169464654628541, 14.620586136242341 ], [ 121.170053938819009, 14.620548862615887 ], [ 121.170269995206922, 14.620589235985877 ], [ 121.170860309730728, 14.6207019815572 ], [ 121.171226334549047, 14.62088514112021 ] ] ] } },
{ "type": "Feature", "properties": { "Agency": "LTFRB", "Type": "PUJ", "Route_Code": "PUJ21B", "Route_Name": "Cubao via Murphy-Crame", "Route_Begi": "Road 6, San Juan", "Route_End": "Araneta Center Jeepney Terminal (Telus), Cubao", "Schedule_T": "04:00-22:00", "Trip_Code": "T203", "Schedule_D": "Mondays to Sundays" }, "geometry": { "type": "MultiLineString", "coordinates": [ [ [ 121.051650695908805, 14.60556992283523 ], [ 121.050914681570632, 14.607482233415478 ], [ 121.050062768386198, 14.609670124000711 ], [ 121.050129856508576, 14.6096902285613 ], [ 121.050403706860948, 14.609751128788533 ], [ 121.050719160825906, 14.609850882606016 ], [ 121.050790390757527, 14.609868124066333 ], [ 121.06280467454765, 14.612681339693825 ], [ 121.06423048729755, 14.613027050461998 ], [ 121.064554556995319, 14.613107497475372 ], [ 121.064410871698215, 14.613482349159145 ], [ 121.064061103234707, 14.614337038469712 ], [ 121.063217088629699, 14.616267609781465 ], [ 121.063103781063802, 14.616508405083589 ], [ 121.062520874506305, 14.616274082679999 ], [ 121.062021200804011, 14.616081415566809 ], [ 121.06145220951926, 14.615856503456831 ], [ 121.061819466365108, 14.614972230927895 ], [ 121.06105817161172, 14.614685294883262 ], [ 121.060159977561739, 14.614328948872007 ], [ 121.059716744585401, 14.615294449541661 ], [ 121.059376166770534, 14.616033847839219 ], [ 121.058585387432586, 14.617764251865967 ], [ 121.057794813918022, 14.619442686670356 ], [ 121.057125186789861, 14.618970861354258 ], [ 121.05651517610022, 14.618526277488204 ], [ 121.056234508549551, 14.618444232470644 ], [ 121.055849286786156, 14.618204671901642 ], [ 121.055618775346062, 14.618099259857461 ], [ 121.054786732698574, 14.619764791597996 ], [ 121.054723969790047, 14.619889949057743 ], [ 121.054580859170684, 14.61981205715435 ], [ 121.053183762829718, 14.61908429747352 ], [ 121.053238469688822, 14.618990572900929 ], [ 121.053388668674316, 14.619062559480099 ], [ 121.054127268220128, 14.619429910484925 ], [ 121.054426393651212, 14.618761911831854 ], [ 121.05408819965912, 14.618585122230243 ], [ 121.05425277387063, 14.618284826143537 ] ] ] } },
{ "type": "Feature", "properties": { "Agency": "LTFRB", "Type": "PUJ", "Route_Code": "PUJ23B", "Route_Name": "Libis - Cubao via Murphy", "Route_Begi": "FVR Rd., Quezon City", "Route_End": "General Romulo Ave., Cubao", "Schedule_T": "04:00-22:00", "Trip_Code": "T270", "Schedule_D": "Mondays to Sundays" }, "geometry": { "type": "MultiLineString", "coordinates": [ [ [ 121.076836159891528, 14.616905866863386 ], [ 121.076601791026135, 14.616676695445385 ], [ 121.076436081829371, 14.616559125973112 ], [ 121.075982343500428, 14.616420030834156 ], [ 121.075578627553355, 14.616338750831071 ], [ 121.075025853541916, 14.616305454374041 ], [ 121.074567534711662, 14.61628757650967 ], [ 121.074321109799683, 14.616306963910485 ], [ 121.074134510586234, 14.61628263901391 ], [ 121.073965966713004, 14.616152723945978 ], [ 121.073677895507018, 14.615729277240929 ], [ 121.073503679837827, 14.61557467415993 ], [ 121.073237470741432, 14.615412831033337 ], [ 121.073068804187798, 14.615224189917026 ], [ 121.072985740884107, 14.615048369489251 ], [ 121.072616044506205, 14.614828244872562 ], [ 121.072043287682604, 14.614726166612297 ], [ 121.071525317685357, 14.614600944343923 ], [ 121.071114830133126, 14.6145974315847 ], [ 121.070805578576255, 14.614627219753498 ], [ 121.070564226852881, 14.614664629565416 ], [ 121.069701686938103, 14.614483266377254 ], [ 121.068714297243147, 14.614216914313248 ], [ 121.067491526477241, 14.613920327975661 ], [ 121.067352216037591, 14.613885244103924 ], [ 121.066365222681426, 14.6136423429878 ], [ 121.066263328128628, 14.613620842938399 ], [ 121.066201669267755, 14.613605973704157 ], [ 121.065297205286569, 14.613389579421099 ], [ 121.064501553159133, 14.613194930653432 ], [ 121.06418299876951, 14.613121458727669 ], [ 121.062822341118959, 14.612786285159688 ], [ 121.0627496711286, 14.612763964970682 ], [ 121.062658038658654, 14.612741586658558 ], [ 121.06104825290646, 14.612384133622058 ], [ 121.060852522301161, 14.612843811047512 ], [ 121.060165733211733, 14.614315290577077 ], [ 121.059800206027546, 14.615108603974527 ], [ 121.059439917813222, 14.615872737087075 ], [ 121.058947787974972, 14.616933418523534 ], [ 121.058317361611671, 14.618314692649584 ], [ 121.057832932327187, 14.619346184165121 ], [ 121.057260409369761, 14.620237510701651 ] ] ] } },
{ "type": "Feature", "properties": { "Agency": null, "Type": null, "Route_Code": "PUJ24B", "Route_Name": "Padilla - Cubao", "Route_Begi": "W Point / Columbia Intersection, Quezon City", "Route_End": "arcos Hwy., San Isidro, Antipolo City\n", "Schedule_T": null, "Trip_Code": "T248", "Schedule_D": "Mondays to Sundays" }, "geometry": { "type": "MultiLineString", "coordinates": [ [ [ 121.051751060293469, 14.624718259754795 ], [ 121.052669984113123, 14.622806952572109 ], [ 121.052153951837624, 14.622575652522325 ], [ 121.050264495633598, 14.626584901693159 ], [ 121.050788222456347, 14.62678662408937 ], [ 121.05137243945083, 14.627048179774969 ], [ 121.051960334380283, 14.627309420068567 ], [ 121.052460059263367, 14.627524076919851 ], [ 121.052948540488273, 14.627737287930557 ], [ 121.053518099581481, 14.627986863208282 ], [ 121.054109031231491, 14.628240624425541 ], [ 121.054716218487158, 14.628496603475529 ], [ 121.054812736892075, 14.628306790262625 ], [ 121.05485962919667, 14.628306393243689 ], [ 121.054986674666793, 14.628318390774325 ], [ 121.055168846546593, 14.628366564164594 ], [ 121.055417346453467, 14.628465588645513 ], [ 121.055481073657845, 14.628460146466033 ], [ 121.055794428349003, 14.62779848875469 ], [ 121.056196901560085, 14.626960875473745 ], [ 121.056283227095591, 14.626753895090305 ], [ 121.056537428822836, 14.626230760541105 ], [ 121.057192353773829, 14.624823263401932 ], [ 121.058181096180107, 14.625325615719847 ], [ 121.059352594270777, 14.625868869600344 ], [ 121.059808258685734, 14.62612214581794 ], [ 121.060181201753863, 14.62631394703901 ], [ 121.060620860881812, 14.626540331163159 ], [ 121.061127548112239, 14.626791050278248 ], [ 121.062096452602489, 14.627285462275095 ], [ 121.06270072252795, 14.627550087515548 ], [ 121.0635368946661, 14.627743193425497 ], [ 121.064281453150656, 14.627851534092066 ], [ 121.065184943897762, 14.62799679665358 ], [ 121.066150701965867, 14.628175214203084 ], [ 121.066868862071232, 14.628319471357386 ], [ 121.067253914664079, 14.628385171183101 ], [ 121.068778967590404, 14.629068919250949 ], [ 121.069394260538218, 14.629373469911343 ], [ 121.07357341682814, 14.631319010217016 ], [ 121.073731748767372, 14.631335538307463 ], [ 121.073966741584755, 14.631202420192196 ], [ 121.074003263725359, 14.630943173275153 ], [ 121.074003080392799, 14.630475429934807 ], [ 121.07407452567621, 14.630459703232232 ], [ 121.074279104219599, 14.630468670442504 ], [ 121.074296221572396, 14.631110526285052 ], [ 121.074348205523236, 14.631645989733084 ], [ 121.074420865550707, 14.631773853736039 ], [ 121.07454443657663, 14.63186369685484 ], [ 121.074849221020344, 14.632025228495731 ], [ 121.076070752330352, 14.632567734714998 ], [ 121.076299209421691, 14.632622851883912 ], [ 121.076599349395707, 14.632574853886421 ], [ 121.076856182849539, 14.632526443301513 ], [ 121.077204432237949, 14.63241670747135 ], [ 121.077733226282135, 14.632097337464138 ], [ 121.078130471436197, 14.631709248866663 ], [ 121.07844917072299, 14.631292402091772 ], [ 121.079746594976967, 14.629280371466875 ], [ 121.080326130097376, 14.628530982291341 ], [ 121.080733489577227, 14.628022377801535 ], [ 121.081116080187542, 14.62752671261889 ], [ 121.081395085172019, 14.627279195678911 ], [ 121.081935026371696, 14.626720772413195 ], [ 121.082800167198172, 14.625886227729024 ], [ 121.08340936707404, 14.625260551610696 ], [ 121.083378748395305, 14.625142685677899 ], [ 121.084163122685467, 14.624344740035024 ], [ 121.085145978964562, 14.623329967873888 ], [ 121.086405206587131, 14.622066088286006 ], [ 121.08704721678086, 14.621448416621726 ], [ 121.088600524668465, 14.61985814863597 ], [ 121.089324634068333, 14.619124021339449 ], [ 121.08969753272018, 14.618904534450538 ], [ 121.089899846103989, 14.618779003897407 ], [ 121.090445921745001, 14.618562737335182 ], [ 121.09076541581679, 14.618504139091328 ], [ 121.091042085590729, 14.618463633950107 ], [ 121.091764788113878, 14.618466735111937 ], [ 121.092209944434245, 14.618541680236467 ], [ 121.093130192084445, 14.618735903148693 ], [ 121.094110339868294, 14.618937021730865 ], [ 121.09451721184216, 14.619039288032996 ], [ 121.095619851968777, 14.619284030124136 ], [ 121.097364486785452, 14.61970690778217 ], [ 121.099495587860844, 14.620124746234191 ], [ 121.102045377905384, 14.620645587371039 ], [ 121.102448461136959, 14.620755807898453 ], [ 121.103401827301781, 14.620906272275132 ], [ 121.107006239915108, 14.621695541411581 ], [ 121.108917354012235, 14.622099468339675 ], [ 121.112490505134033, 14.622815576166929 ], [ 121.116194850397179, 14.623616591304113 ], [ 121.118341913055474, 14.624089215302705 ], [ 121.120555449491619, 14.624560582224305 ], [ 121.124456441477108, 14.625294469362833 ], [ 121.124833652208608, 14.625341507162837 ], [ 121.126083308119007, 14.625230801665602 ], [ 121.127058259708079, 14.625059459943703 ], [ 121.128317696062723, 14.624888372324273 ], [ 121.129963627827834, 14.624616824419981 ], [ 121.130854815329911, 14.62450660587047 ], [ 121.13171600253753, 14.624382186589084 ], [ 121.13182469058529, 14.62437070399826 ], [ 121.13300599656101, 14.624282655148692 ], [ 121.133475995307563, 14.624249574266607 ], [ 121.134035196250736, 14.624261009103114 ], [ 121.134111539203062, 14.624264130488546 ], [ 121.135224689189272, 14.62430406342353 ], [ 121.136554995415565, 14.624511659823272 ], [ 121.136822208269265, 14.624544060764899 ], [ 121.137699637943072, 14.624680457061748 ], [ 121.138188750502067, 14.62479724174881 ], [ 121.138602697810526, 14.624909047866044 ], [ 121.138840716222731, 14.624946355221859 ], [ 121.139447324908801, 14.625085528195452 ], [ 121.139981384500999, 14.625200859464442 ], [ 121.140133343315497, 14.625235625834835 ], [ 121.140696992523459, 14.625364050175214 ], [ 121.141019886284141, 14.625438568072182 ], [ 121.141358746232427, 14.625518931075472 ], [ 121.141754196683351, 14.625576402285335 ], [ 121.1421178072993, 14.625609547730987 ], [ 121.142700662030563, 14.625663569080652 ], [ 121.142973502590792, 14.625676240485207 ], [ 121.144624450147916, 14.625817206764719 ], [ 121.144861234402867, 14.62579990041262 ], [ 121.14495211842069, 14.625780680127235 ], [ 121.145123021935547, 14.625724532787752 ], [ 121.145494909193431, 14.625589815982893 ], [ 121.146048212474582, 14.625344537516368 ], [ 121.146404386121148, 14.625193129796916 ], [ 121.14690765702818, 14.624974988980666 ], [ 121.147120931903601, 14.624882136161109 ], [ 121.147386617467404, 14.624747509039516 ], [ 121.147838201333414, 14.624531395651237 ], [ 121.148445156558225, 14.624217174134127 ], [ 121.148608510490561, 14.624132210638226 ], [ 121.149166598054492, 14.623905753654864 ], [ 121.14934382346901, 14.623858079301442 ], [ 121.149522884648647, 14.623830689757474 ], [ 121.149854979095139, 14.623822636094491 ], [ 121.150515451824077, 14.623840516193427 ], [ 121.150899625600928, 14.623848434539351 ], [ 121.15097118762219, 14.623847704853707 ], [ 121.1513333760671, 14.623851496614252 ], [ 121.151673776453265, 14.623860163823126 ], [ 121.152563186016124, 14.623917314075221 ], [ 121.152769888021297, 14.623922422367141 ], [ 121.153159945842816, 14.623838442043045 ], [ 121.15361495985421, 14.623667116229576 ], [ 121.154645611899397, 14.623401891301301 ], [ 121.155584562211928, 14.623228707736745 ], [ 121.157237909295816, 14.622966539842556 ], [ 121.158134721508844, 14.622805380352965 ], [ 121.158443529127126, 14.622819755872651 ], [ 121.158866256805425, 14.622960234032998 ], [ 121.159728547608168, 14.623474832082607 ], [ 121.16002706105705, 14.623566448263087 ], [ 121.160235402018301, 14.623582832984034 ], [ 121.160743886733314, 14.623565632540576 ], [ 121.161701096613697, 14.623553194276235 ], [ 121.16194610889373, 14.623599497740988 ], [ 121.16238303288246, 14.623883051322192 ], [ 121.162661411122784, 14.62410686475147 ], [ 121.163012890867975, 14.624196935648088 ], [ 121.163219701343166, 14.624203227890957 ], [ 121.163561133316037, 14.624141442730648 ], [ 121.164345748909057, 14.623914135558678 ], [ 121.164628399291459, 14.62376239852472 ], [ 121.164792941780803, 14.623547450609273 ], [ 121.164945196557881, 14.623265014969402 ], [ 121.165251853957585, 14.622730084511065 ], [ 121.165449708711151, 14.622549489917784 ], [ 121.165552395803402, 14.622469723748216 ], [ 121.165770740735326, 14.622412492804212 ], [ 121.166306149843635, 14.622283539789114 ], [ 121.166729069829145, 14.622217664762529 ], [ 121.167591670995748, 14.621706630321391 ], [ 121.168183103223896, 14.621258940436377 ], [ 121.168943732205662, 14.620868974413765 ], [ 121.169630125696514, 14.620600740683074 ], [ 121.170434628742584, 14.620643347990331 ], [ 121.170840801714974, 14.620791729900072 ], [ 121.172125788343294, 14.621430139841008 ], [ 121.172984589201022, 14.621967236943574 ], [ 121.173788195567454, 14.622546560582943 ], [ 121.174275898046517, 14.622698054685554 ], [ 121.174864392648061, 14.622705214408509 ], [ 121.175618967865717, 14.622419120962213 ], [ 121.176335043184224, 14.622181077859045 ], [ 121.176774677718555, 14.622159194974103 ], [ 121.177137775711941, 14.622226089549732 ], [ 121.178376902903182, 14.622489985423606 ], [ 121.179157575031425, 14.622600871070793 ], [ 121.17943014030223, 14.622548584754442 ], [ 121.18066182279513, 14.62251969879075 ], [ 121.182185819886627, 14.622424794169623 ], [ 121.184544022294801, 14.622268395235595 ], [ 121.185797485830221, 14.622193113721686 ], [ 121.186263545225472, 14.622211972065777 ], [ 121.186951483203529, 14.622307956008525 ], [ 121.187645873446741, 14.622406990790418 ] ] ] } },
{ "type": "Feature", "properties": { "Agency": "LTFRB", "Type": "PUJ", "Route_Code": "PUJ26B", "Route_Name": "QMC via Ybardolaza - Cubao", "Route_Begi": "P.A. Bernardo, Quezon City", "Route_End": "Elliptical Rd. / Commonwealth Ave. Intersection, Quezon City", "Schedule_T": "04:00-22:00", "Trip_Code": "T245", "Schedule_D": "Mondays to Sundays" }, "geometry": { "type": "MultiLineString", "coordinates": [ [ [ 121.048907228322918, 14.619187952288829 ], [ 121.048430506428119, 14.619350907340541 ], [ 121.047932661121891, 14.618503889075402 ], [ 121.047849160288067, 14.618381910690307 ], [ 121.047407201897371, 14.617698749809851 ], [ 121.047030614122221, 14.617218686532249 ], [ 121.046588486225232, 14.616670072413285 ], [ 121.046542634100206, 14.616613776644401 ], [ 121.046468420061871, 14.616666230058566 ], [ 121.044775574111171, 14.617685695857004 ], [ 121.044911327402943, 14.618112231212757 ], [ 121.044838121405149, 14.618146663136447 ], [ 121.044500879484389, 14.618726304522474 ], [ 121.044127443583804, 14.619342342062442 ], [ 121.043691556149113, 14.620112312019177 ], [ 121.042972551063414, 14.621310618511863 ], [ 121.043383738968728, 14.62172773858927 ], [ 121.043869739637032, 14.622141454034233 ], [ 121.045088317107911, 14.623125286294195 ], [ 121.043944244242013, 14.623759700076551 ], [ 121.042487200595417, 14.624483589792634 ], [ 121.041728216579074, 14.624671979183098 ], [ 121.041054400480107, 14.624754839919524 ], [ 121.040078257060301, 14.624707267604027 ], [ 121.039687633841311, 14.62540816026754 ], [ 121.039614344348067, 14.62558577882551 ], [ 121.039382753646407, 14.626287062908741 ], [ 121.039111198904962, 14.627158294050238 ], [ 121.038918087770199, 14.62784860759646 ], [ 121.038629111879601, 14.628818684528349 ], [ 121.038540758985974, 14.629123428329304 ], [ 121.0385501278204, 14.629373715992219 ], [ 121.038619556756572, 14.629618879041576 ], [ 121.038753865905633, 14.630263319990634 ], [ 121.03885982782181, 14.630797446670339 ], [ 121.038989292202388, 14.63132956795566 ], [ 121.039056743948493, 14.6316696978039 ], [ 121.039108769553721, 14.631867665576713 ], [ 121.039232325963795, 14.632392604544963 ], [ 121.039581474604816, 14.633874459330787 ], [ 121.039759275722147, 14.633861850075469 ], [ 121.040783396585667, 14.63363354520024 ], [ 121.041578538261462, 14.633463207684303 ], [ 121.042672568723816, 14.633193058725578 ], [ 121.04376902082565, 14.632979064296993 ], [ 121.044493735803755, 14.632932584467115 ], [ 121.045076640313383, 14.63321078456411 ], [ 121.045241815384131, 14.633642495173659 ], [ 121.045395341477672, 14.634295542147719 ], [ 121.045622741157118, 14.63535990901984 ], [ 121.045677291632799, 14.635585843618237 ], [ 121.045700514194067, 14.63566841140376 ], [ 121.045995711286693, 14.63690121536691 ], [ 121.046222480447739, 14.637870837319726 ], [ 121.046266730384019, 14.637982355706686 ], [ 121.046965137049909, 14.641092083135419 ], [ 121.047156313154588, 14.642133919821648 ], [ 121.047177383404204, 14.64222179546808 ], [ 121.047422666978022, 14.643301929042085 ], [ 121.047455462124432, 14.643468870059273 ], [ 121.047625713308193, 14.64411024003941 ], [ 121.047866232405539, 14.645035131325166 ], [ 121.048115899386474, 14.646083504336964 ], [ 121.048312311684143, 14.647051873109842 ], [ 121.048436631923778, 14.647570338534377 ], [ 121.048555359288628, 14.648125947407696 ], [ 121.048665496559408, 14.648270757723219 ], [ 121.04874303749807, 14.648328191685268 ], [ 121.048879863653212, 14.648401061871731 ], [ 121.049094048440523, 14.648514727632351 ], [ 121.049408851091755, 14.648489135991797 ], [ 121.049918165465343, 14.648461030865102 ], [ 121.050674068428989, 14.648627884441568 ], [ 121.051087724729484, 14.648859986998513 ], [ 121.051400838637861, 14.649188922712623 ], [ 121.051771336138756, 14.649767076872097 ], [ 121.051863787976998, 14.649946218705466 ], [ 121.051923479103337, 14.650199896837689 ], [ 121.051962410313664, 14.650632133685397 ], [ 121.0518915071642, 14.651481124772898 ], [ 121.051797984555947, 14.651845243920562 ], [ 121.051703818644, 14.652260660323943 ], [ 121.05137854365627, 14.652944332476963 ], [ 121.050928330006698, 14.653438824570635 ], [ 121.050186990946969, 14.65397354060361 ], [ 121.049857467700562, 14.654142586826774 ], [ 121.049378625429199, 14.654319254519267 ], [ 121.048781827631387, 14.654457309567732 ], [ 121.048011965826547, 14.65435392348448 ], [ 121.047562074599284, 14.654136112372376 ], [ 121.047331095912, 14.653967511734589 ], [ 121.047105573447723, 14.653727987010134 ], [ 121.046863215859887, 14.653447624097627 ], [ 121.046676464557024, 14.653039533405032 ], [ 121.046614667668734, 14.652850087034675 ], [ 121.046512525706277, 14.652300263724278 ], [ 121.046470341179287, 14.652065587445449 ], [ 121.046627632980659, 14.651152859873376 ], [ 121.04671602611927, 14.650907038606533 ], [ 121.046851104173214, 14.65047499960988 ], [ 121.046794884637521, 14.650314223819267 ], [ 121.046728698666229, 14.650178316019101 ], [ 121.046655581320209, 14.650075026262027 ], [ 121.046210780907657, 14.649738280923819 ], [ 121.045962968593059, 14.649601861466502 ], [ 121.044021120933778, 14.648494217407503 ], [ 121.040674162487363, 14.646335571919392 ], [ 121.04077506036981, 14.646184765374912 ], [ 121.04085561192386, 14.646085656062615 ], [ 121.041386976970358, 14.646419507579317 ], [ 121.042333962781697, 14.647029188335923 ], [ 121.043317213465542, 14.647690856299139 ], [ 121.044459789376987, 14.648441407901714 ], [ 121.045124760228148, 14.648856085538538 ], [ 121.046088606054653, 14.649433568288872 ], [ 121.046733313444619, 14.649769264605141 ], [ 121.046928076755322, 14.649798759130887 ], [ 121.047182358239766, 14.649773212105933 ], [ 121.047430482976324, 14.649635457164527 ], [ 121.047935012951498, 14.649115838439837 ] ] ] } },
{ "type": "Feature", "properties": { "Agency": "LTFRB", "Type": "PUJ", "Route_Code": "PUJ27B", "Route_Name": "Cubao - Remedios via Quiapo L Guinto", "Route_Begi": "Remedios Jeepney Area, City of Manila", "Route_End": "Aurora Blvd. / General Aguinaldo Ave. Intersection, Quezon City", "Schedule_T": "04:00-22:00", "Trip_Code": "T3143", "Schedule_D": "Mondays to Sundays" }, "geometry": { "type": "MultiLineString", "coordinates": [ [ [ 120.989084001489772, 14.57179044950316 ], [ 120.989965988378614, 14.572258718763385 ], [ 120.99073327977915, 14.572630226964158 ], [ 120.991154167688023, 14.572835227517924 ], [ 120.990825498759889, 14.573452488819173 ], [ 120.99043920583189, 14.574160485095073 ], [ 120.989117401579833, 14.576491775496953 ], [ 120.988482126511755, 14.57762064722132 ], [ 120.988078013461617, 14.578364743079476 ], [ 120.987623736160856, 14.579136166822128 ], [ 120.987323645996184, 14.57898749055625 ], [ 120.986868112170157, 14.578748281553098 ], [ 120.986682552525622, 14.579084335650341 ], [ 120.986141229769544, 14.58004379129533 ], [ 120.984781957934473, 14.582412826167836 ], [ 120.984696208917782, 14.582571286454046 ], [ 120.983105469469123, 14.585395559895034 ], [ 120.98263699103822, 14.586214296507105 ], [ 120.981444461779205, 14.588316751077137 ], [ 120.981103548964569, 14.589355214167178 ], [ 120.980648436224953, 14.590674972488705 ], [ 120.980287285427508, 14.5920597531595 ], [ 120.979901969335813, 14.593827695709571 ], [ 120.979953678996594, 14.594096155697537 ], [ 120.980177749868403, 14.594306395132358 ], [ 120.980460377748159, 14.594465534797825 ], [ 120.981220809383814, 14.594979857012216 ], [ 120.981733013037925, 14.595337235976267 ], [ 120.983022705585284, 14.59618634244489 ], [ 120.983526644535999, 14.596517519540415 ], [ 120.983674216195055, 14.59662281624021 ], [ 120.983743788056515, 14.596709130031263 ], [ 120.983828830635701, 14.596931197780727 ], [ 120.983950722023096, 14.59749793013342 ], [ 120.984096247194969, 14.598174101062092 ], [ 120.98425632512334, 14.598961123869719 ], [ 120.984312813420246, 14.599238784411181 ], [ 120.984564606839086, 14.600439461811064 ], [ 120.984601727531029, 14.600625895643354 ], [ 120.984765877095683, 14.601370297645456 ], [ 120.984962705091178, 14.602647390364286 ], [ 120.985184481251679, 14.603601461007734 ], [ 120.985351418242686, 14.604413520299843 ], [ 120.985408878042691, 14.604636013583455 ], [ 120.985507745327311, 14.604726239055021 ], [ 120.985679766469147, 14.604781415447942 ], [ 120.986182298767787, 14.604898775726141 ], [ 120.987196168090776, 14.60514363256943 ], [ 120.987839320721193, 14.605288732947457 ], [ 120.98799635436913, 14.605338137685749 ], [ 120.988142464089506, 14.605456366946749 ], [ 120.988593014078759, 14.605844601976004 ], [ 120.989293654162495, 14.606439572743525 ], [ 120.989947677178947, 14.606998797812462 ], [ 120.990808333209259, 14.607808167807541 ], [ 120.991396351594375, 14.608379413332715 ], [ 120.992123570635684, 14.609009978386272 ], [ 120.992842176397829, 14.609698774105922 ], [ 120.992950644468337, 14.60979330362402 ], [ 120.993582163881484, 14.610380056556057 ], [ 120.994485701792328, 14.611183202089448 ], [ 120.994539879455004, 14.611229830808144 ], [ 120.994616263136436, 14.611290994265552 ], [ 120.995043225023835, 14.611692984368661 ], [ 120.995104387405334, 14.611744142420708 ], [ 120.995146244417896, 14.611785414858037 ], [ 120.996052533637169, 14.612619065845102 ], [ 120.99654072502743, 14.613074539731612 ], [ 120.997090816516248, 14.613574702348847 ], [ 120.997946287115056, 14.614355027641922 ], [ 120.998047268664649, 14.614454035761961 ], [ 120.998109966439614, 14.614507624467951 ], [ 120.99897135168338, 14.615295129121559 ], [ 120.99916001739328, 14.615462251006768 ], [ 120.999376736317984, 14.615648761394631 ], [ 120.999826542574155, 14.616057537809345 ], [ 121.000182922691423, 14.616378192087568 ], [ 121.000586564070872, 14.616756310766934 ], [ 121.001137050673023, 14.61721671936823 ], [ 121.001531745131572, 14.617561641834497 ], [ 121.001747665465686, 14.617584895032449 ], [ 121.001874485057627, 14.617638556360978 ], [ 121.002000838353197, 14.617716503960335 ], [ 121.002269947435508, 14.617782528215978 ], [ 121.002893687526409, 14.617842774098444 ], [ 121.004419767079384, 14.617981803963314 ], [ 121.006374835944257, 14.618158579296214 ], [ 121.007885686259982, 14.61826066240037 ], [ 121.008971742009166, 14.61836264098374 ], [ 121.009992413338111, 14.618433244901674 ], [ 121.010548306646186, 14.618470428043461 ], [ 121.010906466364602, 14.618488589459648 ], [ 121.01176041334999, 14.618563143783422 ], [ 121.012950097302422, 14.618655202039879 ], [ 121.013887212697384, 14.618732909583391 ], [ 121.014352106688818, 14.618767590538639 ], [ 121.014651857914089, 14.618794567207031 ], [ 121.015048306571472, 14.618858138893266 ], [ 121.015369781874341, 14.618951158629351 ], [ 121.016047447664207, 14.619186760931939 ], [ 121.019733248485934, 14.62033682423802 ], [ 121.020536851070062, 14.620597547845307 ], [ 121.021530442777632, 14.620922777616435 ], [ 121.022259774067606, 14.621147552923636 ], [ 121.025069911511522, 14.622010295057954 ], [ 121.026123412392622, 14.622343208404295 ], [ 121.027031107102601, 14.622634747091251 ], [ 121.028448471159834, 14.623092909218268 ], [ 121.031038692552784, 14.623894272500713 ], [ 121.031393556258166, 14.623978018163736 ], [ 121.031727034082635, 14.623999534779486 ], [ 121.032451827990869, 14.62402738455013 ], [ 121.033006890969276, 14.624069710646401 ], [ 121.034230969659049, 14.624177945306851 ], [ 121.035055193106245, 14.624243422892619 ], [ 121.035145805817749, 14.62425618945646 ], [ 121.035197640297355, 14.624262015797798 ], [ 121.036885762377793, 14.624380608903579 ], [ 121.038479581874938, 14.624525811749768 ], [ 121.039124563642247, 14.624558529440707 ], [ 121.04017227735568, 14.624643991122451 ], [ 121.041154999623558, 14.624701686873948 ], [ 121.041546000035396, 14.624660633128016 ], [ 121.042049572644657, 14.624576664129911 ], [ 121.042661004354756, 14.624368193580031 ], [ 121.043389263995778, 14.623996023265432 ], [ 121.045602365880029, 14.62281430783664 ], [ 121.04833098096934, 14.621425865731618 ], [ 121.048416696068074, 14.621340403441883 ], [ 121.048568999958675, 14.621176235831941 ], [ 121.048742007445966, 14.621066667333183 ], [ 121.04925975128215, 14.621162101800952 ], [ 121.049911966515182, 14.621392095597969 ], [ 121.052366685305586, 14.62242641943195 ] ] ] } },
{ "type": "Feature", "properties": { "Agency": "LTFRB", "Type": "PUJ", "Route_Code": "PUJ29B", "Route_Name": "Silangan (San Mateo) via Woodland - Cubao", "Route_Begi": "Durian St.", "Route_End": "Araneta Center Jeepney Terminal (Telus), Cubao", "Schedule_T": "04:00-22:00", "Trip_Code": "T275", "Schedule_D": "Mondays to Sundays" }, "geometry": { "type": "MultiLineString", "coordinates": [ [ [ 121.153792528474867, 14.659319406962508 ], [ 121.153842432115425, 14.659121557126999 ], [ 121.153790855734854, 14.658926413477003 ], [ 121.153653972268231, 14.658716832639699 ], [ 121.153561406439223, 14.658639246090349 ], [ 121.153336093975753, 14.658610563721894 ], [ 121.153150836478005, 14.658598701080669 ], [ 121.152793725864257, 14.658578326717519 ], [ 121.15252027893618, 14.658588285927744 ], [ 121.152193753891069, 14.658590795058442 ], [ 121.152222583872643, 14.658177178168028 ], [ 121.15222119378582, 14.657685126119134 ], [ 121.152208740774384, 14.657615670115046 ], [ 121.152159447468534, 14.657547874714208 ], [ 121.151975365126674, 14.6572680671458 ], [ 121.151895442623555, 14.657168387836556 ], [ 121.151832877482079, 14.657124239003847 ], [ 121.151708104975029, 14.657056917904914 ], [ 121.15159975674915, 14.656932668158626 ], [ 121.151455159612922, 14.656748506722815 ], [ 121.151182965487763, 14.656414737504619 ], [ 121.151102727355891, 14.656328589745963 ], [ 121.150836806157528, 14.656234365455466 ], [ 121.150717566114338, 14.656177072843425 ], [ 121.150591809727558, 14.656064819972464 ], [ 121.150350956257867, 14.655855905234166 ], [ 121.150070977591028, 14.655572320016434 ], [ 121.149940815317649, 14.655445439639905 ], [ 121.149737289669858, 14.655308347792113 ], [ 121.149544329426107, 14.655219866520863 ], [ 121.149339491756905, 14.655153411418363 ], [ 121.149125472084791, 14.655138761620531 ], [ 121.148916128469438, 14.655141716706739 ], [ 121.148697116375615, 14.655122993269273 ], [ 121.14853091190885, 14.655108742325394 ], [ 121.148401629227735, 14.655161848193654 ], [ 121.148354751440223, 14.655222889651847 ], [ 121.148276916528175, 14.655367615028192 ], [ 121.14824321711049, 14.655438029527499 ], [ 121.148173849696803, 14.655488996157001 ], [ 121.148093688737475, 14.655522882487418 ], [ 121.148003232454187, 14.65551113587853 ], [ 121.147920968283429, 14.655453670834207 ], [ 121.147814960945141, 14.655338221830887 ], [ 121.147731671908346, 14.655201317070986 ], [ 121.147682837960119, 14.655070459592471 ], [ 121.14755754121812, 14.654895143951844 ], [ 121.147441367727978, 14.654786569014004 ], [ 121.147184018278736, 14.65451454407606 ], [ 121.147084668327807, 14.6544045257666 ], [ 121.146997998466276, 14.654332433182956 ], [ 121.146834004230087, 14.654274476394603 ], [ 121.146689528355097, 14.654244855540593 ], [ 121.146594127328555, 14.65421252532748 ], [ 121.146514289605619, 14.654181861052775 ], [ 121.146473541913736, 14.654140340908315 ], [ 121.146432976064915, 14.654083799960793 ], [ 121.146420929352843, 14.654018810486935 ], [ 121.146407083763989, 14.653950974285165 ], [ 121.146383435241546, 14.653859970685394 ], [ 121.146391452248437, 14.653778254897308 ], [ 121.14648161052088, 14.653650479290558 ], [ 121.146629850601315, 14.653432191541855 ], [ 121.146682266306215, 14.653330161325602 ], [ 121.14668726509251, 14.653283216389346 ], [ 121.146676929532404, 14.653203074932415 ], [ 121.146589990768348, 14.653128004263406 ], [ 121.1464869433958, 14.653096329972181 ], [ 121.146341026643213, 14.653084838802803 ], [ 121.146279838090251, 14.65302181404849 ], [ 121.146244153653512, 14.652959602524286 ], [ 121.146118229332231, 14.652785840611715 ], [ 121.146045395378479, 14.652687802292457 ], [ 121.145949647846194, 14.65255796781082 ], [ 121.145857680022587, 14.652418805952987 ], [ 121.145829824493703, 14.652340917612705 ], [ 121.145797673952984, 14.652258145879181 ], [ 121.145785583719459, 14.652184156999814 ], [ 121.145792209185586, 14.651908243296624 ], [ 121.145765586355324, 14.65169070087496 ], [ 121.145710858964719, 14.651409546401906 ], [ 121.145685028158681, 14.651328483330582 ], [ 121.145632999513253, 14.651221907896504 ], [ 121.145599990261857, 14.651172221240474 ], [ 121.145524384749464, 14.651120186398394 ], [ 121.145386725841789, 14.651089229881546 ], [ 121.145182337880456, 14.651061746414157 ], [ 121.144740236395421, 14.650970623995843 ], [ 121.144567810185762, 14.650921641948766 ], [ 121.144516964309616, 14.650887740038376 ], [ 121.1443795487709, 14.650723215868506 ], [ 121.144188215854953, 14.650456779496016 ], [ 121.144067869540905, 14.650302044969246 ], [ 121.143898870230771, 14.650197249335921 ], [ 121.143705354200904, 14.650111062151481 ], [ 121.143423563881271, 14.650028694906009 ], [ 121.143357488663469, 14.650022358080626 ], [ 121.14321831782604, 14.650034294812727 ], [ 121.142961407037077, 14.650073585882861 ], [ 121.142868342422702, 14.650075565842121 ], [ 121.142765276985386, 14.650026635631376 ], [ 121.142487075802066, 14.649856179134003 ], [ 121.142376518514126, 14.649826647795118 ], [ 121.142215758462072, 14.649829931935507 ], [ 121.142011023988232, 14.649875250639397 ], [ 121.141748277574706, 14.649986315457015 ], [ 121.141378960861829, 14.650324844985583 ], [ 121.141225478989739, 14.650383023369782 ], [ 121.141003358292807, 14.650432082969223 ], [ 121.140878268165594, 14.650429306047785 ], [ 121.140615139825954, 14.650382847932203 ], [ 121.140442734796949, 14.650351117059255 ], [ 121.14031426905693, 14.650362133977454 ], [ 121.140166722036, 14.650434807851585 ], [ 121.139896651858294, 14.65077157603125 ], [ 121.13947712298777, 14.651313226587712 ], [ 121.138913085939961, 14.652029323677324 ], [ 121.138552263112217, 14.652504416908778 ], [ 121.138478575635872, 14.652558752028193 ], [ 121.138409302185565, 14.65257669624701 ], [ 121.138278988585284, 14.652601375023242 ], [ 121.138193217482794, 14.652556211636822 ], [ 121.138118469100021, 14.652496598414666 ], [ 121.138063411765827, 14.652501319413956 ], [ 121.137969612235949, 14.652588889733481 ], [ 121.137823188229788, 14.652656964091873 ], [ 121.137534223904908, 14.652699747555829 ], [ 121.13737508224996, 14.652695386836394 ], [ 121.1371979052808, 14.652679067775301 ], [ 121.137133876021096, 14.652806099552661 ], [ 121.136983193818494, 14.653048598198717 ], [ 121.13692988728981, 14.653072675493734 ], [ 121.136733914389978, 14.653018954267175 ], [ 121.136340882583653, 14.652950617834431 ], [ 121.136134473679576, 14.652900791925269 ], [ 121.135984729656826, 14.652915131195604 ], [ 121.135798319559328, 14.652967125836357 ], [ 121.135152087783368, 14.653166580158336 ], [ 121.134564057927093, 14.653379049030914 ], [ 121.134270980636387, 14.653521214815619 ], [ 121.134102744871228, 14.653680437158355 ], [ 121.133845031177259, 14.654017638399575 ], [ 121.133427337479361, 14.654494596889192 ], [ 121.133233798119576, 14.654655237403585 ], [ 121.133060150100945, 14.654763155129375 ], [ 121.132945801802379, 14.654793964712828 ], [ 121.132789659763731, 14.654856866671709 ], [ 121.132393518504117, 14.655043877066886 ], [ 121.132098403035556, 14.655240232966307 ], [ 121.131842820318482, 14.655464710500523 ], [ 121.131671825798847, 14.655567898089476 ], [ 121.131511046464084, 14.655647702244408 ], [ 121.131324229013089, 14.655695226407309 ], [ 121.13117192434791, 14.655681272171501 ], [ 121.130961868379032, 14.65564225776437 ], [ 121.130800483875959, 14.65559607031612 ], [ 121.130680969885915, 14.655586807691931 ], [ 121.130560195806169, 14.655580654036026 ], [ 121.13038384260993, 14.655709808622419 ], [ 121.130089819178892, 14.656054618741134 ], [ 121.129535551123382, 14.65674284300585 ], [ 121.129067216832482, 14.657324666930011 ], [ 121.128206483901195, 14.658424784095187 ], [ 121.128008892692606, 14.658353187908343 ], [ 121.12753999172871, 14.658178799957259 ], [ 121.127385079115626, 14.658153062552646 ], [ 121.127180686698367, 14.658125563320318 ], [ 121.127068452258442, 14.65814568508784 ], [ 121.126906629909996, 14.65824808278432 ], [ 121.126807341393146, 14.658309109250464 ], [ 121.126678859244393, 14.658371136922984 ], [ 121.126471187190589, 14.658324411493609 ], [ 121.12641541753321, 14.658287176395881 ], [ 121.126355194262928, 14.658251823443051 ], [ 121.126118766162179, 14.658057511069194 ], [ 121.125545748028188, 14.657413379181337 ], [ 121.124916829624198, 14.656730521378877 ], [ 121.124873479193894, 14.656677216692575 ], [ 121.124718419077922, 14.656513443508421 ], [ 121.124527008563234, 14.656373792101611 ], [ 121.12429075584005, 14.656215475282295 ], [ 121.124020086036637, 14.65608561590016 ], [ 121.123940250703413, 14.656054943860726 ], [ 121.123900669555226, 14.656043330266327 ], [ 121.123640425075351, 14.655960593431365 ], [ 121.123264533330143, 14.655877261629875 ], [ 121.122888593029018, 14.655810438981641 ], [ 121.122443426030244, 14.655745045437676 ], [ 121.122282446965428, 14.655703318991405 ], [ 121.122181016888746, 14.655689501623904 ], [ 121.12211390664541, 14.655680246342932 ], [ 121.121703072114741, 14.655568395234651 ], [ 121.121437629049964, 14.655411076101512 ], [ 121.121010204884456, 14.655081571209365 ], [ 121.120662787554437, 14.654818736199863 ], [ 121.119629129507103, 14.654039995737172 ], [ 121.119565495055426, 14.653983926332128 ], [ 121.119193843708373, 14.653691654793384 ], [ 121.118750692349906, 14.653324480349367 ], [ 121.118652298989218, 14.65322487260727 ], [ 121.118220445402414, 14.65265866281044 ], [ 121.118035486180545, 14.652385659275229 ], [ 121.117733344255726, 14.651881862351367 ], [ 121.117521814258481, 14.651476839327415 ], [ 121.117383094325618, 14.651127100121395 ], [ 121.117141451074218, 14.650636126486271 ], [ 121.117063079806954, 14.650348740575543 ], [ 121.116937849870283, 14.650020353245447 ], [ 121.117035392060828, 14.649752410792129 ], [ 121.117138014789433, 14.649318977543869 ], [ 121.117139413332907, 14.649129794121757 ], [ 121.117080238250679, 14.648884278569417 ], [ 121.116899683186858, 14.648557629230524 ], [ 121.116738077680296, 14.64835539905129 ], [ 121.116541553029236, 14.648210177960172 ], [ 121.116312948092585, 14.648102216143258 ], [ 121.116236579058551, 14.648075746358179 ], [ 121.116041373427365, 14.648047451261274 ], [ 121.115807261278533, 14.648014985908688 ], [ 121.11538820460656, 14.648101895733033 ], [ 121.115144556723237, 14.648236802402604 ], [ 121.114985341672551, 14.648350972737807 ], [ 121.114897432441168, 14.648418522158925 ], [ 121.114826565724499, 14.648504118441517 ], [ 121.114658890452972, 14.648797573062049 ], [ 121.114597817011784, 14.649093901507211 ], [ 121.114567344537804, 14.649336591940202 ], [ 121.114589202796779, 14.649510278782184 ], [ 121.114629856495782, 14.649684568507864 ], [ 121.114745576285912, 14.64992753047164 ], [ 121.11470448916883, 14.650001573115009 ], [ 121.114624127128025, 14.65010148705206 ], [ 121.114534064499935, 14.650145212637312 ], [ 121.114328017121679, 14.650116344026642 ], [ 121.114008513425659, 14.65014520816508 ], [ 121.113764338342193, 14.650223139158026 ], [ 121.113639956678924, 14.650262301025901 ], [ 121.112841652840075, 14.650552742230985 ], [ 121.112014253522091, 14.65081116055771 ], [ 121.111880902866858, 14.650833455255119 ], [ 121.111737068121556, 14.650864907092368 ], [ 121.111161151111219, 14.650972743657611 ], [ 121.111038935435559, 14.6509847095598 ], [ 121.110685918216092, 14.651017939269853 ], [ 121.109733618569607, 14.651070972037317 ], [ 121.109605419744682, 14.651084949981103 ], [ 121.109072204336911, 14.65113660744097 ], [ 121.108907315462076, 14.651102709444901 ], [ 121.10835913614099, 14.650954579470469 ], [ 121.107607112218417, 14.650784887619904 ], [ 121.107395266566101, 14.650743004817421 ], [ 121.107084482125956, 14.6507148440732 ], [ 121.106226439965383, 14.650693770849522 ], [ 121.106101753416098, 14.6506954421861 ], [ 121.105839523000554, 14.650675877366567 ], [ 121.105205083638069, 14.650784207462834 ], [ 121.104827629805172, 14.65085403159072 ], [ 121.104512073540107, 14.650909553546464 ], [ 121.104107855083072, 14.650981667575849 ], [ 121.103720029821062, 14.650919583611921 ], [ 121.103625096517732, 14.650644865966694 ], [ 121.103701625763833, 14.650801119167154 ], [ 121.102869927133383, 14.649023697298068 ], [ 121.102569966605131, 14.648364395431114 ], [ 121.102282831110813, 14.647761764685132 ], [ 121.102022805512703, 14.647203328683025 ], [ 121.101876407249804, 14.646896253376346 ], [ 121.101840862332367, 14.64682689675505 ], [ 121.100796310461547, 14.644633294015202 ], [ 121.099746112043135, 14.642406785042175 ], [ 121.098756886775917, 14.640326229453281 ], [ 121.098736619975767, 14.640272445546081 ], [ 121.098708572208153, 14.640217827043465 ], [ 121.098317907969701, 14.639253430214669 ], [ 121.09807586765173, 14.638445869969219 ], [ 121.097941620357346, 14.637795264763479 ], [ 121.09757744528136, 14.637892451825845 ], [ 121.097402215453329, 14.637880438446158 ], [ 121.097341168845517, 14.637720608031502 ], [ 121.097276839836908, 14.637012252159334 ], [ 121.097266861884904, 14.636799285372875 ], [ 121.097256907911131, 14.636646336366812 ], [ 121.097256465695708, 14.636496324621699 ], [ 121.09729187615244, 14.63600938439515 ], [ 121.097308232043204, 14.635797915279495 ], [ 121.097295899104424, 14.635695436463656 ], [ 121.0972142842202, 14.635704671501715 ], [ 121.096825645315093, 14.635735678611812 ], [ 121.096516327316166, 14.6357576466058 ], [ 121.096152358324773, 14.635788792239815 ], [ 121.095930612458559, 14.635807767242426 ], [ 121.095651829027886, 14.635843626659899 ], [ 121.095292716408323, 14.635877356362215 ], [ 121.094872348884664, 14.635898320900951 ], [ 121.093644634913659, 14.636040880350093 ], [ 121.09314109688502, 14.636079461272001 ], [ 121.092771009709594, 14.636111124998344 ], [ 121.092304897255289, 14.636137499116824 ], [ 121.091864513813434, 14.636158670120981 ], [ 121.091193879884329, 14.636201812282753 ], [ 121.090544298022266, 14.636233812058387 ], [ 121.090432447999703, 14.636222663599474 ], [ 121.090348842786256, 14.636201306367155 ], [ 121.089921008552508, 14.635985822892996 ], [ 121.089245707345171, 14.635657963777041 ], [ 121.088551028683185, 14.635304837578365 ], [ 121.088442071074937, 14.635257052931587 ], [ 121.088387657139805, 14.635234698555887 ], [ 121.08787807590339, 14.635006425705713 ], [ 121.087556042385344, 14.634848182037796 ], [ 121.086615892413135, 14.634368912535857 ], [ 121.086130753484824, 14.634124562915133 ], [ 121.085500192302874, 14.633827003367811 ], [ 121.08510567554886, 14.633660429122857 ], [ 121.08433277361344, 14.633422451998705 ], [ 121.084136243916831, 14.63334758313159 ], [ 121.082072255076667, 14.632714198421075 ], [ 121.080148959959416, 14.63230359279585 ], [ 121.07828230304608, 14.632029059488431 ], [ 121.078038583248514, 14.632116783675047 ], [ 121.077877778937889, 14.632247569387253 ], [ 121.077542428737146, 14.632459298712392 ], [ 121.077124818010645, 14.632664555617282 ], [ 121.076698292352646, 14.632788047145597 ], [ 121.076514727244898, 14.632820245087407 ], [ 121.076322628163865, 14.632826163692256 ], [ 121.076198809324538, 14.632820243191187 ], [ 121.076016177190041, 14.632777336735764 ], [ 121.075449895331076, 14.632523517350894 ], [ 121.074421747300633, 14.631980330661913 ], [ 121.073501407375133, 14.631446801089407 ], [ 121.068917665483809, 14.629268226509414 ], [ 121.067413217730007, 14.62857772810249 ], [ 121.066728055576107, 14.628415498634322 ], [ 121.066479161693721, 14.628385374256656 ], [ 121.066401774929162, 14.628052502998919 ], [ 121.066217969762349, 14.627479269851284 ], [ 121.065963899276838, 14.626660709974464 ], [ 121.065811136565387, 14.626235015856068 ], [ 121.065635613939207, 14.625993287391211 ], [ 121.0658021339448, 14.625814756790223 ], [ 121.066145728072584, 14.625395273664607 ], [ 121.066728204432692, 14.624659783293465 ], [ 121.066789398277791, 14.62460353803189 ], [ 121.066876751202074, 14.624581069026224 ], [ 121.067409404340495, 14.624558060978575 ], [ 121.067370832685171, 14.62341198841375 ], [ 121.067373567127291, 14.622690023263186 ], [ 121.067368841879599, 14.622603399127915 ], [ 121.067254338440662, 14.622598178812785 ], [ 121.066784977406471, 14.622605275268997 ], [ 121.066394061659707, 14.622593663983301 ], [ 121.066312664070523, 14.622579612467002 ], [ 121.066147990223271, 14.622530663148202 ], [ 121.065906210189922, 14.62242978336981 ], [ 121.065368698074735, 14.622193620472071 ], [ 121.065288883055558, 14.622162928112372 ], [ 121.064531888434473, 14.621850986305525 ], [ 121.06404028298455, 14.621645409331091 ], [ 121.062938802504362, 14.621212846598207 ], [ 121.062574433884905, 14.621093927592714 ], [ 121.061217180307253, 14.620678706731235 ], [ 121.058857917784081, 14.619934186137876 ], [ 121.058233121014467, 14.619703962858656 ], [ 121.058060443015833, 14.619617429642558 ], [ 121.057695221678372, 14.6193564061176 ], [ 121.057041763667115, 14.618902055972578 ], [ 121.056412627538393, 14.618469634576527 ], [ 121.055649141149786, 14.617982664685085 ], [ 121.055164314829128, 14.617663955699548 ], [ 121.054919938783982, 14.617807864457895 ], [ 121.054684308963331, 14.617912013669072 ], [ 121.054573939493096, 14.617918438106251 ], [ 121.054376355782679, 14.617777761480312 ], [ 121.054218611193264, 14.617651688270554 ], [ 121.054136571776453, 14.617664696059832 ], [ 121.054105127764402, 14.617760410689414 ] ] ] } },
{ "type": "Feature", "properties": { "Agency": "LTFRB", "Type": "PUJ", "Route_Code": "PUJ28B", "Route_Name": "Cubao - Silangan", "Route_Begi": "Gateway", "Route_End": "Silangan Elementary School", "Schedule_T": "04:00-22:00", "Trip_Code": "T274", "Schedule_D": "Mondays to Sundays" }, "geometry": { "type": "MultiLineString", "coordinates": [ [ [ 121.052607799294904, 14.622595069709893 ], [ 121.054570005242013, 14.623550617428974 ], [ 121.055174526200361, 14.623820844659566 ], [ 121.055812047387164, 14.624115260722327 ], [ 121.056301933146372, 14.624378769994264 ], [ 121.056684117356767, 14.624575702589198 ], [ 121.057297349362074, 14.624882692650576 ], [ 121.057758813803304, 14.625104362480084 ], [ 121.058371230475714, 14.625427924815797 ], [ 121.06089268150879, 14.626663510762599 ], [ 121.061204957314857, 14.626819893481139 ], [ 121.061828450589587, 14.627137999845838 ], [ 121.062221013761274, 14.627330286273832 ], [ 121.062603744223097, 14.627490401577479 ], [ 121.06289945443703, 14.627591179221591 ], [ 121.064867460144242, 14.627960214445441 ], [ 121.065871996360244, 14.62814597254066 ], [ 121.066794650748022, 14.628295209094796 ], [ 121.067289381661723, 14.628398481807714 ], [ 121.067913894588301, 14.628649986967373 ], [ 121.0682004580094, 14.628778275883056 ], [ 121.068487588659451, 14.628912040263167 ], [ 121.068924187751136, 14.629114057364092 ], [ 121.069958582818444, 14.629613848573413 ], [ 121.072126420209884, 14.630648720473401 ], [ 121.074122347724696, 14.631635050451424 ], [ 121.075226597283105, 14.632184499115368 ], [ 121.075764353024056, 14.632464833724027 ], [ 121.076019996277054, 14.632594633898401 ], [ 121.076228155293578, 14.63265001887549 ], [ 121.076357705295777, 14.632647068765662 ], [ 121.076633874600631, 14.632626760717756 ], [ 121.077010295366065, 14.632527572768311 ], [ 121.077165633608871, 14.632470717959924 ], [ 121.077278582227478, 14.632411869501261 ], [ 121.07739788439271, 14.6323463699442 ], [ 121.077560170517501, 14.632225924285255 ], [ 121.077716847498849, 14.632122567231871 ], [ 121.077974849139807, 14.632001017506738 ], [ 121.07825465448046, 14.631951936649246 ], [ 121.07848116418117, 14.631963066712078 ], [ 121.079062425830784, 14.632052888124264 ], [ 121.07969155241436, 14.632169873720187 ], [ 121.080167314850584, 14.632235929864548 ], [ 121.08128594990491, 14.632449811635112 ], [ 121.081739241827123, 14.632587926285758 ], [ 121.082085600594397, 14.632686390956005 ], [ 121.082734706695149, 14.632851215719057 ], [ 121.082867145706828, 14.632887158657772 ], [ 121.083704929691237, 14.63316449996543 ], [ 121.084180695048843, 14.633315173689684 ], [ 121.084359318553979, 14.633368322535823 ], [ 121.085196023368951, 14.633624975802849 ], [ 121.08553250988092, 14.633787558668967 ], [ 121.086166276228127, 14.634094729304479 ], [ 121.086655391693071, 14.634330407062649 ], [ 121.087456492334923, 14.634717417926943 ], [ 121.087910581318454, 14.634942366098338 ], [ 121.089954727973648, 14.635945410185652 ], [ 121.090439369942331, 14.63615744782062 ], [ 121.090573337019507, 14.636179913975228 ], [ 121.091188049625345, 14.636145623752892 ], [ 121.094448218026159, 14.635872792972885 ], [ 121.094881524502668, 14.635832667531373 ], [ 121.095281922660604, 14.635792307571689 ], [ 121.095663022384898, 14.635781044569532 ], [ 121.096215716905746, 14.635727651034989 ], [ 121.09652469904006, 14.635698161103461 ], [ 121.097237050075151, 14.635626528364163 ], [ 121.097355892047517, 14.635607209518026 ], [ 121.097396702781623, 14.635816426051948 ], [ 121.097368861482934, 14.636488193854412 ], [ 121.097329738975162, 14.636809461664884 ], [ 121.097394136638997, 14.63773102635337 ], [ 121.097408496710841, 14.637838057943284 ], [ 121.097564039392608, 14.637826271948436 ], [ 121.097909468629879, 14.637749442300075 ], [ 121.098328178004763, 14.637634320092658 ], [ 121.098891414314153, 14.637506828143774 ], [ 121.098923655650594, 14.637586407837377 ], [ 121.099902795217972, 14.6396891666126 ], [ 121.099929008936897, 14.639754014122801 ], [ 121.099432506003879, 14.639996255742481 ], [ 121.100408160640441, 14.642042893987474 ], [ 121.100454475275058, 14.642139566593329 ], [ 121.101461478539306, 14.644264332750552 ], [ 121.101493405876639, 14.644331740696813 ], [ 121.102845626532812, 14.64720078898225 ], [ 121.103543072799781, 14.64867198576948 ], [ 121.103578587924559, 14.6487444231865 ], [ 121.103597220880232, 14.648794671336216 ], [ 121.104317904618313, 14.650314958027266 ], [ 121.104354197337528, 14.650387328793817 ], [ 121.104525166691474, 14.650763041673338 ], [ 121.104561613502398, 14.65085445919555 ], [ 121.104837072970923, 14.650800383106349 ], [ 121.105304614202822, 14.65070546672121 ], [ 121.105392602975755, 14.650708607960187 ], [ 121.105791300467018, 14.65063178237604 ], [ 121.10612767917064, 14.650610609506623 ], [ 121.106287705231637, 14.650613682533955 ], [ 121.107000205987248, 14.650647221858316 ], [ 121.107625299919818, 14.650718738410596 ], [ 121.108398998922837, 14.650926960320239 ], [ 121.109002269969849, 14.651068957717879 ], [ 121.10910737220587, 14.651088167486636 ], [ 121.109593794704679, 14.651054904943628 ], [ 121.109752018919963, 14.651046693893941 ], [ 121.110679975262173, 14.650947032393672 ], [ 121.110777587716882, 14.650944010740524 ], [ 121.111024696681298, 14.650922850862433 ], [ 121.111097032734278, 14.650917419094698 ], [ 121.111168523364938, 14.650911297297855 ], [ 121.111732145490663, 14.650805090670048 ], [ 121.111885012983549, 14.650746256008771 ], [ 121.111982419376361, 14.650905642863361 ], [ 121.112096395856028, 14.651144425198343 ], [ 121.11229870014273, 14.651320750637588 ], [ 121.112464317006925, 14.651437700826989 ], [ 121.112517654396385, 14.651456005230218 ], [ 121.112921106449832, 14.651535814785465 ], [ 121.113257248342578, 14.651546672784844 ], [ 121.113343359624281, 14.651563695058556 ], [ 121.113414836059803, 14.651609417077928 ], [ 121.113577978646092, 14.651750975271163 ], [ 121.113691971562659, 14.6519379122867 ], [ 121.113729703088495, 14.652026169047534 ], [ 121.113853064885319, 14.652386131118556 ], [ 121.113884688203115, 14.652580122351461 ], [ 121.113921349199742, 14.6530725434221 ], [ 121.113890512098976, 14.653511277852651 ], [ 121.113871339271412, 14.654252448958758 ], [ 121.113901329972379, 14.654567039377554 ], [ 121.113909806263621, 14.654660851193528 ], [ 121.11392372926116, 14.654728274907619 ], [ 121.114096546592251, 14.655271552146422 ], [ 121.114201562462767, 14.655532448355588 ], [ 121.114286488976674, 14.655709676109868 ], [ 121.11434934754628, 14.655850673747162 ], [ 121.114534757055026, 14.656151953560892 ], [ 121.114704192903233, 14.656363113165526 ], [ 121.11473480207809, 14.656424533366357 ], [ 121.114792019311025, 14.656468426704894 ], [ 121.115301651688497, 14.656943211804011 ], [ 121.115539363959314, 14.657043311847698 ], [ 121.115840276191008, 14.657123513038306 ], [ 121.116406849413067, 14.657145126915569 ], [ 121.118206479276893, 14.657171668431301 ], [ 121.118290175080986, 14.657170598323004 ], [ 121.118564667280921, 14.659150678144137 ], [ 121.118680812248471, 14.659898556822712 ], [ 121.118729150724235, 14.660173455293716 ], [ 121.118734060698273, 14.660279770992867 ], [ 121.118720082395342, 14.660515025807541 ], [ 121.118692121540434, 14.660820856943234 ], [ 121.118602719318417, 14.661148723945228 ], [ 121.118552371992891, 14.661406154109411 ], [ 121.118561321380398, 14.661626484074613 ], [ 121.118612755440395, 14.661952960715096 ], [ 121.118768892243224, 14.662957011496072 ], [ 121.118783874415087, 14.663001472244899 ], [ 121.118849941428749, 14.662991619755598 ], [ 121.118976051193968, 14.662978911176483 ], [ 121.119157224576441, 14.662903924369283 ], [ 121.119333014411936, 14.66278670406035 ], [ 121.119658003652063, 14.662587324119794 ], [ 121.119875315295019, 14.662496280136272 ], [ 121.120039111653782, 14.662445653244776 ], [ 121.120231219430025, 14.662422334597938 ], [ 121.120324285999985, 14.662429609984365 ], [ 121.120647414180183, 14.662452247085998 ], [ 121.120769389195146, 14.66247610583318 ], [ 121.120896797724953, 14.66252542072054 ], [ 121.121232223001371, 14.662640779064361 ], [ 121.121392550119197, 14.662664401469526 ], [ 121.121459151562732, 14.662664794871583 ], [ 121.121866624563097, 14.66265885709428 ], [ 121.122752147642984, 14.662652368623805 ], [ 121.122982849944066, 14.662666148394562 ], [ 121.123129438048721, 14.662702382792203 ], [ 121.123705452603005, 14.662880226188335 ], [ 121.125536101243981, 14.663517791913899 ], [ 121.125817145867288, 14.663681260743973 ], [ 121.126152330603944, 14.663975797823737 ], [ 121.126359921444447, 14.664331586937502 ], [ 121.126459784377474, 14.66462189179401 ], [ 121.126506491936183, 14.664878631440965 ], [ 121.126475734639129, 14.66505814479773 ], [ 121.126501742777279, 14.665172563892995 ], [ 121.126624892905568, 14.665373959131838 ], [ 121.12683203254312, 14.665499540628202 ], [ 121.127255134921171, 14.665536473893614 ], [ 121.128292062303288, 14.665554348307126 ], [ 121.128552703519716, 14.665596053219197 ], [ 121.128611392473687, 14.665621519688587 ], [ 121.128679954152446, 14.665652239272511 ], [ 121.128798854293194, 14.665858572182616 ], [ 121.128813729656045, 14.665988430895933 ], [ 121.128759158044872, 14.66638955806596 ], [ 121.128546622086361, 14.666706635119347 ], [ 121.128177314337719, 14.66691821207684 ], [ 121.127802960079165, 14.66721256049988 ], [ 121.127737660103065, 14.667290613016503 ], [ 121.128716992678406, 14.669136302307759 ], [ 121.128835089816718, 14.669255790025559 ], [ 121.128934571165971, 14.669316643153927 ], [ 121.129235534790467, 14.669362516000243 ], [ 121.129442802470521, 14.669446152319557 ], [ 121.129998583043957, 14.670222678612362 ], [ 121.130655004914971, 14.669843159096652 ], [ 121.13075823178437, 14.66980686508052 ], [ 121.131649715007086, 14.669619144091982 ], [ 121.131523459421743, 14.669366173688354 ], [ 121.131322346186892, 14.669012882734952 ], [ 121.131117812551068, 14.668621764569398 ], [ 121.131116629967764, 14.668591369734823 ], [ 121.13112490975891, 14.668561688680271 ], [ 121.131963543789198, 14.668136050982122 ], [ 121.133185428159976, 14.667462559634126 ], [ 121.133183003667952, 14.66734916904265 ], [ 121.133198545554308, 14.667105391831065 ], [ 121.133156204232961, 14.666922994401585 ], [ 121.133114004674724, 14.666716187838285 ], [ 121.133064850279439, 14.666545048094067 ], [ 121.132951986888756, 14.666422826583689 ], [ 121.132821215706116, 14.666362370101474 ], [ 121.132756494844358, 14.666322173583916 ], [ 121.132707565653874, 14.666292059490514 ], [ 121.132647326710625, 14.666240805085105 ], [ 121.13262588510149, 14.666133619049562 ], [ 121.132634154842719, 14.666034559878886 ], [ 121.132656818359436, 14.665964763110569 ], [ 121.132713763009662, 14.665789103061829 ], [ 121.13278376707153, 14.665688564097055 ], [ 121.132835477089856, 14.665636862404948 ], [ 121.133062947230187, 14.665476318632802 ], [ 121.133156137572158, 14.665441646090857 ], [ 121.133240139348587, 14.665409285976713 ], [ 121.133584326975651, 14.665350810078303 ], [ 121.133855515875766, 14.665335949297635 ], [ 121.13405730707332, 14.665359058365706 ], [ 121.134876461905122, 14.665506120673687 ], [ 121.135036249638333, 14.665497759115405 ], [ 121.135214580195409, 14.665451974683441 ], [ 121.135609368367511, 14.665340363761571 ], [ 121.135798211779729, 14.665298252015219 ], [ 121.136294253813986, 14.665171859861424 ], [ 121.136478981768775, 14.665136199629325 ], [ 121.136864165201132, 14.66504828214484 ], [ 121.13704207998525, 14.665023879284982 ], [ 121.137188724790008, 14.665017405466463 ], [ 121.137400042366352, 14.66506790390765 ], [ 121.137646325834012, 14.665141326004537 ], [ 121.137880264050906, 14.665234104118785 ], [ 121.138053459201259, 14.665278721780403 ], [ 121.138127486092841, 14.665300583593767 ], [ 121.138268324799583, 14.665299181377103 ], [ 121.138419789321929, 14.665311353710646 ], [ 121.13873108971336, 14.665298384741423 ], [ 121.138823199797557, 14.665295061170212 ], [ 121.138930252021424, 14.665327051877407 ], [ 121.139098784767768, 14.665372068563729 ], [ 121.13927568467814, 14.665405693968129 ], [ 121.139404910997527, 14.665414435687271 ], [ 121.139616193317124, 14.66540394261477 ], [ 121.139786320867472, 14.665336748178088 ], [ 121.140098651920127, 14.665162058607256 ], [ 121.140403235499249, 14.664979646458098 ], [ 121.140703059372555, 14.664831187968906 ], [ 121.141059313985508, 14.664683226675304 ], [ 121.141376764694371, 14.664495897662636 ], [ 121.141626243823907, 14.664293049871423 ], [ 121.141910792521529, 14.664027726404395 ], [ 121.142010188781597, 14.663897216926374 ], [ 121.142049259551314, 14.663671243055129 ], [ 121.142067980999173, 14.663497333267589 ], [ 121.142143120474046, 14.663254542748271 ], [ 121.142223318077868, 14.663119580358318 ], [ 121.142341863768721, 14.663010300651734 ], [ 121.142510506613121, 14.66291807185867 ], [ 121.142778022792754, 14.662828036936212 ], [ 121.14291827146458, 14.662785512326797 ], [ 121.143143782992695, 14.662664008662381 ], [ 121.143244539820714, 14.66260047379555 ], [ 121.143441719845569, 14.662408208462374 ], [ 121.143578004567956, 14.662269959915228 ], [ 121.143726304773239, 14.662177950065908 ], [ 121.143871811174861, 14.662124300166422 ], [ 121.144016673770892, 14.662098152102764 ], [ 121.144191428928792, 14.662090787508554 ], [ 121.14441394648793, 14.662126595507162 ], [ 121.144845212993246, 14.662271058293404 ], [ 121.14543101721334, 14.66251357658575 ], [ 121.145713848138655, 14.662575468761425 ], [ 121.146061342858644, 14.662599030292139 ], [ 121.14645105765247, 14.662578561996961 ], [ 121.146902201503437, 14.662613816325562 ], [ 121.147189725820439, 14.662615073786208 ], [ 121.147338381475407, 14.662596222363049 ], [ 121.147522146751044, 14.662549961884972 ], [ 121.147679222874288, 14.662451097288947 ], [ 121.147771398032887, 14.662275459892731 ], [ 121.147812784571997, 14.662127051679915 ], [ 121.14783475291506, 14.661902543466855 ], [ 121.147808738282677, 14.661563215586296 ], [ 121.147791947202222, 14.661308486343369 ], [ 121.147792978519291, 14.661094923133829 ], [ 121.147803465697464, 14.660933917425146 ], [ 121.147856026965854, 14.660606146631951 ], [ 121.147896392218883, 14.660394545950586 ], [ 121.148185752380684, 14.659922950301409 ], [ 121.148694798433766, 14.659438606613838 ], [ 121.149299421101006, 14.658971983763813 ], [ 121.150134243143398, 14.658470360610343 ], [ 121.151083505468691, 14.658108347572638 ], [ 121.151511096839869, 14.657952723181911 ] ] ] } },
{ "type": "Feature", "properties": { "Agency": "LTFRB", "Type": "PUJ", "Route_Code": "PUJ30B", "Route_Name": "Taytay, Rizal - Cubao", "Route_Begi": "Barangay Muzon, Manila East Road, Taytay", "Route_End": "P. Tuazon / 9th Ave.", "Schedule_T": "04:00-22:00", "Trip_Code": "T239", "Schedule_D": "Mondays to Sundays" }, "geometry": { "type": "MultiLineString", "coordinates": [ [ [ 121.144388136259892, 14.543765174246396 ], [ 121.144266681245796, 14.543957834384091 ], [ 121.144173696102413, 14.544098506845328 ], [ 121.143424766703461, 14.545202346079051 ], [ 121.143362534170038, 14.545301605320821 ], [ 121.142249861358977, 14.547024723380245 ], [ 121.141129380393124, 14.548710592200141 ], [ 121.140549087351189, 14.549630207346553 ], [ 121.140155920407636, 14.550423045670696 ], [ 121.140024602001787, 14.550658338811457 ], [ 121.139669699318105, 14.551370560814448 ], [ 121.13887125666335, 14.55294477734593 ], [ 121.138516414431777, 14.553599046289397 ], [ 121.136873216850191, 14.55669069137803 ], [ 121.136452247479326, 14.557611705418505 ], [ 121.136282364062808, 14.558198406527371 ], [ 121.136235982878461, 14.558702998182916 ], [ 121.136221256948588, 14.559048917646679 ], [ 121.13628273254615, 14.559474465228611 ], [ 121.136429154196648, 14.559880663789032 ], [ 121.136557985190223, 14.560190144020368 ], [ 121.136920480577899, 14.560755306988881 ], [ 121.137304342939871, 14.561243673962208 ], [ 121.137908641049876, 14.562066404810611 ], [ 121.138558290443001, 14.562989502729462 ], [ 121.139535158431997, 14.564322243018134 ], [ 121.141590835254519, 14.567175422266828 ], [ 121.142329858188177, 14.568215782201035 ], [ 121.143691815394391, 14.570108279106194 ], [ 121.143818869123393, 14.570319681565302 ], [ 121.14393259612072, 14.570559799979446 ], [ 121.144013745668559, 14.570752738286233 ], [ 121.144132422774817, 14.571047577020055 ], [ 121.144142949077931, 14.571105265531278 ], [ 121.144189925056764, 14.571585477966449 ], [ 121.144199552959364, 14.571789722777044 ], [ 121.14417222259415, 14.572250461543025 ], [ 121.144055268732188, 14.572913621251033 ], [ 121.143924941002993, 14.573565865299988 ], [ 121.143799616528497, 14.574253868877395 ], [ 121.143272002983593, 14.577164958123578 ], [ 121.143230193492627, 14.577387402220248 ], [ 121.143234570315371, 14.577474914167146 ], [ 121.143248117109309, 14.5775366517575 ], [ 121.143263392531992, 14.577607719097511 ], [ 121.143258944400074, 14.577656352667262 ], [ 121.143255992874401, 14.577711750968065 ], [ 121.143226526546499, 14.577747883081411 ], [ 121.142809794906455, 14.577855152726302 ], [ 121.142647587055819, 14.577881132083814 ], [ 121.141527287946658, 14.578230565832008 ], [ 121.141441507742627, 14.578260327413028 ], [ 121.140459814506656, 14.578577185644418 ], [ 121.140355197620124, 14.578608993499108 ], [ 121.138873481459129, 14.579110046674741 ], [ 121.138781141175599, 14.579145539764614 ], [ 121.137961914025766, 14.579400199309491 ], [ 121.137393778741739, 14.579574728345134 ], [ 121.136007448590277, 14.579976247259737 ], [ 121.12971892105945, 14.581983719274348 ], [ 121.129415863352463, 14.582095865733383 ], [ 121.129001620608165, 14.582206342715171 ], [ 121.12509409501466, 14.58343375183391 ], [ 121.124994909709073, 14.583462071150061 ], [ 121.123973578188185, 14.583810687891813 ], [ 121.121817960260657, 14.584413329741732 ], [ 121.11792530702941, 14.585610257821845 ], [ 121.11773937830084, 14.585667547224109 ], [ 121.1175229247782, 14.585739514764885 ], [ 121.11631422265306, 14.586139477325423 ], [ 121.115107109616076, 14.586566869378235 ], [ 121.114992370618424, 14.586618919179299 ], [ 121.114942197883778, 14.586719720358072 ], [ 121.114843432462877, 14.587898709384273 ], [ 121.11482517571477, 14.588186335407151 ], [ 121.114818318968332, 14.588237759134644 ], [ 121.114788694007743, 14.588644402687793 ], [ 121.114740874989693, 14.588918190229624 ], [ 121.114728378481544, 14.588961049959783 ], [ 121.114662343882884, 14.589062563648561 ], [ 121.113908471199949, 14.59029853427525 ], [ 121.113635647229088, 14.590726010871037 ], [ 121.113095812758175, 14.591557200771433 ], [ 121.112649641700159, 14.592259737588375 ], [ 121.111458623008318, 14.594139300346383 ], [ 121.111138233037934, 14.594672088917539 ], [ 121.110829398221981, 14.595156497519406 ], [ 121.110767807850848, 14.595258275345687 ], [ 121.109558419090931, 14.597238486261221 ], [ 121.109002718990382, 14.598173556543287 ], [ 121.107638301069983, 14.600347973341385 ], [ 121.10758758591011, 14.600428139662842 ], [ 121.10754512469758, 14.600496828788316 ], [ 121.107158718107172, 14.601136504794608 ], [ 121.107022042619974, 14.601367062302034 ], [ 121.106446224034528, 14.602324526365852 ], [ 121.105676730055976, 14.603635899556403 ], [ 121.105467650002893, 14.604294422566328 ], [ 121.104965471678796, 14.606092126005546 ], [ 121.10471512054373, 14.606832589639886 ], [ 121.104431799739388, 14.6077469087467 ], [ 121.104275469886531, 14.60820575483914 ], [ 121.103788621500826, 14.609614839634377 ], [ 121.10353284640712, 14.610613822930976 ], [ 121.102689250295114, 14.613363980620429 ], [ 121.102640889827555, 14.61353398383531 ], [ 121.101844272925618, 14.61605006003964 ], [ 121.101732428997494, 14.616585226343384 ], [ 121.101670190690697, 14.617242582212437 ], [ 121.10165802536504, 14.618509749325311 ], [ 121.101711484804696, 14.618940514637448 ], [ 121.101875290045172, 14.620321181413019 ], [ 121.101911214891246, 14.620577892448601 ], [ 121.102042036136396, 14.620604819495355 ], [ 121.104754446904977, 14.621177686689775 ], [ 121.104805952367883, 14.62125396164828 ], [ 121.104812893975165, 14.621320752248398 ], [ 121.104805557207882, 14.621410931364528 ], [ 121.104761217323968, 14.621449306572558 ], [ 121.103275100370269, 14.621146068900485 ], [ 121.10203496641941, 14.62088959362789 ], [ 121.101562306585038, 14.620782871279776 ], [ 121.099782648329835, 14.620400115330584 ], [ 121.098074652043877, 14.620029389194672 ], [ 121.097313227514448, 14.619891070704311 ], [ 121.09587515928078, 14.619605397996668 ], [ 121.094701752755299, 14.619366670700018 ], [ 121.092698467260362, 14.61891455608245 ], [ 121.092142034346168, 14.618800131921935 ], [ 121.091934123572273, 14.618766495649226 ], [ 121.091634593871206, 14.618736708082794 ], [ 121.091028042176717, 14.61874294080401 ], [ 121.090642360075549, 14.618807856723143 ], [ 121.08995942063595, 14.619049818041303 ], [ 121.089613913597461, 14.619267343595242 ], [ 121.089306851460933, 14.619507292224254 ], [ 121.088586404722662, 14.620241882241334 ], [ 121.087282182024708, 14.621490117248106 ], [ 121.086305628222718, 14.622504838940493 ], [ 121.085615696386938, 14.623191811126196 ], [ 121.084103379792822, 14.624662193195958 ], [ 121.08376357826829, 14.624993596953512 ], [ 121.082600350698769, 14.626149945457074 ], [ 121.081904447097671, 14.626874432327106 ], [ 121.08110962704211, 14.627713771257262 ], [ 121.079261448065196, 14.630221382252198 ], [ 121.078283698094381, 14.631688127564388 ], [ 121.077713314119279, 14.632360860837094 ], [ 121.077467648876649, 14.632504440470942 ], [ 121.076868929863139, 14.632749219977583 ], [ 121.076617671689419, 14.632794845665476 ], [ 121.076413189337345, 14.632818423273125 ], [ 121.076263532070087, 14.63281521712547 ], [ 121.076132253133977, 14.632797857173879 ], [ 121.074327757387934, 14.631898529959635 ], [ 121.072573802212801, 14.631022366975285 ], [ 121.07029923298542, 14.629907226373016 ], [ 121.068566914663492, 14.629113210391791 ], [ 121.067413217730007, 14.62857772810249 ], [ 121.066792893130739, 14.628401525512563 ], [ 121.065737106198839, 14.628239535970424 ], [ 121.063921605879543, 14.627918529747703 ], [ 121.063432783328167, 14.627839488451006 ], [ 121.062914343139965, 14.627745022164387 ], [ 121.062603964092219, 14.627645414800948 ], [ 121.062376390275318, 14.627545161207555 ], [ 121.062071072304207, 14.627410763933348 ], [ 121.062044677796877, 14.627471536265135 ], [ 121.061943080550037, 14.627829547271975 ], [ 121.061854893515033, 14.628103956113335 ], [ 121.061629450352854, 14.628461906965976 ], [ 121.061442956101203, 14.628686195918306 ], [ 121.061271076908909, 14.62880993379312 ], [ 121.061082582818585, 14.628890759367788 ], [ 121.060904139446322, 14.628961859944159 ], [ 121.060836433284948, 14.628973616324567 ], [ 121.060606272689412, 14.628960705106833 ], [ 121.0602049631879, 14.62892316777689 ], [ 121.060080292884336, 14.628873526153139 ], [ 121.060012171226433, 14.628835013532798 ], [ 121.059700725363115, 14.628652815323383 ], [ 121.059082861149847, 14.628485706433157 ], [ 121.058587543164506, 14.628364873322163 ], [ 121.058424260225152, 14.628311991167225 ], [ 121.058094302596217, 14.62818623095931 ], [ 121.057712891152704, 14.628015769091862 ], [ 121.057534470374463, 14.627974343364663 ], [ 121.05737960844489, 14.627962997163326 ], [ 121.057226219858762, 14.628005705589405 ], [ 121.057144423982962, 14.628078270919284 ], [ 121.056968042364375, 14.628410095990324 ], [ 121.056710676822433, 14.628959619337854 ], [ 121.056684153923598, 14.62900887572853 ], [ 121.05666514577446, 14.629020251984892 ], [ 121.056589636616849, 14.629031133825576 ], [ 121.056504425684693, 14.628994966323777 ], [ 121.055434591344081, 14.628510909393601 ], [ 121.055895677873764, 14.62754412108294 ], [ 121.056182427898463, 14.626961943787739 ], [ 121.056234284574202, 14.626850233221035 ], [ 121.056366184854511, 14.626596032721547 ], [ 121.057207026972677, 14.624841401508599 ], [ 121.057228983667514, 14.624781895443361 ], [ 121.05839779161866, 14.622352008753049 ], [ 121.058552054979529, 14.62203782222953 ], [ 121.058716106951408, 14.62170595352627 ], [ 121.059434736877321, 14.620197149252874 ], [ 121.059456383416332, 14.620144319077607 ], [ 121.058207483088381, 14.619658283751299 ], [ 121.057791385234268, 14.619426061893876 ], [ 121.057661719512595, 14.619336061180237 ], [ 121.056361191986227, 14.618453670306348 ], [ 121.056271435871949, 14.618442596962593 ], [ 121.055995794374496, 14.61823839453004 ], [ 121.055682202959133, 14.618052385692836 ], [ 121.055112788573936, 14.617644401448468 ], [ 121.055123569514407, 14.617561911003596 ], [ 121.056387942934336, 14.614786651813288 ], [ 121.05700903641079, 14.615056047404428 ], [ 121.055858472544045, 14.617562985754109 ] ] ] } },
{ "type": "Feature", "properties": { "Agency": "LTFRB", "Type": "MPUJ", "Route_Code": "PUJ31B", "Route_Name": "Roces Super Palengke - Cubao (Diamond)", "Route_Begi": "Roces Jeepney Terminal", "Route_End": "Aurora Blvd., Quezon City", "Schedule_T": "04:00-22:00", "Trip_Code": null, "Schedule_D": "Mondays to Sundays" }, "geometry": { "type": "MultiLineString", "coordinates": [ [ [ 121.021463143700572, 14.632822189851288 ], [ 121.020653352120419, 14.63233669049046 ], [ 121.020965118668769, 14.631811775410425 ], [ 121.020983147942559, 14.631758366842353 ], [ 121.02097599098613, 14.631509499187084 ], [ 121.020975463863863, 14.631362574543683 ], [ 121.021009352656336, 14.631288053361667 ], [ 121.021091498586642, 14.631185952601482 ], [ 121.021230324027485, 14.631135831715476 ], [ 121.021425782589688, 14.6311512799886 ], [ 121.021498165099871, 14.631194510928717 ], [ 121.021569793483209, 14.631257566758711 ], [ 121.021581093387766, 14.631298594755231 ], [ 121.021863721136953, 14.63128191066553 ], [ 121.022812563993796, 14.631063928864737 ], [ 121.025517284656431, 14.630476392792971 ], [ 121.027670893271534, 14.630016099826713 ], [ 121.029762119684762, 14.629546286036597 ], [ 121.033824560441531, 14.628668709326638 ], [ 121.033909163460024, 14.628650376894061 ], [ 121.033602188316266, 14.627437813279402 ], [ 121.033579345014061, 14.627324902736495 ], [ 121.033573454619543, 14.627273533328458 ], [ 121.033743146419113, 14.62722818177204 ], [ 121.034227699974792, 14.62737642601423 ], [ 121.034305274684129, 14.627406859713691 ], [ 121.034552339977949, 14.626600294376871 ], [ 121.034619251281455, 14.626399449103314 ], [ 121.034681542006481, 14.626245929700692 ], [ 121.035578784532234, 14.62572970867998 ], [ 121.035707176037818, 14.625718755158996 ], [ 121.036993825920632, 14.626090650815611 ], [ 121.036882353506655, 14.626515137123045 ], [ 121.036416162066388, 14.628022763717951 ], [ 121.036497426028603, 14.62804485417816 ], [ 121.037349529106393, 14.628267330466064 ], [ 121.037754844268704, 14.628387747033534 ], [ 121.038586115667798, 14.628657075610164 ], [ 121.03863064579123, 14.628665626541071 ], [ 121.038795570510317, 14.628155065303506 ], [ 121.038886076285905, 14.627807704798126 ], [ 121.038998830491124, 14.627460915921326 ], [ 121.039100706650004, 14.627134198385614 ], [ 121.039215945188687, 14.626779787059608 ], [ 121.039465399014574, 14.625971776065168 ], [ 121.039607672763367, 14.625537249485443 ], [ 121.039753790600287, 14.625596413883198 ], [ 121.040604688075319, 14.625904199000974 ], [ 121.04105010926952, 14.626089732389055 ], [ 121.042029115691065, 14.626524288123155 ], [ 121.042167757949102, 14.626458114096552 ], [ 121.042437873351915, 14.626365899173202 ], [ 121.043137456809063, 14.626148107533991 ], [ 121.043852348874168, 14.62583267322678 ], [ 121.046480794910664, 14.624455403080159 ], [ 121.046556441090928, 14.624429185032252 ], [ 121.048104716784934, 14.623642439761422 ], [ 121.04818377481233, 14.623604814414016 ], [ 121.048800736746912, 14.623286608251146 ], [ 121.048834480624535, 14.623252851184194 ], [ 121.048492545492579, 14.622906586569169 ], [ 121.048460394615233, 14.62287351477765 ], [ 121.048888409427903, 14.622682593230708 ], [ 121.049271750807335, 14.621953296684733 ], [ 121.04948667962816, 14.621438456090528 ], [ 121.049450161025575, 14.621396220417289 ], [ 121.049344989259069, 14.621362115346789 ], [ 121.049031343202827, 14.621311832912562 ], [ 121.048819197187541, 14.621294127837245 ], [ 121.048460980024203, 14.621439372669583 ], [ 121.048178173476131, 14.621556341247327 ], [ 121.048025103468788, 14.621623218172093 ], [ 121.048224992150267, 14.621477623711579 ], [ 121.048494696680805, 14.621247110232536 ], [ 121.048778001769463, 14.621054956963125 ], [ 121.048902220155696, 14.620955428372559 ], [ 121.050020680840788, 14.621403363102413 ], [ 121.050177485897194, 14.621482604444855 ], [ 121.057194451510981, 14.624836509382321 ], [ 121.057229954133916, 14.624754693581524 ] ] ] } },
{ "type": "Feature", "properties": { "Agency": "LTFRB", "Type": "PUJ", "Route_Code": "PUJ32B", "Route_Name": "Roces/Super Palengke - Cubao (Mercury)", "Route_Begi": "Roces Jeepney Terminal", "Route_End": "Cubao-Roces Jeepney Terminal", "Schedule_T": "04:00-22:00", "Trip_Code": "T3152", "Schedule_D": "Mondays to Sundays" }, "geometry": { "type": "MultiLineString", "coordinates": [ [ [ 121.020932622762786, 14.632504604995477 ], [ 121.020667872629502, 14.632324566096864 ], [ 121.021016537534834, 14.631764446389708 ], [ 121.021017853486001, 14.631630807658622 ], [ 121.021000973404654, 14.631443084037066 ], [ 121.021023534006005, 14.631376252051062 ], [ 121.021053890605174, 14.631290210111874 ], [ 121.021086564060127, 14.631229934155334 ], [ 121.021155908669584, 14.631196204596987 ], [ 121.021274729008397, 14.631161966326374 ], [ 121.021401963506719, 14.631178937688283 ], [ 121.021473650984845, 14.631213626125636 ], [ 121.021631224233033, 14.631250265415305 ], [ 121.02192462947437, 14.631251215728787 ], [ 121.022812563993796, 14.631063928864737 ], [ 121.023981955154682, 14.630788362093316 ], [ 121.025191892678521, 14.630518289886297 ], [ 121.025507856105165, 14.630452403292924 ], [ 121.027646540402102, 14.630004833185824 ], [ 121.029737203083187, 14.62953166562704 ], [ 121.03180543725216, 14.629084500654491 ], [ 121.033848808336444, 14.628646855718385 ], [ 121.033895730952466, 14.628639143910652 ], [ 121.033627003798728, 14.627430649698333 ], [ 121.033622573055752, 14.627317900418317 ], [ 121.033694370050924, 14.627269121294962 ], [ 121.033811393174375, 14.627257284130348 ], [ 121.034227699974792, 14.62737642601423 ], [ 121.034305447565288, 14.627382047409947 ], [ 121.034663260902292, 14.626310195711087 ], [ 121.034727399731068, 14.626239814978799 ], [ 121.035256698400062, 14.62592018743063 ], [ 121.035605195002731, 14.625729110780391 ], [ 121.03578707550399, 14.625739557540873 ], [ 121.036079040595581, 14.625809230520066 ], [ 121.036993825920632, 14.626090650815611 ], [ 121.037343815122199, 14.626233577626877 ], [ 121.039215945188687, 14.626779787059608 ], [ 121.039607672763367, 14.625537249485443 ], [ 121.039926256944028, 14.625648808623611 ], [ 121.041051850329623, 14.626060903532068 ], [ 121.041613285165269, 14.625992591790382 ], [ 121.041887586608567, 14.625950637463811 ], [ 121.042478238800584, 14.625826048181141 ], [ 121.043520613075714, 14.625408830787533 ], [ 121.043954514079985, 14.625828017844096 ], [ 121.044456872030935, 14.62629885246206 ], [ 121.043081531805427, 14.62701618291357 ], [ 121.042514695910725, 14.626770612525585 ], [ 121.042025454343147, 14.626540673524225 ], [ 121.042029115691065, 14.626524288123155 ], [ 121.042170437210331, 14.626437427535111 ], [ 121.042542182310669, 14.626356556379163 ], [ 121.042796110576987, 14.626268121376789 ], [ 121.043500776291722, 14.626003053191599 ], [ 121.043962673092864, 14.625802285020688 ], [ 121.04517924547099, 14.625172682237553 ], [ 121.046166141478452, 14.624647059856036 ], [ 121.046508226053376, 14.624469495136021 ], [ 121.048810584331818, 14.623270564669658 ], [ 121.048837543972155, 14.623247399331664 ], [ 121.048792167219048, 14.623203518386216 ], [ 121.048494623788983, 14.622923845401612 ], [ 121.048455149203662, 14.622887342394396 ], [ 121.048594389151816, 14.622804982319373 ], [ 121.048888409427903, 14.622682593230708 ], [ 121.049025791435966, 14.622445460053672 ], [ 121.049275793373681, 14.621916895381366 ], [ 121.049471515010197, 14.621531128985161 ] ] ] } },
{ "type": "Feature", "properties": { "Agency": "LTFRB", "Type": null, "Route_Code": "PUJ33B", "Route_Name": "Divisoria - Cubao", "Route_Begi": "Reina Regente", "Route_End": "General Romulo Ave. / Aurora Blvd. Intersection, Quezon City", "Schedule_T": "06:00-23:00", "Trip_Code": null, "Schedule_D": "Mondays to Sundays" }, "geometry": { "type": "MultiLineString", "coordinates": [ [ [ 120.974859548665052, 14.605979425481726 ], [ 120.977191731811104, 14.605084631153851 ], [ 120.980139899075937, 14.603934979882853 ], [ 120.982568803163858, 14.603587171284714 ], [ 120.984606830150526, 14.60326145874979 ], [ 120.985259426737457, 14.602968211846481 ], [ 120.987692077018139, 14.601854903065375 ], [ 120.990913179208633, 14.600347596668158 ], [ 120.991072258646156, 14.600377696158775 ], [ 120.991275464806549, 14.600623177453075 ], [ 120.991587333664711, 14.600953191726449 ], [ 120.992623379384682, 14.601511261130106 ], [ 120.99280123054659, 14.601559260983159 ], [ 120.993154130907214, 14.60147535948378 ], [ 120.993594565671131, 14.601346862513816 ], [ 120.994915277257761, 14.600933560188199 ], [ 120.995715423198106, 14.60069086046796 ], [ 120.996055264262679, 14.600574095059184 ], [ 120.996292388079127, 14.600585666208547 ], [ 120.996961941605775, 14.600760065905954 ], [ 120.997223147664315, 14.600814960929661 ], [ 120.997393510918783, 14.600809528337727 ], [ 120.997546783923212, 14.600804038482815 ], [ 120.997666491742436, 14.600822582166014 ], [ 120.998021741247186, 14.600904255583094 ], [ 120.998517680870449, 14.601013272479115 ], [ 120.998775324178439, 14.601045781449011 ], [ 120.999247749827219, 14.600910258724332 ], [ 120.999405031572721, 14.600880225931283 ], [ 120.999665757664005, 14.600912471366623 ], [ 121.00006206390988, 14.601070808598882 ], [ 121.000259012870572, 14.601153860838465 ], [ 121.000568929562263, 14.601180403210275 ], [ 121.001618676205027, 14.601316358022723 ], [ 121.00239403751236, 14.601380391462415 ], [ 121.003367564811541, 14.601480480261287 ], [ 121.003950887347855, 14.601559354524543 ], [ 121.004432786812416, 14.601598466689872 ], [ 121.005177225329774, 14.601672687893586 ], [ 121.006647530123132, 14.601804555326213 ], [ 121.007914930270516, 14.601873537988427 ], [ 121.008722375803998, 14.601957504921057 ], [ 121.009434774970273, 14.602020829989874 ], [ 121.013390087511226, 14.602393141742919 ], [ 121.014670653948428, 14.602504829372725 ], [ 121.015066643353478, 14.602555779743955 ], [ 121.015504483680289, 14.602657613314916 ], [ 121.015872269844024, 14.602844068801943 ], [ 121.016304877356049, 14.603164151154138 ], [ 121.016928556180787, 14.603812802423271 ], [ 121.01777070398623, 14.604645508118928 ], [ 121.019642461034266, 14.606391732423674 ], [ 121.021903102069317, 14.608722656825869 ], [ 121.022310665345756, 14.609100828535555 ], [ 121.022496314119564, 14.609256671993791 ], [ 121.022760442097606, 14.609404311352034 ], [ 121.023590766742117, 14.609690470661182 ], [ 121.029175447293312, 14.611528390208921 ], [ 121.030304145664473, 14.611894977125711 ], [ 121.032008162178144, 14.612462788080492 ], [ 121.032871711502551, 14.612771292637385 ], [ 121.033144584236311, 14.612902368192593 ], [ 121.034710184808262, 14.613759309686117 ], [ 121.035671931954766, 14.614311180181609 ], [ 121.040074991941566, 14.616913599957298 ], [ 121.04328897737372, 14.618829980652595 ], [ 121.044096577961099, 14.619307481132591 ], [ 121.044659445558082, 14.619533478746035 ], [ 121.046581447439237, 14.620148618458922 ], [ 121.050020680840788, 14.621403363102413 ], [ 121.050338462022481, 14.621523300389677 ], [ 121.051209447127491, 14.621960698655116 ], [ 121.05534732787325, 14.623937331369312 ] ] ] } },
{ "type": "Feature", "properties": { "Agency": "LTFRB", "Type": "MPUJ", "Route_Code": "PUJ34B", "Route_Name": "Lagro - Cubao", "Route_Begi": "Quirino Highway / St James Intersection, Caloocan City", "Route_End": "Araneta City Modern Jeepney Termina", "Schedule_T": "06:00-23:00", "Trip_Code": null, "Schedule_D": "Mondays to Sundays" }, "geometry": { "type": "MultiLineString", "coordinates": [ [ [ 121.068286978299355, 14.735534239125744 ], [ 121.06741788999939, 14.735514756630289 ], [ 121.067398980252975, 14.729896332135926 ], [ 121.067407964342422, 14.729826271777146 ], [ 121.067586569463401, 14.729755239906451 ], [ 121.067857392243056, 14.729550926939881 ], [ 121.06792049434857, 14.729431737402662 ], [ 121.067926626001878, 14.729380303261749 ], [ 121.067916040360942, 14.729262915585634 ], [ 121.067893106463785, 14.729145085258496 ], [ 121.067862538675115, 14.729027906970863 ], [ 121.067824901294514, 14.728951761378005 ], [ 121.067682987907403, 14.728896501274033 ], [ 121.067513535991012, 14.728774714439947 ], [ 121.067455052541732, 14.728535639176716 ], [ 121.067238958167792, 14.727231174357597 ], [ 121.067157930017572, 14.727023597590083 ], [ 121.067025760594404, 14.726786323792423 ], [ 121.066880936530822, 14.726579329392733 ], [ 121.06661134559603, 14.726012393463774 ], [ 121.066582218075467, 14.725706424095645 ], [ 121.066614045227155, 14.725172141238639 ], [ 121.066610043935242, 14.724905952043155 ], [ 121.066619680869067, 14.724756889827297 ], [ 121.06695812560352, 14.724082618586149 ], [ 121.067070611589514, 14.723794500980958 ], [ 121.067069988017678, 14.722951537562135 ], [ 121.067072902251738, 14.720185654466306 ], [ 121.066994436489011, 14.720185618370051 ], [ 121.065925311463985, 14.720169871980382 ], [ 121.064200096632518, 14.720193307214531 ], [ 121.063126003451885, 14.720190699791209 ], [ 121.061842079135928, 14.720198518379181 ], [ 121.061228414702626, 14.720183537717336 ], [ 121.061229585763471, 14.719650376665149 ], [ 121.061207285309536, 14.718524018141133 ], [ 121.061209081698294, 14.71769058238641 ], [ 121.061189645063195, 14.714436974940652 ], [ 121.061197053718047, 14.711720125171107 ], [ 121.061226877121328, 14.710736805337612 ], [ 121.061054147759918, 14.710561389801546 ], [ 121.062752111410248, 14.708406180048888 ], [ 121.063750454404882, 14.707227843087418 ], [ 121.064164592543904, 14.706890005651012 ], [ 121.064622923268388, 14.706615774423893 ], [ 121.065262534852096, 14.706437785019544 ], [ 121.066246931937854, 14.706405191187239 ], [ 121.068310669809406, 14.706396611988744 ], [ 121.070477976915441, 14.706420340954462 ], [ 121.070821076616426, 14.706345908302932 ], [ 121.072371255413131, 14.705774186529077 ], [ 121.074531031350759, 14.705056575742603 ], [ 121.078151109416439, 14.705076626497249 ], [ 121.079693723380458, 14.704926575508557 ], [ 121.081064001923323, 14.704673852790625 ], [ 121.08138646547971, 14.704738739229441 ], [ 121.082408503405603, 14.704626717609537 ], [ 121.082964123679417, 14.704461288075205 ], [ 121.083972637072264, 14.703982535348935 ], [ 121.084876767658955, 14.703349431569089 ], [ 121.085292947992556, 14.702933730842338 ], [ 121.085777535618121, 14.70238488504633 ], [ 121.086244881548552, 14.70172336067424 ], [ 121.087004518863054, 14.699913220947245 ], [ 121.087142264371465, 14.69926383511514 ], [ 121.087327275704794, 14.696403291475601 ], [ 121.087169230955084, 14.694160994716563 ], [ 121.087093765304161, 14.691991760708758 ], [ 121.087069533425804, 14.688776527062451 ], [ 121.086878645449346, 14.687362936450048 ], [ 121.086539685513657, 14.686553696078601 ], [ 121.085577288960735, 14.684238419125391 ], [ 121.084344318719232, 14.681169683592184 ], [ 121.083139526460883, 14.678412868619979 ], [ 121.081843568476827, 14.676329492383063 ], [ 121.08029441717531, 14.673965748484747 ], [ 121.078401187176496, 14.671717696756065 ], [ 121.07704343460729, 14.670422334584726 ], [ 121.0743403527119, 14.668249639581044 ], [ 121.072578252360742, 14.667173713967122 ], [ 121.071181448749286, 14.666146685394288 ], [ 121.067628774882465, 14.663818473369338 ], [ 121.06608048740479, 14.662725776645559 ], [ 121.059163079566886, 14.658219524932909 ], [ 121.052648352251353, 14.653752670065717 ], [ 121.051942431128211, 14.653295215690857 ], [ 121.051472803628883, 14.6532120417542 ], [ 121.051251805478742, 14.653177793021642 ], [ 121.050662587979673, 14.653740379746985 ], [ 121.049533091915578, 14.654312910839788 ], [ 121.048968608529435, 14.654364291675556 ], [ 121.048377961368374, 14.654443723205258 ], [ 121.047911231860965, 14.654245559615624 ], [ 121.047764816690474, 14.654215781634012 ], [ 121.047096611130399, 14.653772813684615 ], [ 121.046685063487075, 14.653262483538153 ], [ 121.046523674035072, 14.65285869135467 ], [ 121.046449794117876, 14.652495196120352 ], [ 121.046532036871838, 14.651321377739565 ], [ 121.047018795260385, 14.650105328542715 ], [ 121.047546290959502, 14.649627328920914 ], [ 121.048042177621909, 14.649211348264764 ], [ 121.048512998492853, 14.648886104234236 ], [ 121.049246650480455, 14.648544586423409 ], [ 121.049957807345393, 14.648445357418517 ], [ 121.050969819708342, 14.648725682965985 ], [ 121.051110139167761, 14.648614319516604 ], [ 121.051637014858642, 14.647734203065262 ], [ 121.052007760121626, 14.647194073166794 ], [ 121.052125362149411, 14.647023785272646 ], [ 121.053085020290226, 14.645572042628398 ], [ 121.053124147814103, 14.645479333040706 ], [ 121.053262166936577, 14.64521947316792 ], [ 121.054055093892927, 14.643463006554818 ], [ 121.054274590562599, 14.642860285027995 ], [ 121.054631669015066, 14.641518537241685 ], [ 121.054698352946332, 14.641116846408892 ], [ 121.054829935301527, 14.639942273778333 ], [ 121.054857496983516, 14.639369808148015 ], [ 121.054874979692713, 14.638474625963594 ], [ 121.054808151126679, 14.63769758396022 ], [ 121.05462836664573, 14.636544976461037 ], [ 121.054232093532505, 14.634816089274484 ], [ 121.054132364443916, 14.634411659027814 ], [ 121.054129173318728, 14.634165396508385 ], [ 121.054181968907841, 14.633820361779211 ], [ 121.054310699625319, 14.633299349988762 ], [ 121.054324668949832, 14.633261176872194 ], [ 121.054260198730759, 14.633248191935788 ], [ 121.053055601629524, 14.632893420175927 ], [ 121.049792556958096, 14.631945505516658 ], [ 121.049823116680344, 14.631810384179238 ], [ 121.049957334838751, 14.631402929271674 ], [ 121.049975107953344, 14.631336696567502 ], [ 121.050099158771033, 14.630939354587609 ], [ 121.050101722623012, 14.630897532968939 ], [ 121.050219078193734, 14.630496139946301 ], [ 121.050435323515245, 14.629839769289106 ], [ 121.050529826992417, 14.629746954626761 ], [ 121.050848105730594, 14.629485572881292 ], [ 121.050964073175038, 14.629332373445605 ], [ 121.051032239641273, 14.629175550912887 ], [ 121.051649654145805, 14.629266134448933 ], [ 121.05358119010161, 14.629645127211308 ], [ 121.053861603314971, 14.629701306588698 ], [ 121.053979108761297, 14.62968819099504 ], [ 121.054088266678121, 14.629652675485133 ], [ 121.054229798562815, 14.629537353210312 ], [ 121.054357860009347, 14.629307617773993 ], [ 121.054688415496329, 14.628585239812155 ], [ 121.054716218487158, 14.628496603475529 ], [ 121.054826238711513, 14.628345318025779 ], [ 121.054897503541341, 14.628323931190707 ], [ 121.055168846546593, 14.628366564164594 ], [ 121.055417346453467, 14.628465588645513 ], [ 121.055463747276164, 14.628492064468469 ], [ 121.055481073657845, 14.628460146466033 ], [ 121.056244604416847, 14.626857183522489 ], [ 121.056483693756547, 14.626366806589422 ], [ 121.057147149148236, 14.6249395612356 ], [ 121.059467936770531, 14.620128038542235 ], [ 121.058589193171258, 14.619806329478719 ], [ 121.058175505589716, 14.619658303278353 ], [ 121.057748706795053, 14.619402145830781 ], [ 121.057669596122679, 14.619408752982142 ], [ 121.056790914294083, 14.620668711933448 ], [ 121.056708373911036, 14.620771293945104 ], [ 121.056457835956579, 14.620660178522042 ], [ 121.055784959860972, 14.620427965617571 ], [ 121.055391734181015, 14.621084077723138 ] ] ] } },
{ "type": "Feature", "properties": { "Agency": "LTFRB", "Type": "PUJ", "Route_Code": "PUJ35B", "Route_Name": "Proj. 4 via J.P. Rizal - Cubao", "Route_Begi": "P. Tuazon Blvd. / 9th Ave. Intersection, Quezon City", "Route_End": "Asian College of Science and Technology, Aurora Blvd., Quezon City", "Schedule_T": "04:00-22:00", "Trip_Code": "T205", "Schedule_D": "Mondays to Sundays" }, "geometry": { "type": "MultiLineString", "coordinates": [ [ [ 121.055950727971151, 14.618043215741281 ], [ 121.056552076141728, 14.618500336915949 ], [ 121.057457381901713, 14.619099448202974 ], [ 121.057786572620401, 14.619337127950715 ], [ 121.058005950924198, 14.6194624596752 ], [ 121.058406730901524, 14.619695564856444 ], [ 121.059039164297374, 14.619900407767522 ], [ 121.059519509810329, 14.620068162686726 ], [ 121.060789230733334, 14.620478967363354 ], [ 121.061831295925259, 14.620786716323053 ], [ 121.062966732402202, 14.621173541904612 ], [ 121.063141404356344, 14.620758768286343 ], [ 121.064042111489954, 14.618698739628202 ], [ 121.064435401139534, 14.61886621820492 ], [ 121.064882124165365, 14.619038375805847 ], [ 121.064931408883524, 14.61897946455259 ], [ 121.065046778703731, 14.618696876214925 ], [ 121.065573985992742, 14.617496960426324 ], [ 121.066206844209574, 14.616038396912142 ], [ 121.06636876572459, 14.615657837732812 ], [ 121.066501873206718, 14.615361405792504 ], [ 121.066683496202245, 14.615111676176507 ], [ 121.066841926546701, 14.614973328851523 ], [ 121.06703049687016, 14.61487092718523 ], [ 121.067234055468646, 14.614811929300981 ], [ 121.067482383687079, 14.614810739592508 ], [ 121.067654731987702, 14.614826828546724 ], [ 121.068333082883072, 14.614996904870626 ], [ 121.069033970275271, 14.615171216713263 ], [ 121.069493166031137, 14.615279894644448 ], [ 121.069542425915714, 14.615317287791175 ], [ 121.069561298825832, 14.615351114502932 ], [ 121.069597587251081, 14.615472822404122 ], [ 121.069710262015263, 14.615985542593483 ], [ 121.069776666533627, 14.616195587068351 ], [ 121.069932779786271, 14.616558213501502 ], [ 121.070460235678226, 14.617748899750172 ], [ 121.070491245620758, 14.617803261065475 ], [ 121.071194670412908, 14.619287077560569 ], [ 121.071675174456772, 14.620369292340097 ], [ 121.072046156727581, 14.621202003782567 ], [ 121.072052059644307, 14.62132014513182 ], [ 121.071891424718473, 14.621925563475083 ], [ 121.071608362465071, 14.623103857677567 ], [ 121.071597926547057, 14.623198741800271 ], [ 121.071567046361892, 14.623259933619162 ], [ 121.071278530542216, 14.624044234281589 ], [ 121.070933765032152, 14.625012080964533 ], [ 121.07076366778945, 14.625495038234225 ], [ 121.070559494030675, 14.626056409486234 ], [ 121.070103627617769, 14.62735424695512 ], [ 121.069529551000969, 14.628973437461617 ] ] ] } },
{ "type": "Feature", "properties": { "Agency": "LTFRB", "Type": "PUJ", "Route_Code": "PUJ36B", "Route_Name": "Sta Lucia (Pasig) - Cubao-Rosario(Pasig)", "Route_Begi": "SM City East Ortigas, Ortigas Ext., Pasig City", "Route_End": "Savemore Market, General Romulo Ave., Cubao, Quezon City", "Schedule_T": "04:00-22:00", "Trip_Code": "T272", "Schedule_D": "Mondays to Sundays" }, "geometry": { "type": "MultiLineString", "coordinates": [ [ [ 121.105975200273079, 14.588422115880549 ], [ 121.10505486084044, 14.588642818612806 ], [ 121.103977350950387, 14.588865623347798 ], [ 121.102135031246476, 14.589267418627408 ], [ 121.10152554861385, 14.589359328743557 ], [ 121.101456486596064, 14.589369025101959 ], [ 121.100507264841227, 14.589463530771049 ], [ 121.100336198470359, 14.589483851002852 ], [ 121.100119945211674, 14.589498579719455 ], [ 121.099151846953959, 14.589577668374154 ], [ 121.095249150988536, 14.589945765775667 ], [ 121.091135865590388, 14.590305329464012 ], [ 121.089285833618703, 14.590471190370893 ], [ 121.086560903835633, 14.590715666385861 ], [ 121.085728001162963, 14.590757536900071 ], [ 121.084968194920421, 14.590678417674107 ], [ 121.081565793355509, 14.590107144334162 ], [ 121.08065274472213, 14.589974870264433 ], [ 121.080020042880477, 14.589926985735858 ], [ 121.079860725764547, 14.59227370354189 ], [ 121.079719215913698, 14.594963124467199 ], [ 121.07959825400539, 14.597251314377125 ], [ 121.079504251921151, 14.599039981980285 ], [ 121.079430570416491, 14.600812037517843 ], [ 121.079375407844196, 14.60157957756161 ], [ 121.079298798689052, 14.60334338346002 ], [ 121.079162131744425, 14.605554294161198 ], [ 121.078832657929809, 14.606870183744094 ], [ 121.078589833142829, 14.607387380499159 ], [ 121.078281714936324, 14.60785126088207 ], [ 121.076774444553521, 14.609486262195514 ], [ 121.076060328046609, 14.610310897484412 ], [ 121.07575290780585, 14.611165970455165 ], [ 121.075670273285851, 14.611543256209584 ], [ 121.075165279658279, 14.613753062997988 ], [ 121.074900440245372, 14.614816950097786 ], [ 121.074691700131865, 14.615209222589533 ], [ 121.074358688546326, 14.615469078284281 ], [ 121.074153120793028, 14.615537135745008 ], [ 121.073897003625945, 14.615571650627636 ], [ 121.073602143968586, 14.615535853543296 ], [ 121.073176198980789, 14.615244113362149 ], [ 121.072995734713814, 14.615015530234816 ], [ 121.072702709366126, 14.614832328441446 ], [ 121.071449179878002, 14.614586081652462 ], [ 121.071097382508938, 14.614565665759352 ], [ 121.070659614844459, 14.614622013475904 ], [ 121.070128834340764, 14.61458113364918 ], [ 121.06748021024012, 14.613931896428342 ], [ 121.067389449192802, 14.613907573727023 ], [ 121.06626708192735, 14.613636418532147 ], [ 121.064461565094291, 14.613209596108026 ], [ 121.064207515081435, 14.613147161897649 ], [ 121.063466352044117, 14.61297699625157 ], [ 121.062737111934979, 14.612795292103684 ], [ 121.061012100986289, 14.612374712952672 ], [ 121.060165733211733, 14.614315290577077 ], [ 121.059901988743221, 14.614877019989558 ], [ 121.059376958790907, 14.616050930922702 ], [ 121.057800331758045, 14.619406081006376 ], [ 121.057246125151494, 14.620154411926157 ], [ 121.055740007122125, 14.623243736158928 ] ] ] } },
{ "type": "Feature", "properties": { "Agency": "LTFRB", "Type": "PUJ", "Route_Code": "PUJ37B", "Route_Name": "Rosario(Pasig) via Santolan - Cubao", "Route_Begi": "Ortigas Ave., Pasig City", "Route_End": "General Romulo Ave. / Aurora Blvd. Intersection, Quezon City", "Schedule_T": "04:00-22:00", "Trip_Code": "T273", "Schedule_D": "Mondays to Sundays" }, "geometry": { "type": "MultiLineString", "coordinates": [ [ [ 121.102113674854706, 14.589254235862198 ], [ 121.101542371314281, 14.589344166128683 ], [ 121.101447111808355, 14.589359683872027 ], [ 121.10053349891335, 14.589444208290386 ], [ 121.100294128143446, 14.589460492951048 ], [ 121.100109097093267, 14.589480539799073 ], [ 121.098817859878082, 14.589593176695221 ], [ 121.09728939345753, 14.589721904576223 ], [ 121.095966884883921, 14.589835098535815 ], [ 121.093298778991311, 14.590092889139713 ], [ 121.091135865590388, 14.590305329464012 ], [ 121.089295145939744, 14.590511196202588 ], [ 121.08747631392967, 14.590605802707708 ], [ 121.086123033032365, 14.590713158483679 ], [ 121.08556978635086, 14.590710000150814 ], [ 121.084920112688366, 14.590643568482843 ], [ 121.083703638241531, 14.590423676871051 ], [ 121.082566778221874, 14.590224315737162 ], [ 121.082045830303258, 14.590172108822035 ], [ 121.080995391711355, 14.58999690190196 ], [ 121.080662996739022, 14.589951705223005 ], [ 121.079988661484691, 14.589923129331932 ], [ 121.079911350376008, 14.592323564884941 ], [ 121.07972471753871, 14.595907121168823 ], [ 121.079592945012422, 14.598278555693383 ], [ 121.079474576341298, 14.600846575455908 ], [ 121.079400936481676, 14.601587005886108 ], [ 121.079191160657459, 14.605584829128748 ], [ 121.079090831477814, 14.606077220737772 ], [ 121.078884022273712, 14.606850072817133 ], [ 121.078616948691675, 14.607457691412643 ], [ 121.078209553820798, 14.608018408748029 ], [ 121.077396389749481, 14.608870449741156 ], [ 121.076775025578272, 14.609537806610151 ], [ 121.076582544780877, 14.609750943205883 ], [ 121.076098344952982, 14.610322429568557 ], [ 121.075980576945327, 14.610597542749399 ], [ 121.07548346559436, 14.612535321719777 ], [ 121.075103640107997, 14.613857255911883 ], [ 121.07483782693194, 14.614982228454712 ], [ 121.074588691206941, 14.615333780032108 ], [ 121.074358688546326, 14.615469078284281 ], [ 121.074212575692826, 14.615546835594655 ], [ 121.074006328653368, 14.615583398075238 ], [ 121.073809556433332, 14.615581286950993 ], [ 121.073452070793991, 14.61544987379127 ], [ 121.073238664719852, 14.615287212512689 ], [ 121.072866534726955, 14.614921455350107 ], [ 121.072304040086593, 14.614744458537867 ], [ 121.071354925493438, 14.61459209185495 ], [ 121.071021971293533, 14.614588997009488 ], [ 121.070748516852149, 14.614622886785632 ], [ 121.070564226852881, 14.614664629565416 ], [ 121.069928328846274, 14.614486840919126 ], [ 121.068026412750058, 14.613997289941523 ], [ 121.066654083521399, 14.613679133147382 ], [ 121.066215220799805, 14.613591474917556 ], [ 121.06448942607588, 14.613168358055274 ], [ 121.064179714424327, 14.613087540982191 ], [ 121.0627496711286, 14.612763964970682 ], [ 121.061063858687277, 14.612376922468732 ], [ 121.060181292895663, 14.6143207658956 ], [ 121.060106165087035, 14.614484947344454 ], [ 121.059379110522769, 14.616060007598621 ], [ 121.057813625409722, 14.619418938948339 ], [ 121.056905897952902, 14.620763308539027 ], [ 121.056284451477239, 14.62199435075444 ], [ 121.055537878429249, 14.623802972882146 ] ] ] } },
{ "type": "Feature", "properties": { "Agency": "LTFRB", "Type": "PUJ", "Route_Code": "PUJ38B", "Route_Name": "Quezon City Hall - EDSA/North Ave.", "Route_Begi": "Quezon City Hall, Metro Manila", "Route_End": "Epifanio de los Santos Avenue / North Avenue Intersection, Quezon City", "Schedule_T": "04:00-22:00", "Trip_Code": "T138", "Schedule_D": "Mondays to Sundays" }, "geometry": { "type": "MultiLineString", "coordinates": [ [ [ 121.04985827677713, 14.648389665027988 ], [ 121.050155456603079, 14.64847467481064 ], [ 121.051002653459406, 14.648753981423321 ], [ 121.051472280388225, 14.64909715935627 ], [ 121.051645429042111, 14.649313921653015 ], [ 121.052021962812859, 14.650033935707679 ], [ 121.052076424079431, 14.65032698627479 ], [ 121.052093333303617, 14.650777126524082 ], [ 121.052079757581865, 14.651283830953957 ], [ 121.052036655742597, 14.651525496732232 ], [ 121.051929219288169, 14.651989129180906 ], [ 121.051808181212024, 14.652334555057521 ], [ 121.051586303288857, 14.65267564628574 ], [ 121.051345983120399, 14.653074400085794 ], [ 121.050601785016397, 14.653799487264614 ], [ 121.049525259381952, 14.654377484242827 ], [ 121.049379281053362, 14.654446033653334 ], [ 121.048845986910351, 14.65456058787565 ], [ 121.048383502288587, 14.654493640858631 ], [ 121.048038268484902, 14.654383607158588 ], [ 121.047700493209902, 14.654274374515198 ], [ 121.047569205867489, 14.654210796030846 ], [ 121.047172854403698, 14.653926792107507 ], [ 121.046795184137267, 14.653472928171645 ], [ 121.046602731669225, 14.653090983264965 ], [ 121.046514641377101, 14.652736084983161 ], [ 121.046442857308946, 14.652365413325464 ], [ 121.046425275174585, 14.652202963495849 ], [ 121.046308106183332, 14.652181324276077 ], [ 121.04613409955256, 14.652184670292844 ], [ 121.045550139671548, 14.652392707550772 ], [ 121.043518815398414, 14.652833562032486 ], [ 121.031280627530435, 14.655467520308585 ] ] ] } },
{ "type": "Feature", "properties": { "Agency": "LTFRB", "Type": "PUJ", "Route_Code": "PUJ39B", "Route_Name": "E.R Ort - EDSA/Shaw Blvd", "Route_Begi": "Ortigas Ave. cor. Frontera Drive (Ortigas East), Pasig City", "Route_End": "Mayflower, Mandaluyong City", "Schedule_T": "04:00-22:00", "Trip_Code": "T278", "Schedule_D": "Mondays to Sundays" }, "geometry": { "type": "MultiLineString", "coordinates": [ [ [ 121.0779924035904, 14.589589184537617 ], [ 121.079709058513671, 14.589698246195304 ], [ 121.079777074370512, 14.589695926585424 ], [ 121.079761271737254, 14.589401203986595 ], [ 121.079748008411983, 14.589293933185834 ], [ 121.07971820427251, 14.588578444201307 ], [ 121.079645823439549, 14.588253590650879 ], [ 121.079429343820237, 14.587445660569623 ], [ 121.07918930827303, 14.58674814982782 ], [ 121.079095572566132, 14.58645193220856 ], [ 121.078952391979811, 14.586191415301967 ], [ 121.078586139054309, 14.58543475888969 ], [ 121.077846624152357, 14.584228608897408 ], [ 121.076841952596794, 14.582696602234844 ], [ 121.0758393804999, 14.581187725560136 ], [ 121.07495981208578, 14.580073972952428 ], [ 121.07402401711505, 14.578721405187235 ], [ 121.073681420553527, 14.578240143734767 ], [ 121.073306558260754, 14.577586793801718 ], [ 121.073013386534569, 14.577043023838145 ], [ 121.072693951604649, 14.576340640028569 ], [ 121.072469653166891, 14.575525214621971 ], [ 121.072306730101403, 14.57485957268895 ], [ 121.071868230812527, 14.573314115677228 ], [ 121.07141930517966, 14.57152010168066 ], [ 121.070789326257341, 14.569098129402892 ], [ 121.070384464201055, 14.567673353338309 ], [ 121.070290548359836, 14.567135860447221 ], [ 121.070270304960232, 14.566512805852733 ], [ 121.07021965109557, 14.566083516483868 ], [ 121.070164588606715, 14.565817794123866 ], [ 121.069850794563948, 14.564912103569769 ], [ 121.069527931822691, 14.564277617313779 ], [ 121.068919817476896, 14.563399416332739 ], [ 121.06860006012262, 14.563144663444174 ], [ 121.068277017858421, 14.563039393312113 ], [ 121.067423912938949, 14.562895503820027 ], [ 121.067044577869368, 14.562909276644467 ], [ 121.06623211461168, 14.563083626482054 ], [ 121.065823945778646, 14.563202438212453 ], [ 121.065571002992002, 14.563317307799382 ], [ 121.065480538193043, 14.563455591385813 ], [ 121.065463128866384, 14.563767140088432 ], [ 121.065464426736469, 14.563967519604175 ], [ 121.065661777268119, 14.565095313403917 ], [ 121.065778938802595, 14.565784685294155 ], [ 121.066066713030281, 14.567291743847685 ], [ 121.066093432162191, 14.567508600943988 ], [ 121.066125066971509, 14.567673749661704 ], [ 121.066505357281912, 14.569716089958579 ], [ 121.066509734624233, 14.569764672798952 ], [ 121.066542712535835, 14.570183816632959 ], [ 121.066452080655367, 14.570373402860852 ], [ 121.06634786080555, 14.570491880566777 ], [ 121.065082325027461, 14.571509238652675 ], [ 121.064539419690817, 14.571965940881405 ], [ 121.063685135822141, 14.572712685362076 ], [ 121.06251396542612, 14.573714969554233 ], [ 121.061926147031102, 14.574237864245232 ], [ 121.061068740822407, 14.574976704908321 ], [ 121.059482600221884, 14.576315161997655 ], [ 121.059375456576973, 14.576401247928059 ], [ 121.058849071501371, 14.575819105558386 ], [ 121.058430624198266, 14.5753722801026 ], [ 121.057889658351414, 14.574761074992994 ], [ 121.057193077601838, 14.57539873819511 ], [ 121.056674984759198, 14.575785693329509 ], [ 121.056172433745118, 14.576238926498785 ], [ 121.055234713883266, 14.577069695315398 ], [ 121.054420471813884, 14.577703411437687 ], [ 121.054359879136015, 14.577615335939488 ] ] ] } },
{ "type": "Feature", "properties": { "Agency": "LTFRB", "Type": "PUJ", "Route_Code": "PUJ40B", "Route_Name": "EDSA/West Ave-Panay Ave.", "Route_Begi": "Epifanio de los Santos Avenue / Bulacan Intersection, Quezon City", "Route_End": "Quezon Avenue, Quezon City", "Schedule_T": "04:00-22:00", "Trip_Code": "T358", "Schedule_D": "Mondays to Sundays" }, "geometry": { "type": "MultiLineString", "coordinates": [ [ [ 121.029473384570821, 14.655608912698652 ], [ 121.029594511198695, 14.655496466893895 ], [ 121.029830246561318, 14.655076107909789 ], [ 121.028629246909389, 14.649650517162081 ], [ 121.028446306348599, 14.648919514987503 ], [ 121.028204452560104, 14.647888108258858 ], [ 121.027714059538965, 14.64566845700001 ], [ 121.027687629699216, 14.645572511584396 ], [ 121.027502752309672, 14.644704484160714 ], [ 121.027093658057794, 14.642893801860618 ], [ 121.02704771864191, 14.642712873691636 ], [ 121.027035750969276, 14.64261280683632 ], [ 121.026954616596527, 14.642238481466379 ], [ 121.026557025192801, 14.640588557489112 ], [ 121.026473056443038, 14.640182703395309 ], [ 121.026383500139957, 14.639846642751895 ], [ 121.026190832482811, 14.638990831795883 ], [ 121.026155197991557, 14.638809024845234 ], [ 121.026138761238798, 14.638725224181625 ], [ 121.025942324314101, 14.63787695502033 ], [ 121.025898236727045, 14.637584672746286 ], [ 121.02585691891268, 14.637422123728324 ], [ 121.025631230644564, 14.63707312059665 ], [ 121.022201539256969, 14.63490622290421 ] ] ] } },
{ "type": "Feature", "properties": { "Agency": "LTFRB", "Type": null, "Route_Code": "PUJ41B", "Route_Name": "España-Project 2&3 via Timog Ave.", "Route_Begi": "Apo/Quezon Ave. Intersection, Quezon City", "Route_End": "Molave/Banuyo Intersection, Quezon City", "Schedule_T": "04:00-22:00", "Trip_Code": "T384", "Schedule_D": "Mondays to Sundays" }, "geometry": { "type": "MultiLineString", "coordinates": [ [ [ 121.002570378051459, 14.618504104979555 ], [ 121.00430938905447, 14.6200687546752 ], [ 121.004534250954237, 14.620285181233207 ], [ 121.006101747897446, 14.621710338855017 ], [ 121.006847205094942, 14.62238617208207 ], [ 121.007784219191052, 14.623229407144109 ], [ 121.009402591367333, 14.624678362676445 ], [ 121.010125020861096, 14.62535170399134 ], [ 121.01101235895041, 14.6262006421605 ], [ 121.011878957401137, 14.626937258314616 ], [ 121.013109014134869, 14.628060722799111 ], [ 121.013395053422343, 14.628331194517619 ], [ 121.014323169519088, 14.62914256921982 ], [ 121.015144222572488, 14.629880093022308 ], [ 121.015794761961757, 14.630396565308851 ], [ 121.016362455667178, 14.630939358166055 ], [ 121.016760933204452, 14.631241729445966 ], [ 121.017261007313607, 14.631573963640884 ], [ 121.017665110984339, 14.631837331290424 ], [ 121.018450913262669, 14.632334859911225 ], [ 121.019222568364114, 14.632776548737123 ], [ 121.020503495800952, 14.633593387666378 ], [ 121.021986597631084, 14.634450028176571 ], [ 121.024553213539122, 14.636110676973882 ], [ 121.025397379765025, 14.636647657789165 ], [ 121.026099696295148, 14.637045603010074 ], [ 121.026326962024569, 14.636848426665425 ], [ 121.026515369273, 14.636777540328923 ], [ 121.027259752858285, 14.636619610645292 ], [ 121.027596099936531, 14.636552406206256 ], [ 121.029134874556959, 14.636200417031056 ], [ 121.034936375506135, 14.634934850625742 ], [ 121.035016353140506, 14.634906077212023 ], [ 121.035120411790814, 14.634830605567155 ], [ 121.035170802539483, 14.634728437984986 ], [ 121.035214465010213, 14.63461655158715 ], [ 121.035238379784161, 14.634549319643892 ], [ 121.035234698885475, 14.634470365194062 ], [ 121.035222773600324, 14.634312475183531 ], [ 121.035181962962554, 14.634163346358662 ], [ 121.035156199043143, 14.634029232110475 ], [ 121.035131306623072, 14.633921713277475 ], [ 121.035022918133279, 14.63346127551924 ], [ 121.034993394989215, 14.633302293841883 ], [ 121.034889295714336, 14.632872604865916 ], [ 121.034867743162494, 14.632751466218695 ], [ 121.03474908378027, 14.632345984917563 ], [ 121.034724483736042, 14.632233255329153 ], [ 121.034618581111715, 14.63170741264129 ], [ 121.03458673856332, 14.631564926981756 ], [ 121.034506533594595, 14.631172463375158 ], [ 121.034413878455794, 14.630768467773839 ], [ 121.034381678031991, 14.630630457586685 ], [ 121.034250143875923, 14.630115691242541 ], [ 121.034167896065696, 14.629759702341412 ], [ 121.034137151267231, 14.629637866148986 ], [ 121.034046217370502, 14.629252985122397 ], [ 121.034025151407732, 14.629171068736431 ], [ 121.033918134029975, 14.628691993033529 ], [ 121.033597978599175, 14.627315437045082 ], [ 121.033732323441882, 14.627248414847347 ], [ 121.03392695050313, 14.627314414373801 ], [ 121.034229395288861, 14.627386403150068 ], [ 121.03639440037071, 14.628016613763682 ], [ 121.038647291565411, 14.628676347755784 ], [ 121.040964527358, 14.629336496823049 ], [ 121.04190999677715, 14.629604002760994 ], [ 121.043495458513291, 14.630050246491669 ], [ 121.043580770551031, 14.630076673190791 ], [ 121.04367260659167, 14.630101617022893 ], [ 121.044807775293393, 14.630424596756804 ], [ 121.044890557722496, 14.63044827558681 ], [ 121.044955066911498, 14.630467587407816 ], [ 121.045724065503691, 14.630689022210664 ], [ 121.046135229502298, 14.630819131969021 ], [ 121.047785084674686, 14.631304301276716 ], [ 121.049306973845006, 14.631745562514419 ], [ 121.053663441952054, 14.632997512121213 ], [ 121.054290415029612, 14.633175114516762 ], [ 121.054362132009501, 14.633194178794025 ], [ 121.05448278176236, 14.633232771212738 ], [ 121.058574035968221, 14.634424307200073 ], [ 121.058850495111543, 14.634494780669938 ], [ 121.059044279681302, 14.633799626010219 ], [ 121.059190839379426, 14.63329815800869 ], [ 121.059282360140685, 14.633199218464878 ], [ 121.0596827113324, 14.63279534701735 ], [ 121.060147995836019, 14.632385928354974 ], [ 121.060536131015965, 14.632023844482145 ], [ 121.060788208193912, 14.631528178494865 ], [ 121.061012520652966, 14.631129710578877 ], [ 121.061515676365985, 14.630148463342421 ], [ 121.061753662504003, 14.629711784669039 ], [ 121.061821522751089, 14.6296289409316 ], [ 121.061966860607725, 14.629502436871169 ], [ 121.062274200940053, 14.629316161597478 ], [ 121.062464635453068, 14.629175062593244 ], [ 121.062726473583254, 14.628990451309569 ], [ 121.062941973417978, 14.628705340695111 ], [ 121.063016348843817, 14.62855970982562 ], [ 121.063108901318287, 14.628565138005925 ], [ 121.063179504951151, 14.628588739638289 ], [ 121.066722939446635, 14.629248707636446 ], [ 121.067099306149004, 14.629330266402933 ], [ 121.067320279842818, 14.629422509894038 ], [ 121.068299223368243, 14.629875223390496 ], [ 121.069031653724409, 14.630261877970831 ] ] ] } },
{ "type": "Feature", "properties": { "Agency": "LTFRB", "Type": "PUJ", "Route_Code": "PUJ43B", "Route_Name": "PITX - Fairview", "Route_Begi": "Novastop, Quirino Highway, Caloocan City", "Route_End": "PITX", "Schedule_T": "06:00-23:00", "Trip_Code": null, "Schedule_D": "Mondays to Sundays" }, "geometry": { "type": "MultiLineString", "coordinates": [ [ [ 121.055688060102412, 14.734298447132669 ], [ 121.055465472655698, 14.732057487109476 ], [ 121.055453332469398, 14.73048400803131 ], [ 121.055558055971545, 14.730164948833332 ], [ 121.056181508986043, 14.72927752982074 ], [ 121.056815327480749, 14.728397448425689 ], [ 121.057989730360632, 14.726780033329618 ], [ 121.052031622345822, 14.72135478497365 ], [ 121.052348400966522, 14.720913326848541 ], [ 121.061282987036222, 14.710175755579751 ], [ 121.06399974108605, 14.706972517393734 ], [ 121.064259976168714, 14.706786816602561 ], [ 121.064662718784376, 14.706580340213996 ], [ 121.064972099919103, 14.706482216579957 ], [ 121.065589942024232, 14.706406502029521 ], [ 121.067209208328535, 14.706417496824402 ], [ 121.070477976915441, 14.706420340954462 ], [ 121.07119972541372, 14.706205482231583 ], [ 121.073590400028763, 14.705367390597475 ], [ 121.074477232347022, 14.705105191288871 ], [ 121.074955228526903, 14.705047137215951 ], [ 121.075539415225919, 14.705023027464316 ], [ 121.078528840085582, 14.705008454577261 ], [ 121.079765234465611, 14.704963005435301 ], [ 121.080512691838791, 14.704821679411443 ], [ 121.081286779159583, 14.704746906615396 ], [ 121.082134222448772, 14.704668728360984 ], [ 121.083363246608798, 14.704345693303607 ], [ 121.085176072722703, 14.70301482329735 ], [ 121.086244881548552, 14.70172336067424 ], [ 121.086861889560026, 14.700309548483483 ], [ 121.087142264371465, 14.69926383511514 ], [ 121.087188064778132, 14.696610603640774 ], [ 121.087199783327307, 14.692948690641613 ], [ 121.087069533425804, 14.688776527062451 ], [ 121.086854641504672, 14.687103835952557 ], [ 121.085861942217406, 14.684793997701371 ], [ 121.083466237142758, 14.679135694880072 ], [ 121.082522867749432, 14.677300520035287 ], [ 121.081952381330396, 14.676202089885125 ], [ 121.08029441717531, 14.673965748484747 ], [ 121.077911565698471, 14.671121253776123 ], [ 121.075955397401316, 14.669292325127218 ], [ 121.071757008675746, 14.666381606793385 ], [ 121.067450002361269, 14.663571876790929 ], [ 121.052824686705847, 14.653939817695376 ], [ 121.052009450772573, 14.653326838320668 ], [ 121.051501001359398, 14.653143675232721 ], [ 121.051290929915552, 14.653198893068863 ], [ 121.051187020439855, 14.653288067419417 ], [ 121.050415185097506, 14.653941894381569 ], [ 121.049258444846245, 14.654410608091958 ], [ 121.048787553769216, 14.654479349174489 ], [ 121.048011965826547, 14.65435392348448 ], [ 121.047454241770595, 14.654194383137357 ], [ 121.047028426168097, 14.653723353148289 ], [ 121.046685063487075, 14.653262483538153 ], [ 121.046533129016026, 14.652658275606774 ], [ 121.046493897406535, 14.652154892306928 ], [ 121.046692757502996, 14.650780776267259 ], [ 121.046784301685875, 14.650529355423506 ], [ 121.046790201862223, 14.650276298682593 ], [ 121.046708025629613, 14.650099761885471 ], [ 121.046489455497962, 14.649913356633915 ], [ 121.045927947990208, 14.649549726242267 ], [ 121.044133219700925, 14.64852702647422 ], [ 121.041413685581276, 14.646785932704471 ], [ 121.037620516317645, 14.644506033223898 ], [ 121.028064505639023, 14.638477569076224 ], [ 121.02509097356814, 14.636660453160331 ], [ 121.020388324160777, 14.633826316439155 ], [ 121.016073984386324, 14.631050774599709 ], [ 121.015019661663089, 14.630085939940001 ], [ 121.001909767797244, 14.618064802975676 ], [ 121.001700654094137, 14.61796646169339 ], [ 121.001599412302596, 14.617937801201592 ], [ 121.001488163650265, 14.617837451987405 ], [ 121.001388862558869, 14.61764312818134 ], [ 121.001336910145, 14.617572986483797 ], [ 120.999094355230895, 14.615575734758018 ], [ 120.998517459324304, 14.614989614325927 ], [ 120.996052280765085, 14.612824879650404 ], [ 120.99020248505812, 14.607404930315624 ], [ 120.989398396689737, 14.606723413148778 ], [ 120.988141117725363, 14.605586467345622 ], [ 120.988022160537241, 14.605499799949436 ], [ 120.987909503624437, 14.605434105700875 ], [ 120.985453577383481, 14.604805695091587 ], [ 120.985285856755894, 14.604725327357835 ], [ 120.985220627706525, 14.604359482473674 ], [ 120.983704239603696, 14.59680302645593 ], [ 120.982845373196724, 14.5961786771135 ], [ 120.981021945509568, 14.594991650685813 ], [ 120.980231812027341, 14.594456618026955 ], [ 120.97915889366422, 14.594117718201939 ], [ 120.978981768482086, 14.594001374294534 ], [ 120.978923809381754, 14.593827984178748 ], [ 120.978976024086776, 14.593458965779648 ], [ 120.979280496775218, 14.593057534541698 ], [ 120.979606155447527, 14.592526461500196 ], [ 120.980072751311525, 14.591977403588698 ], [ 120.981014461090965, 14.588768220461503 ], [ 120.981337026271618, 14.588271364331201 ], [ 120.981830752497373, 14.58735045870378 ], [ 120.983090790782597, 14.585117908557296 ], [ 120.984770143265095, 14.582118581677069 ], [ 120.98970205940465, 14.573449135529241 ], [ 120.991519579847136, 14.570220251973121 ], [ 120.991785316718321, 14.569616355299807 ], [ 120.992294563080705, 14.568572250202672 ], [ 120.994647915451381, 14.563579860979665 ], [ 120.995255327223248, 14.562281694540264 ], [ 120.995423937059087, 14.561258598922622 ], [ 120.996178135330112, 14.55814618426251 ], [ 120.997026920803918, 14.554168780799708 ], [ 120.993973953161699, 14.553581856774812 ], [ 120.99308969387252, 14.553463402844145 ], [ 120.991988314251458, 14.553233596995341 ], [ 120.990773334426891, 14.552857654398229 ], [ 120.989335845615827, 14.552378803679547 ], [ 120.986163177182803, 14.551554284127249 ], [ 120.985897472479223, 14.551427091223678 ], [ 120.986033458902426, 14.550588553349391 ], [ 120.986449313713536, 14.548915208077 ], [ 120.986883007510031, 14.547372177138676 ], [ 120.987497184188982, 14.544801049583445 ], [ 120.987765872290993, 14.543727492056968 ], [ 120.987850854218493, 14.543029123671976 ], [ 120.988035915325284, 14.541754945844293 ], [ 120.988282014961101, 14.540064086545383 ], [ 120.988426674305984, 14.539070999493063 ], [ 120.988679555213679, 14.537707150866606 ], [ 120.990609568680881, 14.522241969611214 ], [ 120.990734530046467, 14.520801117594333 ], [ 120.990652841160909, 14.519433793804307 ], [ 120.990561784084605, 14.516956657148629 ], [ 120.99008458774928, 14.513649483610306 ], [ 120.989415186565168, 14.51098789035006 ], [ 120.989993189679453, 14.510802837489585 ], [ 120.990977472232444, 14.510541234886732 ], [ 120.991193343369872, 14.511278904729291 ], [ 120.991247477061549, 14.511813620049965 ], [ 120.991309549300581, 14.51227392950369 ], [ 120.991312752692565, 14.512335401423156 ], [ 120.99169907152752, 14.512230589628512 ], [ 120.992031573020228, 14.512074430684118 ], [ 120.991962372140677, 14.511720274557071 ], [ 120.991744133698035, 14.511778811748689 ], [ 120.991721251289817, 14.511660910432772 ], [ 120.991620577247133, 14.511681469673411 ], [ 120.99068228848634, 14.508445525958471 ], [ 120.990863086286012, 14.508358218108922 ], [ 120.991683207948782, 14.51091708442037 ] ] ] } },
{ "type": "Feature", "properties": { "Agency": "LTFRB", "Type": "PUJ", "Route_Code": "PUJ45B", "Route_Name": "Kamuning - Vito Cruz via E. Rodriguez A. Mabini", "Route_Begi": "Kamuning Rd. / Scout Rallos Extension Intersection, Quezon City", "Route_End": "Hospital, A. Mabini, City of Manila", "Schedule_T": "04:00-22:00", "Trip_Code": "T3111", "Schedule_D": "Mondays to Sundays" }, "geometry": { "type": "MultiLineString", "coordinates": [ [ [ 121.045419959407297, 14.630679543139413 ], [ 121.044835065983079, 14.630509539269431 ], [ 121.043550858485801, 14.63015299721371 ], [ 121.041938179317157, 14.62969300274043 ], [ 121.040931253308358, 14.629389279737927 ], [ 121.038621705686737, 14.628728763085173 ], [ 121.037045699560863, 14.628266802497631 ], [ 121.034301331932014, 14.627480191713916 ], [ 121.033579345014061, 14.627324902736495 ], [ 121.033527081757441, 14.627129098703877 ], [ 121.033359010468359, 14.626243415994082 ], [ 121.033142603931424, 14.625311656037431 ], [ 121.032887907867803, 14.624145308302218 ], [ 121.03138663060912, 14.624008618834214 ], [ 121.029334778717299, 14.623400739073398 ], [ 121.026372405182272, 14.622482034342219 ], [ 121.022242193462645, 14.621202695623314 ], [ 121.016011051062137, 14.619232227614317 ], [ 121.014805695116806, 14.618932163105731 ], [ 121.009769486166775, 14.618510316020767 ], [ 121.005266567224609, 14.618104827711161 ], [ 121.002117926715115, 14.61780554647469 ], [ 121.001976916415231, 14.61788001108474 ], [ 121.00192841065747, 14.617895792157608 ], [ 121.001986939208535, 14.618000768573598 ], [ 121.00308324553086, 14.618959197072339 ], [ 121.003105840615532, 14.619019424612413 ], [ 121.00309420631055, 14.619053882074759 ], [ 121.0030720808616, 14.619080866494992 ], [ 121.003020506543933, 14.619107968755964 ], [ 121.002969770197538, 14.6191170711458 ], [ 121.002483527009815, 14.618678002959024 ], [ 121.001797941359925, 14.618069455820077 ], [ 121.001667662834365, 14.617999275851881 ], [ 121.001557375685934, 14.617974007210213 ], [ 121.001497597334989, 14.617909775027879 ], [ 121.001444353557289, 14.617781639009941 ], [ 121.001425065329173, 14.617662563355921 ], [ 121.001224367003786, 14.617484833708279 ], [ 120.999063340905408, 14.615475027363315 ], [ 120.998828814151878, 14.615269100754841 ], [ 120.995856627823059, 14.612556823481384 ], [ 120.991349840769303, 14.60849337286583 ], [ 120.988146477850464, 14.605623797713362 ], [ 120.987913977422266, 14.605460717410612 ], [ 120.985926125057304, 14.604899024376691 ], [ 120.98532057254188, 14.604702550838452 ], [ 120.984989024348224, 14.603411835354169 ], [ 120.984867295125284, 14.603122193258008 ], [ 120.984779480496755, 14.602636038359556 ], [ 120.984625496399019, 14.601863879575644 ], [ 120.984332397476123, 14.600403157446841 ], [ 120.984137436492503, 14.599297432047379 ], [ 120.983961160669452, 14.598044298894751 ], [ 120.983749896091226, 14.596948327324521 ], [ 120.983697482974748, 14.596747208883105 ], [ 120.983512788463344, 14.596576471173814 ], [ 120.98274284169085, 14.596065893442983 ], [ 120.981534050878125, 14.595260383242673 ], [ 120.980501498157381, 14.594592860635624 ], [ 120.980120811326117, 14.594439992201666 ], [ 120.979533367524766, 14.594280810368733 ], [ 120.979136528264846, 14.594125729060853 ], [ 120.979013839504205, 14.594044135360919 ], [ 120.978960436083099, 14.593996089134652 ], [ 120.978903994146563, 14.593900492467654 ], [ 120.978887931339017, 14.593846926120257 ], [ 120.978880476642814, 14.593638348906389 ], [ 120.979310695849264, 14.592947957608805 ], [ 120.979752050406034, 14.592422753971245 ], [ 120.98006873848459, 14.592026483994406 ], [ 120.980175086105774, 14.591789147335051 ], [ 120.980284213731125, 14.591363923791564 ], [ 120.980599756639563, 14.590147826024303 ], [ 120.980752141350493, 14.589329277959127 ], [ 120.980886620591633, 14.588748907832848 ], [ 120.980895230067063, 14.588571281910827 ], [ 120.980898565282402, 14.588444304239188 ], [ 120.980883429901979, 14.58822088978782 ], [ 120.980621907709661, 14.58743995165862 ], [ 120.980424644045101, 14.586828048458891 ], [ 120.980151016803546, 14.585966864705778 ], [ 120.979913122010146, 14.585695471970434 ], [ 120.979642211571814, 14.585493820848193 ], [ 120.979333845304325, 14.585334614626055 ], [ 120.979093335071653, 14.585454974093286 ], [ 120.978813587784089, 14.585595320979138 ], [ 120.978563275734885, 14.585739822776327 ], [ 120.978382938096374, 14.58580677896499 ], [ 120.978309472176477, 14.585826348960191 ], [ 120.978235463672789, 14.585782697943644 ], [ 120.978296153348069, 14.585372957592105 ], [ 120.978344042686658, 14.585049217454067 ], [ 120.978379624128522, 14.584931310274932 ], [ 120.978613751328183, 14.584806499833496 ], [ 120.978754356567649, 14.584811185915074 ], [ 120.979362414984024, 14.584681197726759 ], [ 120.979828906321487, 14.584278551268024 ], [ 120.980011715127063, 14.583953319942648 ], [ 120.981000748241684, 14.582096014010812 ], [ 120.981045024975074, 14.581960717037063 ], [ 120.980437035454415, 14.581624524935656 ], [ 120.979638586182972, 14.581128055275745 ], [ 120.97869622680399, 14.580647157681105 ], [ 120.979186504085234, 14.579547381091945 ], [ 120.979528083650109, 14.578848183588288 ], [ 120.980015239297245, 14.577799450294064 ], [ 120.980457834089961, 14.576921000144472 ], [ 120.980864089207657, 14.576113903215383 ], [ 120.983735905272496, 14.570148803575503 ], [ 120.984118253655595, 14.569380361645454 ], [ 120.984382522450645, 14.568820095956324 ], [ 120.984676092014567, 14.568300624094396 ], [ 120.985355473076865, 14.566860903281494 ], [ 120.985911916320774, 14.565822903560161 ], [ 120.986331320103574, 14.564819876469983 ], [ 120.98702585774582, 14.565130368677091 ], [ 120.987400222795856, 14.565339915153221 ], [ 120.987735866336052, 14.565556087322753 ], [ 120.988330492553231, 14.566258016341699 ], [ 120.988850723409854, 14.565902384495947 ], [ 120.989732804062967, 14.565331136387575 ], [ 120.989992950090453, 14.565144159114526 ], [ 120.990235567171794, 14.564857112863804 ], [ 120.990397524311845, 14.564490357187932 ], [ 120.991014974098931, 14.563370561253874 ], [ 120.991576370033371, 14.5622738502306 ], [ 120.991942733260274, 14.561480113605372 ] ] ] } },
{ "type": "Feature", "properties": { "Agency": "LTFRB", "Type": "PUJ", "Route_Code": "PUJ47B", "Route_Name": "Welcome Rotonda - Lagro", "Route_Begi": "Apo / Quezon Avenue Intersection, Quezon City", "Route_End": "Apo / Quezon Avenue Intersection, Quezon City", "Schedule_T": "06:00-23:00", "Trip_Code": null, "Schedule_D": "Mondays to Sundays" }, "geometry": { "type": "MultiLineString", "coordinates": [ [ [ 121.002526360999283, 14.617895101843649 ], [ 121.00220923492364, 14.617833049688477 ], [ 121.002117926715115, 14.61780554647469 ], [ 121.002005942261079, 14.617821140764576 ], [ 121.001960016197316, 14.617836324960127 ], [ 121.001928674856629, 14.617883733725639 ], [ 121.00192841065747, 14.617895792157608 ], [ 121.002000604866083, 14.617992414644419 ], [ 121.003495104828701, 14.619316564591676 ], [ 121.00534566335719, 14.620984717602537 ], [ 121.007550790146837, 14.62300395145483 ], [ 121.008920172480828, 14.62427889174165 ], [ 121.01058979769104, 14.625809347709989 ], [ 121.013380168369821, 14.628296345817313 ], [ 121.015908837593969, 14.630621926832612 ], [ 121.016276771815413, 14.630946820871165 ], [ 121.016865106761557, 14.631354517236678 ], [ 121.017690554321661, 14.631840110972973 ], [ 121.021086110568092, 14.633966508605283 ], [ 121.024918548313764, 14.636372900192889 ], [ 121.02678817889317, 14.637486809247074 ], [ 121.030373531840453, 14.63976667811712 ], [ 121.03292526758095, 14.641344224294665 ], [ 121.03766969188257, 14.644193101803936 ], [ 121.043069722051513, 14.64755929327991 ], [ 121.046104049967724, 14.649366891999851 ], [ 121.046508746150764, 14.649591192818507 ], [ 121.046867088914851, 14.649681678710548 ], [ 121.047268588487057, 14.649664108699978 ], [ 121.04762162312278, 14.64940992391022 ], [ 121.048777045981353, 14.648796397512898 ], [ 121.0493193004408, 14.648627646277482 ], [ 121.04963997258848, 14.648569656490091 ], [ 121.050068743346813, 14.6485692361933 ], [ 121.050414296055436, 14.648628801085836 ], [ 121.050588639059555, 14.648691848604775 ], [ 121.050991274377097, 14.648877352336365 ], [ 121.051197369023001, 14.64900727002664 ], [ 121.051398732339877, 14.64924335501742 ], [ 121.051851123312773, 14.649981259886653 ], [ 121.051916276598917, 14.650600788536289 ], [ 121.052003475164952, 14.651211226510469 ], [ 121.051953005342611, 14.65162024646655 ], [ 121.051693866499079, 14.652647123554239 ], [ 121.051702573510411, 14.652743793981042 ], [ 121.05175249069876, 14.652853645684916 ], [ 121.052395473893213, 14.65326355443516 ], [ 121.053756753498632, 14.653999005775251 ], [ 121.054284076676382, 14.654299105104743 ], [ 121.057319732324373, 14.656388958715313 ], [ 121.060496600633144, 14.658522381465461 ], [ 121.063943105800249, 14.660855393386429 ], [ 121.069957883235034, 14.664783610518187 ], [ 121.075673826396823, 14.668692697413555 ], [ 121.078470399553623, 14.671170131166255 ], [ 121.079311770513343, 14.671935938324321 ], [ 121.080876032693311, 14.674003818038178 ], [ 121.081837249903799, 14.675341111407878 ], [ 121.082585917671338, 14.676540710648089 ], [ 121.083597380825651, 14.678307893540493 ], [ 121.084084424620229, 14.679437615655148 ], [ 121.085268876397052, 14.682256391749313 ], [ 121.086583608757124, 14.685355872987962 ], [ 121.087123033056443, 14.687094504528472 ], [ 121.087414686066111, 14.688925333701741 ], [ 121.087407555198013, 14.690578924847317 ], [ 121.087465659395377, 14.693418752304162 ], [ 121.087540826581659, 14.696025822067444 ], [ 121.087528804266242, 14.69630448200691 ], [ 121.087539875437614, 14.697013270922406 ], [ 121.087547912799167, 14.698116152878908 ], [ 121.087441940265705, 14.699143893855041 ], [ 121.087239238995579, 14.699971160122626 ], [ 121.086926696670261, 14.700832867763459 ], [ 121.086419579409423, 14.701899082952458 ], [ 121.086133487011622, 14.702341036191328 ], [ 121.085424788114651, 14.70316981471928 ], [ 121.084952598947623, 14.703670353642156 ], [ 121.084498164756496, 14.70403948847377 ], [ 121.083609037870858, 14.704627625135556 ], [ 121.083386122914376, 14.704739921953406 ], [ 121.082915554957154, 14.704896352129165 ], [ 121.082035714294804, 14.70511212176867 ], [ 121.075196033451377, 14.7052096355565 ], [ 121.074644642826911, 14.705294327900448 ], [ 121.073933430244779, 14.7054775650819 ], [ 121.070589411530435, 14.706573212290126 ], [ 121.069839625755534, 14.706598302863492 ], [ 121.066075654722269, 14.706588624571822 ], [ 121.06521684463209, 14.706673110919972 ], [ 121.064649916813266, 14.706855128077423 ], [ 121.063994827525278, 14.707264550041046 ], [ 121.063484361432387, 14.707850879722015 ], [ 121.062667181651648, 14.708777908422222 ], [ 121.061608448341389, 14.71007068363947 ], [ 121.061235720148872, 14.710487991746474 ], [ 121.061217305902389, 14.710918184181031 ], [ 121.06121903149328, 14.711500431193183 ], [ 121.061253317704129, 14.713078387413319 ], [ 121.061260916914904, 14.715351650489154 ], [ 121.061267985521127, 14.720129183063767 ], [ 121.067117780172126, 14.720144851484481 ], [ 121.067095894962762, 14.723707889439689 ], [ 121.067092252545109, 14.723818138914531 ], [ 121.067037007465686, 14.72397454464004 ], [ 121.066671471538172, 14.724677920283527 ], [ 121.066643643135649, 14.724749878344502 ], [ 121.066631911137449, 14.724889347018038 ], [ 121.066627592779085, 14.725872202720623 ], [ 121.06663003711364, 14.725994456897748 ], [ 121.066648386571714, 14.726063166706854 ], [ 121.067107949650264, 14.726902030172948 ], [ 121.067201086004843, 14.727094469179251 ], [ 121.06726051497067, 14.727261954684367 ], [ 121.067434762297466, 14.72817946029202 ], [ 121.06754759526396, 14.728733127676634 ], [ 121.067832951624794, 14.728916409727596 ], [ 121.06789277442212, 14.728961398512698 ], [ 121.067937962113191, 14.729066085569611 ], [ 121.067954770521084, 14.729173196618566 ], [ 121.06797501677832, 14.729334287388271 ], [ 121.067974597642291, 14.729424778793296 ], [ 121.067922001164106, 14.729539209625313 ], [ 121.06785663390572, 14.729654731239622 ], [ 121.067755094243026, 14.729749684815426 ], [ 121.067599060068645, 14.729827026866303 ], [ 121.067481560810535, 14.729871853351108 ], [ 121.067426656571669, 14.73251367067321 ], [ 121.06744267658145, 14.733690312091039 ] ] ] } },
{ "type": "Feature", "properties": { "Agency": "LTFRB", "Type": "PUJ", "Route_Code": "PUJ48B", "Route_Name": "Quirino Highway via Tandang Sora - Marcos Ave", "Route_Begi": "Tandang Sora / Demetria Reynaldo Intersection, Quezon City", "Route_End": "Shell Gas Station, Quirino Highway, Quezon City", "Schedule_T": "04:00-22:00", "Trip_Code": "T139", "Schedule_D": "Mondays to Sundays" }, "geometry": { "type": "MultiLineString", "coordinates": [ [ [ 121.067779105932743, 14.66433193409147 ], [ 121.067546048687916, 14.664540356008942 ], [ 121.067298841836347, 14.664684065830755 ], [ 121.0668202264185, 14.664922718260982 ], [ 121.066188524247764, 14.665255403194299 ], [ 121.065271779069491, 14.665602028150429 ], [ 121.065107274577272, 14.665648463220785 ], [ 121.064899916529583, 14.665693932925413 ], [ 121.064549105812802, 14.665703083600247 ], [ 121.064241519534278, 14.665664594342443 ], [ 121.063985183475978, 14.665614787834052 ], [ 121.063817926889229, 14.665617509978821 ], [ 121.063718715346596, 14.665650271176482 ], [ 121.063485899265217, 14.665782338850638 ], [ 121.062702716811856, 14.666306054089558 ], [ 121.0623438209292, 14.666462767609433 ], [ 121.06199236933638, 14.666570271651967 ], [ 121.06082103415423, 14.666952500894437 ], [ 121.059907499342827, 14.667229439175555 ], [ 121.058882070616818, 14.667451165248718 ], [ 121.058450223443714, 14.667536616788198 ], [ 121.057186675457345, 14.667805268960789 ], [ 121.056655096277765, 14.667917737190034 ], [ 121.05638018551177, 14.667978219158659 ], [ 121.055976401954851, 14.668098277609177 ], [ 121.055573630751525, 14.668269134804259 ], [ 121.054766553661636, 14.668752070705917 ], [ 121.054223963729044, 14.669085207709967 ], [ 121.05362317067808, 14.669458007298646 ], [ 121.053068621506767, 14.669843048181487 ], [ 121.052492763084686, 14.67038719027968 ], [ 121.051952642963315, 14.67087970698039 ], [ 121.051624689845553, 14.671169071220689 ], [ 121.050866690076845, 14.671775016922942 ], [ 121.050330205451303, 14.672202455131298 ], [ 121.049978876486392, 14.672496125011575 ], [ 121.049641772224177, 14.672894977672014 ], [ 121.04919095315789, 14.67327115390489 ], [ 121.049195998551838, 14.673300792130167 ], [ 121.049666201399219, 14.67335086459423 ], [ 121.050176197623856, 14.673420669344917 ], [ 121.050543605282641, 14.673516522314923 ], [ 121.051386966654192, 14.673673517852707 ], [ 121.052336578037298, 14.673809875200444 ], [ 121.053266565354633, 14.673820689459484 ], [ 121.054328966010559, 14.673771622234678 ], [ 121.055212791333105, 14.673612895189615 ], [ 121.055228797776095, 14.673764186236216 ], [ 121.055014398003479, 14.67379752604575 ], [ 121.053657883900783, 14.673944565275866 ], [ 121.052717140594822, 14.673946235732028 ], [ 121.051660905753423, 14.673879119544747 ], [ 121.050552886867521, 14.673659135488522 ], [ 121.049923884589177, 14.673481527024681 ], [ 121.049320853543861, 14.673486739382639 ], [ 121.049078452110876, 14.673433413617122 ], [ 121.048891681096435, 14.673536092195572 ], [ 121.048697277576991, 14.673646361024236 ], [ 121.047952697337934, 14.673979374174166 ], [ 121.047593717018174, 14.674122192196821 ], [ 121.047288550503453, 14.674321711059539 ], [ 121.047060637817125, 14.674455655124815 ], [ 121.045451335027138, 14.67551587579554 ], [ 121.045019891240045, 14.675764331664068 ], [ 121.044932978477817, 14.675801817155763 ], [ 121.044663141610044, 14.67587919855665 ], [ 121.044300849082944, 14.675985285913455 ], [ 121.042957123165451, 14.676340494730583 ], [ 121.041788836134771, 14.676585894630582 ], [ 121.040771029733065, 14.676800524455048 ], [ 121.040250881405441, 14.676881908585889 ], [ 121.039984499050831, 14.676918512408108 ], [ 121.039600287783614, 14.67691312597187 ], [ 121.039229877266678, 14.676849893543388 ], [ 121.038832375219769, 14.67674965099328 ], [ 121.038106827036827, 14.676542082549647 ], [ 121.037906265525933, 14.676504836266714 ], [ 121.037731264165714, 14.676513982026773 ], [ 121.037176701019888, 14.676569382683928 ], [ 121.033429580124647, 14.676818437822508 ], [ 121.032825378078613, 14.676850305641146 ], [ 121.032530795121374, 14.676956382072705 ], [ 121.032224895834688, 14.677081926946308 ], [ 121.03222008241039, 14.67755649718727 ], [ 121.032184504841396, 14.678098454204102 ], [ 121.03212130544965, 14.67958761658166 ], [ 121.032069629442162, 14.679660256104093 ], [ 121.031990535101116, 14.679665844549978 ], [ 121.031950105248853, 14.679612624421791 ], [ 121.031956082468881, 14.679269794584449 ], [ 121.031988032918463, 14.678278273588276 ], [ 121.032013622668686, 14.677202871347179 ], [ 121.031866063854096, 14.677239741039157 ], [ 121.031744751908036, 14.677277841848232 ], [ 121.031034039203874, 14.677565119396721 ], [ 121.029680179213685, 14.678151253652821 ], [ 121.029065912509282, 14.678401388842287 ], [ 121.028756524260643, 14.678448585265141 ], [ 121.027921867034735, 14.678599546871528 ], [ 121.026574193968358, 14.678779208165819 ], [ 121.025437614360342, 14.67895474390845 ], [ 121.02499426816334, 14.679071179082063 ], [ 121.024011224835846, 14.679342328542768 ], [ 121.023473678891989, 14.679494546063333 ], [ 121.022134483107962, 14.679636450770548 ], [ 121.021531879755045, 14.67969937717362 ], [ 121.020606681520036, 14.679847620241679 ], [ 121.019372605584593, 14.680048781970463 ], [ 121.019218115697299, 14.680074669147212 ] ] ] } },
{ "type": "Feature", "properties": { "Agency": "LTFRB", "Type": "PUJ", "Route_Code": "PUJ49B", "Route_Name": "Montalban-Marikina", "Route_Begi": "Montalban Highway / R Reyes Street Intersection near Montalban Town Centre, Rodriguez", "Route_End": "W Paz, Marikina City", "Schedule_T": "04:00-22:00", "Trip_Code": "T294", "Schedule_D": "Mondays to Sundays" }, "geometry": { "type": "MultiLineString", "coordinates": [ [ [ 121.137948802061061, 14.730116919598162 ], [ 121.141560320777145, 14.729362231097666 ], [ 121.14408809792107, 14.728805101656256 ], [ 121.143686156819015, 14.727776330226554 ], [ 121.143292200902366, 14.726997343866797 ], [ 121.142787596852813, 14.726072399894202 ], [ 121.142621125871244, 14.725470635325477 ], [ 121.142356695816176, 14.724716665045323 ], [ 121.142226752014693, 14.724423341845235 ], [ 121.141895567246465, 14.7241034091358 ], [ 121.141718722864965, 14.723906994336282 ], [ 121.141686028953728, 14.723772755590806 ], [ 121.141621644313702, 14.723347026892009 ], [ 121.141609726735169, 14.723230004179872 ], [ 121.141539024498485, 14.72312253684246 ], [ 121.140764891211433, 14.722272933788064 ], [ 121.140472865022716, 14.721931580736369 ], [ 121.140015161859253, 14.721253522964965 ], [ 121.139599347484207, 14.720642829049023 ], [ 121.138547694239293, 14.719113905137926 ], [ 121.138116357267506, 14.71837552949256 ], [ 121.137112834212189, 14.716704433537323 ], [ 121.136814606887739, 14.716279751634943 ], [ 121.13580209778884, 14.71478745556481 ], [ 121.135684462063637, 14.714542098468968 ], [ 121.135516670364112, 14.714196542133694 ], [ 121.135422993847499, 14.714098783124898 ], [ 121.135309629271546, 14.713988520485239 ], [ 121.135158577118432, 14.713930511957422 ], [ 121.134876341426562, 14.713682491395224 ], [ 121.134507741087234, 14.713124507848466 ], [ 121.134166987240775, 14.712610580809013 ], [ 121.133479177581066, 14.710956276413867 ], [ 121.133329776686494, 14.710557538613839 ], [ 121.133069364761099, 14.710206372909125 ], [ 121.132553151172232, 14.709686840023188 ], [ 121.132182896607276, 14.709249619776676 ], [ 121.131961920966674, 14.708924100582497 ], [ 121.131541744273235, 14.708103482540347 ], [ 121.131471515090738, 14.708001132613953 ], [ 121.131025414922476, 14.707626530061784 ], [ 121.130838947967149, 14.707499308409524 ], [ 121.130441855401543, 14.707351433085689 ], [ 121.130078868118531, 14.707272880162938 ], [ 121.129885489237097, 14.707281710616391 ], [ 121.129602916859625, 14.707337532009017 ], [ 121.129428211261015, 14.707398946146071 ], [ 121.129260438076315, 14.707419773018824 ], [ 121.129157311095781, 14.707407968244658 ], [ 121.129052762011881, 14.707351131793224 ], [ 121.128999549330018, 14.707275705300031 ], [ 121.128731541703942, 14.70695034326414 ], [ 121.128251033233994, 14.706327114815792 ], [ 121.127324902599312, 14.705038459530362 ], [ 121.126646204806008, 14.703832920048058 ], [ 121.126422017348702, 14.703350180876463 ], [ 121.126234933717697, 14.702661811694856 ], [ 121.126199701716402, 14.702448093666222 ], [ 121.126010858518242, 14.702074663339852 ], [ 121.125373343346425, 14.700990125596501 ], [ 121.125333197156138, 14.70096389282393 ], [ 121.125239747810113, 14.700934486145194 ], [ 121.125157628856627, 14.700964420826553 ], [ 121.124619411020632, 14.701161150164049 ], [ 121.124471675764227, 14.701198318619396 ], [ 121.123709168105734, 14.699698752820224 ], [ 121.123621015424845, 14.699515370123953 ], [ 121.123545300360533, 14.699410907987495 ], [ 121.122789650643611, 14.698749315986072 ], [ 121.120642137307129, 14.696927169820286 ], [ 121.11932973146989, 14.69578044647629 ], [ 121.118959963914023, 14.69548854847684 ], [ 121.118680833343845, 14.695405131563492 ], [ 121.118195078129091, 14.695397711043192 ], [ 121.117619805679567, 14.695426338132727 ], [ 121.117452279656632, 14.694364745625785 ], [ 121.117354527259678, 14.693635182571995 ], [ 121.11717014949383, 14.69253375007095 ], [ 121.116826808057539, 14.690348059710624 ], [ 121.116470306205287, 14.687928698573353 ], [ 121.116435337012902, 14.687791072883936 ], [ 121.116412636028357, 14.687627884714036 ], [ 121.116161901794911, 14.686056088993874 ], [ 121.11611928901705, 14.685716572785427 ], [ 121.11602168002355, 14.684621899807912 ], [ 121.11595562317477, 14.6840083107308 ], [ 121.115955596207684, 14.683817378802129 ], [ 121.115876345998629, 14.683659033442074 ], [ 121.115602089160575, 14.68316132165508 ], [ 121.1148952821043, 14.681822096389689 ], [ 121.114564769576731, 14.681332426400099 ], [ 121.113031473151679, 14.679514390577797 ], [ 121.111714246018963, 14.677872650156031 ], [ 121.10990603893471, 14.675519524893565 ], [ 121.109815705666648, 14.675194414565969 ], [ 121.10953363020198, 14.674008456228693 ], [ 121.109176784057468, 14.672728271770346 ], [ 121.108950914138276, 14.671929689631893 ], [ 121.108447905760386, 14.670293050932536 ], [ 121.108015374972467, 14.668908396712006 ], [ 121.10769644377595, 14.667901044981779 ], [ 121.106512110078356, 14.664090868073664 ], [ 121.10609962706009, 14.662803187461272 ], [ 121.103696655945541, 14.657589199294392 ], [ 121.103657711553851, 14.657466103631464 ], [ 121.103490080934762, 14.656431606200563 ], [ 121.103337234995479, 14.655487439818128 ], [ 121.103153697523524, 14.654379478350915 ], [ 121.103110916444351, 14.651819337868654 ], [ 121.103039466992101, 14.651353665736396 ], [ 121.103031331319627, 14.651278246584079 ], [ 121.102530689092106, 14.651207570547967 ], [ 121.102504054502035, 14.651202432253722 ], [ 121.102479601765992, 14.651177433279175 ], [ 121.102458606093265, 14.651135689709937 ], [ 121.102471783913145, 14.651017485795199 ], [ 121.10257557412173, 14.650332593000634 ], [ 121.102448805869614, 14.650088005028906 ], [ 121.102301317258338, 14.649936787162694 ], [ 121.102030674025116, 14.649727735317201 ], [ 121.101524992892735, 14.649469135090735 ], [ 121.10114331942556, 14.649380533332764 ], [ 121.100546902384323, 14.649327726259521 ], [ 121.09989738890846, 14.649442658519142 ], [ 121.099528329544185, 14.649478175364944 ], [ 121.099336142332561, 14.649478252058582 ], [ 121.099105980123525, 14.649453623946108 ], [ 121.098778522605997, 14.649378439908098 ], [ 121.0981460338826, 14.649241632467293 ], [ 121.097950531369889, 14.649160315573848 ], [ 121.097583452746804, 14.648756321914407 ], [ 121.097442355419716, 14.648587783175401 ], [ 121.097114362572, 14.647948872844555 ], [ 121.096912511802373, 14.647503647634691 ], [ 121.096527723718665, 14.645846554318773 ], [ 121.09641579373988, 14.645443302865534 ], [ 121.096250168968965, 14.645091089248606 ], [ 121.096097793661841, 14.644782895009206 ], [ 121.095503303514946, 14.643760407810534 ], [ 121.094312375431102, 14.642119394947883 ], [ 121.094123502977894, 14.641905918888574 ], [ 121.094086197883954, 14.641799589233079 ], [ 121.094069043535413, 14.641508070190531 ], [ 121.094104920167496, 14.641112813015662 ], [ 121.094219920892343, 14.640246322744339 ], [ 121.094183710531951, 14.639049666892555 ], [ 121.094118465729991, 14.638478782471719 ], [ 121.094110695656681, 14.637704902044941 ], [ 121.094137014713212, 14.63729913850732 ], [ 121.094324759763339, 14.636560623478932 ], [ 121.094436661226254, 14.636325958844198 ], [ 121.094158722640501, 14.636306491123985 ], [ 121.093858618864147, 14.636357970410559 ], [ 121.093656770129826, 14.636323637121111 ], [ 121.093588430290694, 14.636241758112789 ], [ 121.093543184435319, 14.636034054437385 ], [ 121.093593069577494, 14.635823371699695 ], [ 121.093617286685131, 14.635798078036387 ], [ 121.094001595390012, 14.635798738459137 ], [ 121.094349957084972, 14.635753450535267 ], [ 121.094318815299289, 14.635467134674224 ], [ 121.094361280703509, 14.635027450279317 ], [ 121.094607266710341, 14.634699360818413 ], [ 121.094846980664698, 14.634389868991089 ], [ 121.094913941198712, 14.634221587853675 ], [ 121.094953782892617, 14.633547330976333 ], [ 121.095114994499411, 14.632808504820332 ], [ 121.095163378857933, 14.632463780355724 ], [ 121.096361925600092, 14.632663101214947 ] ] ] } },
{ "type": "Feature", "properties": { "Agency": "LTFRB", "Type": "PUJ", "Route_Code": "PUJ50B", "Route_Name": "Marikina - Pateros via Pasig, San Antonio", "Route_Begi": "Marikina Sports Center Transport Terminal, Shoe Ave., Marikina City", "Route_End": "M. Almeda, Pateros", "Schedule_T": "04:00-22:00", "Trip_Code": "T243", "Schedule_D": "Mondays to Sundays" }, "geometry": { "type": "MultiLineString", "coordinates": [ [ [ 121.097464806266998, 14.634428817148727 ], [ 121.097583246043087, 14.633555765345093 ], [ 121.097916775627439, 14.631271903321291 ], [ 121.098211106010552, 14.629316346829645 ], [ 121.098353408406226, 14.628036276147634 ], [ 121.0984495254244, 14.627189140320244 ], [ 121.097753863420465, 14.627226923340489 ], [ 121.096998038996006, 14.627330698844192 ], [ 121.09691450636862, 14.626936397948551 ], [ 121.096423311308826, 14.625698062697923 ], [ 121.09638398668487, 14.625550717701181 ], [ 121.096319059239477, 14.625378984582882 ], [ 121.096159025442333, 14.625236920903532 ], [ 121.095770972753229, 14.62492031226782 ], [ 121.095714562572951, 14.624865860159927 ], [ 121.09568412265304, 14.624668601946635 ], [ 121.096448799706735, 14.623036445429976 ], [ 121.095182599998054, 14.622589973001363 ], [ 121.094308462347115, 14.622435373551829 ], [ 121.093274678115847, 14.622454477108519 ], [ 121.092698070890734, 14.622439794688598 ], [ 121.09251605733435, 14.618908834023644 ], [ 121.091934123572273, 14.618766495649226 ], [ 121.091002034003836, 14.618755881840267 ], [ 121.090996414897987, 14.618697751691839 ], [ 121.090955291181757, 14.618488854042106 ], [ 121.092373339337087, 14.61859846402437 ], [ 121.092453133682483, 14.618480938108066 ], [ 121.09192628181512, 14.609788828329437 ], [ 121.091919997447647, 14.609385249287302 ], [ 121.091969654253816, 14.609146266013319 ], [ 121.092252072314466, 14.608276523483186 ], [ 121.092273922413639, 14.607782511579371 ], [ 121.092191496149894, 14.606717254260264 ], [ 121.092007288696095, 14.604615069932002 ], [ 121.092045285995013, 14.603912949782178 ], [ 121.092251548779643, 14.602404202319301 ], [ 121.092241050438915, 14.602044996333509 ], [ 121.092185752825173, 14.601553584269558 ], [ 121.09190728197224, 14.600399508906218 ], [ 121.091358550188019, 14.599277017789726 ], [ 121.091051091779548, 14.598844525521034 ], [ 121.08962073769483, 14.596940438683982 ], [ 121.08587830500737, 14.590794247485267 ], [ 121.085728001162963, 14.590757536900071 ], [ 121.083830008955758, 14.590547871386052 ], [ 121.083814064411385, 14.590293547702203 ], [ 121.084003403422798, 14.590297118301077 ], [ 121.084696452656686, 14.590451301596088 ], [ 121.084777595215172, 14.590444916225755 ], [ 121.084829809990339, 14.590398574540599 ], [ 121.084882649532872, 14.590198261243501 ], [ 121.085006993451728, 14.589223347132439 ], [ 121.085022889361241, 14.588761854818367 ], [ 121.085027774885489, 14.588542707214959 ], [ 121.085002798881987, 14.588235421183715 ], [ 121.084895722037402, 14.587837796711556 ], [ 121.084482898212443, 14.586707440352745 ], [ 121.084174059277672, 14.58581892774343 ], [ 121.083980496418448, 14.585312667405116 ], [ 121.083921895339969, 14.585133626969901 ], [ 121.083836475326805, 14.58456610131053 ], [ 121.08379391081067, 14.583881543904752 ], [ 121.083833612112301, 14.583076583668525 ], [ 121.083788594497562, 14.582622969198942 ], [ 121.083720858209915, 14.582403364898447 ], [ 121.083523737425438, 14.581812050766453 ], [ 121.083069300083267, 14.580645240776306 ], [ 121.082284715473079, 14.579275935547601 ], [ 121.08050777845861, 14.576698909035249 ], [ 121.079834121803856, 14.57582168500835 ], [ 121.07931085111683, 14.575063662569804 ], [ 121.079120995355836, 14.574719795756788 ], [ 121.07851365972698, 14.573603399233692 ], [ 121.077021154378883, 14.570658150015808 ], [ 121.076833985047273, 14.570131333031904 ], [ 121.076588498554358, 14.569261402941045 ], [ 121.076504197623322, 14.568660437268008 ], [ 121.075910962033959, 14.565132805841246 ], [ 121.075767543161845, 14.564559568326249 ], [ 121.075797103798692, 14.564234281367145 ], [ 121.076017373944453, 14.562635867113901 ], [ 121.076314768714226, 14.561834672383391 ], [ 121.076494493339482, 14.561483975292377 ], [ 121.076524249985354, 14.561211470377724 ], [ 121.076610335863649, 14.560575313947826 ], [ 121.076494203120404, 14.560240207918866 ], [ 121.07593398364223, 14.56040548111965 ], [ 121.07562919333067, 14.560092780207308 ], [ 121.07530500728663, 14.559899104496839 ], [ 121.074551134674238, 14.559678151302466 ], [ 121.074013071590542, 14.559633465779216 ], [ 121.073585002945038, 14.559563369719056 ], [ 121.073335805573748, 14.559168557345371 ], [ 121.073181219154861, 14.559003056786619 ], [ 121.073971548631761, 14.55832197260402 ], [ 121.074695549416688, 14.557603878025342 ], [ 121.074920203047824, 14.557483305882398 ], [ 121.075550836733569, 14.557309345893263 ], [ 121.075793134069443, 14.55723261047323 ], [ 121.07574818497514, 14.556764318485646 ], [ 121.075779673791473, 14.556414859452286 ], [ 121.07592757336468, 14.555807374397196 ], [ 121.076160160592465, 14.554741850746288 ], [ 121.076203991178105, 14.554316647952298 ], [ 121.076123538424611, 14.554062119325083 ], [ 121.075789543617802, 14.553303787635942 ], [ 121.075569579728167, 14.552959826491678 ], [ 121.074798374578933, 14.552060162493023 ], [ 121.073919083862421, 14.551055038842962 ] ] ] } },
{ "type": "Feature", "properties": { "Agency": "LTFRB", "Type": "PUJ", "Route_Code": "PUJ51B", "Route_Name": "Antipolo - Marikina (via Sumulong)", "Route_Begi": "J.P. Rizal St / P. Oliveros St Intersection, Antipolo City", "Route_End": "Marikina Sports Center, Sumulong Hwy., Marikina City", "Schedule_T": "04:00-22:00", "Trip_Code": "T233", "Schedule_D": "Mondays to Sundays" }, "geometry": { "type": "MultiLineString", "coordinates": [ [ [ 121.172001852655384, 14.587749924575329 ], [ 121.172019624829446, 14.587596161933229 ], [ 121.172827667077868, 14.587695645774382 ], [ 121.172727085947045, 14.589504861774268 ], [ 121.171863220810735, 14.589478716222184 ], [ 121.171819389646132, 14.592683873381242 ], [ 121.171877225936726, 14.593493655725469 ], [ 121.171936480582076, 14.594902816775537 ], [ 121.171832498643965, 14.596310629544369 ], [ 121.171978529220866, 14.596877106929195 ], [ 121.172219465158022, 14.597271459381487 ], [ 121.172974525015505, 14.598636212198093 ], [ 121.173433830400541, 14.599524212092181 ], [ 121.173574390231849, 14.599763505578039 ], [ 121.173828184022895, 14.599869513061234 ], [ 121.174750719671437, 14.600328815868203 ], [ 121.175231561773373, 14.600600172379046 ], [ 121.175464675345594, 14.600820974694814 ], [ 121.175632408439498, 14.60100255887621 ], [ 121.17594672154155, 14.601335518931624 ], [ 121.176085623957462, 14.601648963867644 ], [ 121.176082899014361, 14.601822136562431 ], [ 121.176038787965524, 14.602032172197665 ], [ 121.175862878232564, 14.602326551530901 ], [ 121.173636400213852, 14.606239234762644 ], [ 121.173502716303204, 14.606447998235195 ], [ 121.173294090647403, 14.606555594205416 ], [ 121.173007143944091, 14.606669918867938 ], [ 121.172722218090229, 14.606691879377117 ], [ 121.171857902260399, 14.606617491233877 ], [ 121.171044207414937, 14.606812933931829 ], [ 121.167793561094655, 14.607553327504871 ], [ 121.167161771866418, 14.607520482333204 ], [ 121.166974186478654, 14.607482790782242 ], [ 121.166384175650379, 14.607272136353375 ], [ 121.1659069612476, 14.607115844274915 ], [ 121.165577094651738, 14.607046816454 ], [ 121.165433966209562, 14.607064232631505 ], [ 121.165297362621629, 14.607124643074824 ], [ 121.165224875480774, 14.607166736891818 ], [ 121.164972936108725, 14.607319037509571 ], [ 121.163636636036131, 14.608919777347198 ], [ 121.163503944662253, 14.609023405334646 ], [ 121.163363959665233, 14.609104601192302 ], [ 121.16309397650879, 14.609173901630269 ], [ 121.162611377232068, 14.609161539292387 ], [ 121.162088617689861, 14.609170558637931 ], [ 121.161258021232655, 14.609208570685137 ], [ 121.160673215743046, 14.609258782776006 ], [ 121.160594009271705, 14.609284798703678 ], [ 121.160493686666911, 14.609310065579146 ], [ 121.160282247385339, 14.609444792161817 ], [ 121.160139989652322, 14.609617133416076 ], [ 121.159921662984374, 14.60996638102962 ], [ 121.159461974174505, 14.610628422607409 ], [ 121.159312540054131, 14.610736047438273 ], [ 121.15904304399794, 14.610926997805874 ], [ 121.158448188624433, 14.611302164177516 ], [ 121.158118219274243, 14.611522644283115 ], [ 121.157291714488906, 14.612129061752333 ], [ 121.156928466238895, 14.612454237610169 ], [ 121.156760241839947, 14.612724881708811 ], [ 121.156690985987183, 14.61288262721656 ], [ 121.156598065715968, 14.612975150701951 ], [ 121.156424671203936, 14.61307970615014 ], [ 121.156209698111695, 14.613160929189666 ], [ 121.155761411711708, 14.613178913065731 ], [ 121.155286909945914, 14.613110756174889 ], [ 121.155065190967221, 14.613059331506289 ], [ 121.154694629266515, 14.612904109831504 ], [ 121.154563403409412, 14.612864132649218 ], [ 121.154309161000498, 14.612860334394528 ], [ 121.154166142901914, 14.612879014835661 ], [ 121.153881292834768, 14.612958547152131 ], [ 121.153584459689966, 14.61308010007548 ], [ 121.153186340743531, 14.613230841830866 ], [ 121.152687860420841, 14.61337738614718 ], [ 121.152440321472483, 14.613520327183871 ], [ 121.151857988177667, 14.614034031160292 ], [ 121.151610093659912, 14.614260267651915 ], [ 121.151278646168748, 14.614915127782645 ], [ 121.151230482411904, 14.615080668827364 ], [ 121.151193801938859, 14.615213199046336 ], [ 121.15120880252762, 14.615320797929668 ], [ 121.151265456610204, 14.615467095695253 ], [ 121.15130361416341, 14.615525309793576 ], [ 121.151394288869, 14.615640505669671 ], [ 121.151568164966278, 14.615744718288212 ], [ 121.15194567222089, 14.615962118725889 ], [ 121.152110698555774, 14.616070292996373 ], [ 121.15230678286558, 14.61620910809985 ], [ 121.152402146798295, 14.616281627728126 ], [ 121.152488118465598, 14.61640299142605 ], [ 121.152577216620131, 14.616551628586118 ], [ 121.15272277129155, 14.616917035965999 ], [ 121.152744600870832, 14.6170855374117 ], [ 121.152749083725539, 14.617178666735157 ], [ 121.152531118904506, 14.617939080289855 ], [ 121.152360935741797, 14.618500678682175 ], [ 121.15223085734641, 14.618851310797686 ], [ 121.152115775743155, 14.618975197324408 ], [ 121.152026422141049, 14.619063569468643 ], [ 121.15182100449961, 14.619119628550276 ], [ 121.151620312972526, 14.619140694489067 ], [ 121.15116000439545, 14.61908412046189 ], [ 121.149219789535081, 14.61886887070823 ], [ 121.148925356870393, 14.618893494408974 ], [ 121.148642702799549, 14.618990124785684 ], [ 121.148523362864807, 14.619066977302706 ], [ 121.148069017346529, 14.619396110753517 ], [ 121.147049355251809, 14.620252844910096 ], [ 121.146893424252994, 14.620325149826117 ], [ 121.146753661506651, 14.620365323186132 ], [ 121.146517801745048, 14.620361219638269 ], [ 121.146197496373446, 14.620325289905486 ], [ 121.145966826712879, 14.620269500081976 ], [ 121.145771366733541, 14.620203003278107 ], [ 121.145634272212874, 14.620098192803804 ], [ 121.145553271551506, 14.620002661048627 ], [ 121.145427218993262, 14.619729090736413 ], [ 121.145278637967593, 14.619388278498375 ], [ 121.14509969610188, 14.618980896237225 ], [ 121.145002312223653, 14.618806066150279 ], [ 121.144888371717386, 14.618695425929097 ], [ 121.144779917478999, 14.61861634027367 ], [ 121.144622702236674, 14.618536313609566 ], [ 121.14421311369108, 14.618356881468944 ], [ 121.144147195376831, 14.618318981942497 ], [ 121.144078189040428, 14.618261491642386 ], [ 121.143949418436236, 14.618088713196835 ], [ 121.143897328365284, 14.618007354013908 ], [ 121.143776702586891, 14.617662861901733 ], [ 121.143669809218281, 14.617411986501448 ], [ 121.143512240651575, 14.617124465808571 ], [ 121.142879644828668, 14.616522720356645 ], [ 121.142652967818393, 14.616373204737918 ], [ 121.142401531402825, 14.61632047412226 ], [ 121.142257590025167, 14.616328978118348 ], [ 121.141911112244799, 14.616381756148829 ], [ 121.141804216601585, 14.616421669471872 ], [ 121.141500107889499, 14.616593789540712 ], [ 121.141244820617771, 14.616869326390995 ], [ 121.141169437650973, 14.616966743885889 ], [ 121.141052098830201, 14.617254787360316 ], [ 121.140969255830115, 14.617676939960406 ], [ 121.14080442069006, 14.618225258890833 ], [ 121.140704551920948, 14.618502836589293 ], [ 121.140600861210274, 14.618665451225393 ], [ 121.140550050683188, 14.618758198844011 ], [ 121.140394805096989, 14.618859903750765 ], [ 121.140245978378388, 14.61891622270223 ], [ 121.139973831672719, 14.618947250133887 ], [ 121.139775486255687, 14.618936079360839 ], [ 121.13960628672676, 14.618898069551324 ], [ 121.139436248704413, 14.618821701285311 ], [ 121.139119677908596, 14.618623394236039 ], [ 121.138523401560306, 14.618197997209403 ], [ 121.137817604330309, 14.617674386498726 ], [ 121.137311845417543, 14.617377010891946 ], [ 121.137035880351632, 14.617293071785705 ], [ 121.136616926303518, 14.617257262371329 ], [ 121.135889890762201, 14.617247870406159 ], [ 121.135441757660956, 14.617209436973816 ], [ 121.134938550997873, 14.617260271461543 ], [ 121.134283044401499, 14.617459950210311 ], [ 121.133385481198431, 14.617746993142728 ], [ 121.13240958939636, 14.618040747919585 ], [ 121.131309669627626, 14.618388685489796 ], [ 121.130192831718603, 14.618840548233221 ], [ 121.129422253867901, 14.619193549437115 ], [ 121.128767012668433, 14.619541785462518 ], [ 121.127998383443895, 14.620280196475814 ], [ 121.127212529568453, 14.621104627030286 ], [ 121.125649607483368, 14.622705328621171 ], [ 121.125211947995865, 14.623175815800762 ], [ 121.125029560799817, 14.62338487784119 ], [ 121.12484331049447, 14.62369675088272 ], [ 121.124763157836611, 14.623959820199621 ], [ 121.12462404483324, 14.624662201693415 ], [ 121.124480939213043, 14.625189428017542 ], [ 121.12442067683692, 14.625949101913228 ], [ 121.124251643843849, 14.627019132146357 ], [ 121.124056918900322, 14.628270703776414 ], [ 121.123943499967467, 14.62858786327056 ], [ 121.123822434287106, 14.628762205917839 ], [ 121.123652531845195, 14.62892023744967 ], [ 121.122687961222823, 14.629136116255484 ], [ 121.120845918273361, 14.629483538879548 ], [ 121.120583729559442, 14.629552119161231 ], [ 121.120261633124912, 14.629656575881782 ], [ 121.119910333996074, 14.629845518016563 ], [ 121.118795270337287, 14.630550804924884 ], [ 121.117773905874586, 14.631186571147255 ], [ 121.116715521311264, 14.631820379620983 ], [ 121.116586637866661, 14.631908279782003 ], [ 121.116176341924714, 14.632143261338205 ], [ 121.11589326008486, 14.632213625652668 ], [ 121.115479165574598, 14.632290087724911 ], [ 121.114043032978003, 14.632587312462734 ], [ 121.113010089477896, 14.632803881255409 ], [ 121.112144881525339, 14.632954840431475 ], [ 121.109752744619996, 14.633446637073938 ], [ 121.108978145729637, 14.633610321019866 ], [ 121.099370165764299, 14.635549851275917 ] ] ] } },
{ "type": "Feature", "properties": { "Agency": "LTFRB", "Type": "PUJ", "Route_Code": "PUJ53B", "Route_Name": "Pasig - Marikina via Dela Paz", "Route_Begi": "Pasig City Mega Market, Market Ave., Pasig City", "Route_End": "Marikina Sports Center, Marikina City", "Schedule_T": "04:00-22:00", "Trip_Code": null, "Schedule_D": "Mondays to Sundays" }, "geometry": { "type": "MultiLineString", "coordinates": [ [ [ 121.083340130563883, 14.558942167773303 ], [ 121.083628425385413, 14.559661550287819 ], [ 121.082986764538148, 14.559926859744824 ], [ 121.081916620657864, 14.560320103976101 ], [ 121.080959108769065, 14.560658840441556 ], [ 121.081599013351877, 14.56236481912649 ], [ 121.081867053453038, 14.563029622098904 ], [ 121.081514593842996, 14.563172715533375 ], [ 121.081144123841298, 14.563257008132142 ], [ 121.080878078359291, 14.563301424516171 ], [ 121.080748708427564, 14.56334652814016 ], [ 121.080598349031092, 14.563687394655142 ], [ 121.080278147652166, 14.564822575459399 ], [ 121.080120093973321, 14.565694788485137 ], [ 121.080062270319985, 14.566040117561522 ], [ 121.079928293649814, 14.566227956780777 ], [ 121.079509858670676, 14.56657318339345 ], [ 121.079257490017312, 14.566822205111491 ], [ 121.078540111676475, 14.566512229707218 ], [ 121.077587983136652, 14.566135684483475 ], [ 121.077384080045817, 14.566202795360468 ], [ 121.077138263179606, 14.566269984956682 ], [ 121.076669163062675, 14.566190275798856 ], [ 121.076124124598778, 14.566092523548058 ], [ 121.07624360789184, 14.566791392316428 ], [ 121.07635044396352, 14.567483136279698 ], [ 121.076476427556145, 14.568281546569565 ], [ 121.076583795295051, 14.569032038424925 ], [ 121.076653101675817, 14.569360306162807 ], [ 121.076758780996428, 14.569739615410574 ], [ 121.077124613968266, 14.570784406609839 ], [ 121.077431769693391, 14.57142498190429 ], [ 121.07810401884386, 14.572758423222776 ], [ 121.078582913595497, 14.573665126857755 ], [ 121.079429230430577, 14.575211117106672 ], [ 121.079852334105766, 14.575798452463683 ], [ 121.080160117637462, 14.576199155929567 ], [ 121.081014355704042, 14.577374684249914 ], [ 121.081707091154755, 14.578379906982633 ], [ 121.082614880518506, 14.579708664489631 ], [ 121.082886978624657, 14.58020679642302 ], [ 121.083122009647496, 14.580646210758944 ], [ 121.083237900463203, 14.580927171141882 ], [ 121.083313208170381, 14.581128054126813 ], [ 121.083495001926281, 14.581593682662394 ], [ 121.083650965105534, 14.582072350961207 ], [ 121.083774419545051, 14.582454779247717 ], [ 121.083833557775492, 14.582740593901375 ], [ 121.083864712655952, 14.583086048500441 ], [ 121.08385484654211, 14.583399426383693 ], [ 121.083837438144187, 14.58378771489504 ], [ 121.083842217756938, 14.584228257406556 ], [ 121.083891842435904, 14.584760890237286 ], [ 121.083952589693411, 14.58508215278175 ], [ 121.083964487910578, 14.585126003770601 ], [ 121.084179221967943, 14.585780666879751 ], [ 121.084369915954326, 14.586265647269688 ], [ 121.08465491740408, 14.586193305293168 ], [ 121.084969143067411, 14.58614553904181 ], [ 121.085451796657622, 14.586098062891852 ], [ 121.086686950365333, 14.585850831526988 ], [ 121.088364317306841, 14.585565759728913 ], [ 121.088537520940449, 14.58621778425379 ], [ 121.088641493184113, 14.586648293527418 ], [ 121.088682241923195, 14.586906283992944 ], [ 121.088819134110977, 14.58757843428655 ], [ 121.089064152594915, 14.588498168667281 ], [ 121.089310770069787, 14.589365161272935 ], [ 121.089536702759787, 14.590249395493338 ], [ 121.089727307713133, 14.590284144943416 ], [ 121.090707235134815, 14.59019256389233 ], [ 121.090950652079854, 14.590108300643598 ], [ 121.091400492225887, 14.590040412485282 ], [ 121.091879923850712, 14.589948330483068 ], [ 121.092227788637231, 14.589912374696848 ], [ 121.091981958830743, 14.590867920210234 ], [ 121.091769241498852, 14.591679836529369 ], [ 121.091521870922691, 14.592530303284192 ], [ 121.091327640723208, 14.593247804896235 ], [ 121.09056002855462, 14.596115464634879 ], [ 121.090450812656783, 14.596401758090954 ], [ 121.090343539510116, 14.596639148452216 ], [ 121.090242415155572, 14.596742179880014 ], [ 121.090082913454992, 14.596840922802134 ], [ 121.089789534572503, 14.597023064702805 ], [ 121.090075798165657, 14.597378409814493 ], [ 121.090387871601266, 14.597843718307738 ], [ 121.09123538726098, 14.599013604523497 ], [ 121.091357947807424, 14.5991833665569 ], [ 121.091459012942252, 14.599423044583881 ], [ 121.091644569550184, 14.599771533068992 ], [ 121.091849240946061, 14.600217406676609 ], [ 121.091971928078607, 14.600485404839134 ], [ 121.09217193106457, 14.601328534543939 ], [ 121.092276478955654, 14.601994167954217 ], [ 121.092278683066354, 14.602300324974522 ], [ 121.092109859591559, 14.603880536908886 ], [ 121.092056517628521, 14.604169785894513 ], [ 121.092063379596624, 14.604914948990107 ], [ 121.092191496149894, 14.606717254260264 ], [ 121.092319770856776, 14.60800288184611 ], [ 121.092276891198537, 14.608337651498603 ], [ 121.09212748291931, 14.608830067281191 ], [ 121.091993801490972, 14.609426346789377 ], [ 121.091999330320107, 14.60976935190115 ], [ 121.092047978499792, 14.610625432021498 ], [ 121.092140379788702, 14.611790302616825 ], [ 121.092163444063758, 14.612116335310937 ], [ 121.092277606463099, 14.614121019920589 ], [ 121.092508576286122, 14.618018763885786 ], [ 121.092554535718534, 14.618633710764177 ], [ 121.094350757838782, 14.619011477984914 ], [ 121.094323059193627, 14.619303174375009 ], [ 121.093656788661107, 14.619156729262492 ], [ 121.092604550326271, 14.618900351757436 ], [ 121.09254646221008, 14.619019653881107 ], [ 121.092565390944173, 14.61924701961671 ], [ 121.092740747065974, 14.621577567928989 ], [ 121.092904679607045, 14.621580560670139 ], [ 121.093398159315413, 14.621555355915163 ], [ 121.094568024780585, 14.621489292076882 ], [ 121.094732564080516, 14.621481401215302 ], [ 121.094901398991993, 14.621521105827266 ], [ 121.09572242458205, 14.621744816082455 ], [ 121.095980181261467, 14.6218542704523 ], [ 121.096877307205233, 14.62221690126912 ], [ 121.096108762299522, 14.623983044004111 ], [ 121.096302670855223, 14.624071659656087 ], [ 121.096734878794038, 14.624353395611148 ], [ 121.097056382299115, 14.624658529692452 ], [ 121.097153758986721, 14.624821935422924 ], [ 121.097308797102741, 14.625201656036323 ], [ 121.097583144331978, 14.626022948379093 ], [ 121.097753863420465, 14.627226923340489 ], [ 121.097741564572445, 14.628147620861972 ], [ 121.097655604892893, 14.628885255637028 ], [ 121.097446706720518, 14.629661368176075 ], [ 121.097301310671526, 14.630223733107906 ], [ 121.097604182742657, 14.630322363146377 ], [ 121.098098181059953, 14.630461108749074 ], [ 121.097992227309362, 14.631082867485265 ], [ 121.097925503335489, 14.631716740784174 ], [ 121.097848615736552, 14.632370050195842 ], [ 121.098709991899796, 14.632441768773127 ], [ 121.098554402598694, 14.633640239554561 ], [ 121.098112992256773, 14.633599601106384 ] ] ] } },
{ "type": "Feature", "properties": { "Agency": "LTFRB", "Type": "PUJ", "Route_Code": "PUJ54B", "Route_Name": "Paenaan - Marikina(TP) via Marcos Hwy", "Route_Begi": "Marcos Highway", "Route_End": "Marikina Elementary School, Marikina City", "Schedule_T": "04:00-22:00", "Trip_Code": null, "Schedule_D": "Mondays to Sundays" }, "geometry": { "type": "MultiLineString", "coordinates": [ [ [ 121.268572077999636, 14.617977578061899 ], [ 121.263487647996143, 14.620096606987794 ], [ 121.262457146267081, 14.620805260247559 ], [ 121.25873817950729, 14.623682033175452 ], [ 121.258111548630595, 14.624094073201436 ], [ 121.257604820965369, 14.624303306809887 ], [ 121.257043925272697, 14.624351696762258 ], [ 121.25366446640318, 14.624791416691743 ], [ 121.252613473680427, 14.624797387112816 ], [ 121.251541186968197, 14.624612729632579 ], [ 121.250950131179138, 14.624525135015483 ], [ 121.250528253002102, 14.62458076547923 ], [ 121.249704802607752, 14.624697971273903 ], [ 121.248926183730617, 14.624851724502166 ], [ 121.242951382593731, 14.626007779643567 ], [ 121.242561920410282, 14.626072148281425 ], [ 121.242277873253315, 14.626035048389941 ], [ 121.241991600250131, 14.625886513762261 ], [ 121.241835583758572, 14.62575754351159 ], [ 121.24169858744429, 14.625576894179124 ], [ 121.241357520159198, 14.624869177275295 ], [ 121.241189370666206, 14.624671967300142 ], [ 121.24102263010397, 14.624555468574121 ], [ 121.240738983727397, 14.624501011094317 ], [ 121.240555724915552, 14.624507185135588 ], [ 121.239799103800181, 14.62455508336547 ], [ 121.239549736683173, 14.624551558204416 ], [ 121.2388345253392, 14.624576638033123 ], [ 121.238438033496067, 14.624563659920227 ], [ 121.237882708595762, 14.624445046272802 ], [ 121.237125769260686, 14.624185029097383 ], [ 121.236905975591981, 14.624115440929273 ], [ 121.236674536759608, 14.624069951239164 ], [ 121.236496814542932, 14.624071795763195 ], [ 121.236319110565589, 14.62413907456291 ], [ 121.236040258757797, 14.624311299602111 ], [ 121.234202503355192, 14.625751445568064 ], [ 121.233938244125369, 14.625932033260188 ], [ 121.233706717373082, 14.625994324916617 ], [ 121.233520975147655, 14.625994933553391 ], [ 121.233367757756469, 14.625961946058444 ], [ 121.233214193294089, 14.625925139201088 ], [ 121.23293514667013, 14.625595060163526 ], [ 121.232693103734832, 14.625150166443472 ], [ 121.232443078487364, 14.624617429399073 ], [ 121.232188505970385, 14.624339129202946 ], [ 121.23198763140843, 14.624260208004705 ], [ 121.231709488625285, 14.624288022645992 ], [ 121.23154141540472, 14.624352543291232 ], [ 121.230566297869544, 14.624671357704909 ], [ 121.229923678528664, 14.625038505384794 ], [ 121.229367382593452, 14.62552908592165 ], [ 121.229286012699262, 14.625851727665941 ], [ 121.229270734708493, 14.62611863634269 ], [ 121.22940120839327, 14.626553899185115 ], [ 121.229620373227874, 14.626877593587905 ], [ 121.230325255210872, 14.627717570625585 ], [ 121.23083572593157, 14.628027713994388 ], [ 121.231487858390153, 14.628287159183925 ], [ 121.232130482216533, 14.628354963486849 ], [ 121.232925145368483, 14.628355777127799 ], [ 121.233452733941007, 14.628375752338371 ], [ 121.2337063404388, 14.628469374546155 ], [ 121.23388601056358, 14.628619406816398 ], [ 121.23412222720043, 14.628826153052115 ], [ 121.234230981566782, 14.629109318603208 ], [ 121.234266840877453, 14.62946035232776 ], [ 121.234181450366762, 14.629825683434895 ], [ 121.234019102244005, 14.630170701727955 ], [ 121.233676422672332, 14.630488917917797 ], [ 121.232907438059542, 14.631205688347325 ], [ 121.23233370619289, 14.632113487622386 ], [ 121.231929144098473, 14.63272956943363 ], [ 121.230981192736607, 14.634304719399646 ], [ 121.2306993712902, 14.634661952471609 ], [ 121.230514401371153, 14.634779891182633 ], [ 121.230302703160532, 14.634821224558815 ], [ 121.230066827576834, 14.634835771915741 ], [ 121.229882119083356, 14.634847835549893 ], [ 121.229438765856486, 14.634710893264918 ], [ 121.229244565636236, 14.634596751701649 ], [ 121.228885415802722, 14.634146545998462 ], [ 121.22795097470518, 14.632781682413649 ], [ 121.226977704124366, 14.631337403517866 ], [ 121.226488176785409, 14.630561623678521 ], [ 121.226253081195594, 14.630193108770452 ], [ 121.226017217319409, 14.629990173765655 ], [ 121.225775832266095, 14.629856999004039 ], [ 121.225614074278695, 14.629817043622184 ], [ 121.225363622453159, 14.629888654902839 ], [ 121.225136599805481, 14.630000588668812 ], [ 121.224795536633081, 14.630380238208687 ], [ 121.224730377258055, 14.630489777669258 ], [ 121.224209176432836, 14.631192873987152 ], [ 121.223992002060029, 14.63150026533574 ], [ 121.223798921174151, 14.631724749067857 ], [ 121.223633162683313, 14.631858348866396 ], [ 121.223510070052299, 14.63189589421561 ], [ 121.223282909512932, 14.631919307207214 ], [ 121.223215185411135, 14.631913592322269 ], [ 121.222712483500629, 14.631775975427377 ], [ 121.222147899778008, 14.631435832240765 ], [ 121.221501957603991, 14.63098337023305 ], [ 121.220734526371871, 14.630499027648556 ], [ 121.219846514388436, 14.629905742087164 ], [ 121.219723849073944, 14.629773885942559 ], [ 121.219658527256414, 14.629664036088533 ], [ 121.219619035371366, 14.629490375614218 ], [ 121.219594192906328, 14.629303906247387 ], [ 121.21961503294294, 14.629098106643438 ], [ 121.219667386320936, 14.62897812399896 ], [ 121.219767610085484, 14.62881937690512 ], [ 121.219926564390889, 14.62869791319824 ], [ 121.220102836292796, 14.628636544609137 ], [ 121.220336904741899, 14.628558651490378 ], [ 121.220646087532103, 14.628524328852302 ], [ 121.221334229642693, 14.62835344459725 ], [ 121.221701527498197, 14.628175546283501 ], [ 121.221876729731889, 14.627971849617103 ], [ 121.221974629274769, 14.627744016753564 ], [ 121.221997442216974, 14.627603482497841 ], [ 121.221977454921785, 14.627470483298644 ], [ 121.221947087952088, 14.627353774608013 ], [ 121.221851398885178, 14.627127216653664 ], [ 121.221563509601538, 14.62691721047895 ], [ 121.221159413781805, 14.626559395801857 ], [ 121.221005129564318, 14.626384073383376 ], [ 121.220975910473584, 14.626236472508685 ], [ 121.220949573155494, 14.626077076001199 ], [ 121.220928545931528, 14.625932618837275 ], [ 121.220965500196129, 14.625556068412955 ], [ 121.221057289312029, 14.625348007862298 ], [ 121.221185420818827, 14.625148365067263 ], [ 121.221263388427943, 14.625049271036133 ], [ 121.22146518996405, 14.624616183589147 ], [ 121.2215307748545, 14.624337245433525 ], [ 121.221509400523516, 14.624188969021795 ], [ 121.221399517749603, 14.62393668918865 ], [ 121.221343776214653, 14.623845260576074 ], [ 121.221259884100476, 14.623748557880301 ], [ 121.221100319263044, 14.62368916507168 ], [ 121.220768622308427, 14.623606103779231 ], [ 121.220382599164978, 14.623577759261616 ], [ 121.218975444664153, 14.62344873440902 ], [ 121.21815067391934, 14.623377332867687 ], [ 121.217831118058925, 14.623427942450805 ], [ 121.217496805780357, 14.623533710252589 ], [ 121.216950254063008, 14.623827113754214 ], [ 121.216525749989898, 14.624071516539161 ], [ 121.215939038426995, 14.624314486970123 ], [ 121.215447587647503, 14.624387590434617 ], [ 121.214811808030205, 14.624438475632902 ], [ 121.213924406978492, 14.624460981096364 ], [ 121.213491475817989, 14.624373152251179 ], [ 121.211691729529846, 14.623925681726718 ], [ 121.211059938004794, 14.623672131065016 ], [ 121.210003098333033, 14.6231780240656 ], [ 121.20965091693688, 14.623021652069642 ], [ 121.209348123077419, 14.62293031356711 ], [ 121.208978723217342, 14.622954407615067 ], [ 121.20862109050114, 14.622977488361844 ], [ 121.208096784832065, 14.623211218678421 ], [ 121.206802591106609, 14.623934606528167 ], [ 121.206457782578283, 14.624098998347847 ], [ 121.206270892293503, 14.624130477241591 ], [ 121.205896071636346, 14.624181976655038 ], [ 121.205370574454335, 14.624184854725932 ], [ 121.204647770333338, 14.623973760800572 ], [ 121.204119119278076, 14.623680524052251 ], [ 121.203613184036897, 14.623289103350839 ], [ 121.202658372592921, 14.622089492525314 ], [ 121.201015784641328, 14.620106089102396 ], [ 121.200625565247663, 14.619639272414771 ], [ 121.200316597200001, 14.619457999318763 ], [ 121.200076403951428, 14.61942477463746 ], [ 121.199560038031322, 14.6194845918428 ], [ 121.198967553668467, 14.619751110496988 ], [ 121.19674920223143, 14.620919604583897 ], [ 121.19479614212014, 14.621788123094225 ], [ 121.192993315156755, 14.622460871519046 ], [ 121.191824980686306, 14.622959723426254 ], [ 121.191447448256369, 14.623024904579777 ], [ 121.190404120546134, 14.622897140904566 ], [ 121.188855422815152, 14.622645386875977 ], [ 121.18638644669079, 14.62231492411617 ], [ 121.184948485998135, 14.622244243111629 ], [ 121.183068974671102, 14.622392239882112 ], [ 121.180639363678978, 14.622604906463463 ], [ 121.179836759669087, 14.622646938393244 ], [ 121.178946476565585, 14.622681105773461 ], [ 121.178529540629825, 14.622616857801434 ], [ 121.176994008010709, 14.62224842168388 ], [ 121.176533465287065, 14.622226408190182 ], [ 121.176188520369394, 14.622302236160769 ], [ 121.175706058833967, 14.622474559293074 ], [ 121.174866075550668, 14.622758429750059 ], [ 121.174409454392205, 14.622736075064781 ], [ 121.173962178109321, 14.622685972971631 ], [ 121.173302628820437, 14.622430858917919 ], [ 121.172012495276903, 14.621629455231497 ], [ 121.171453090716838, 14.621257958773425 ], [ 121.170567880131259, 14.620847397008403 ], [ 121.169749376177421, 14.620865432683386 ], [ 121.168991882361951, 14.620968987347633 ], [ 121.167959108428761, 14.621611960666364 ], [ 121.167503169269011, 14.621989839286842 ], [ 121.166685902943058, 14.622306370331916 ], [ 121.166072379336114, 14.622428343304659 ], [ 121.165815571630603, 14.622473491978212 ], [ 121.16542366436741, 14.622641865663235 ], [ 121.165359169446631, 14.622759027680313 ], [ 121.165040622053183, 14.623213631278018 ], [ 121.164792561069959, 14.623704521404301 ], [ 121.164701948131352, 14.623771852252712 ], [ 121.164433525806089, 14.623973995636668 ], [ 121.163384245138019, 14.624260399250703 ], [ 121.163141049363631, 14.624281281466462 ], [ 121.162937888099194, 14.624264084152015 ], [ 121.162570680286834, 14.624137801631445 ], [ 121.162135995578467, 14.623790216448949 ], [ 121.161855555882468, 14.623635449619691 ], [ 121.161420613646797, 14.623616844988645 ], [ 121.160896499459824, 14.623634900299562 ], [ 121.160340543275268, 14.623661461789181 ], [ 121.160123618389903, 14.623647765352747 ], [ 121.159826385120923, 14.623593017936665 ], [ 121.158994791567451, 14.623162105257624 ], [ 121.158783736848179, 14.623035883372864 ], [ 121.158654644982619, 14.622985380254294 ], [ 121.158438047875038, 14.622928917246915 ], [ 121.158099967114737, 14.622905977178371 ], [ 121.157645650489684, 14.622942989186686 ], [ 121.156623945755896, 14.623128906881174 ], [ 121.154806095150889, 14.623440345791215 ], [ 121.153008394400061, 14.623952598056455 ], [ 121.152455664065982, 14.624003882678968 ], [ 121.151427044514776, 14.624038268776394 ], [ 121.149911008346663, 14.623972059769311 ], [ 121.149543793342346, 14.623976626097628 ], [ 121.149248100615196, 14.624028941752629 ], [ 121.148796993997649, 14.624198516810166 ], [ 121.148325807910169, 14.624408304405568 ], [ 121.14800696911891, 14.624576151698902 ], [ 121.147353029219843, 14.624863202322878 ], [ 121.146252763294811, 14.625329033264363 ], [ 121.145046289438568, 14.625844384973204 ], [ 121.144567612881758, 14.625900929111737 ], [ 121.142398365206191, 14.62576360163049 ], [ 121.141291659138801, 14.625612187438357 ], [ 121.138585341764795, 14.624951313990579 ], [ 121.13636353084388, 14.624599127810988 ], [ 121.133804485478109, 14.624364363167022 ], [ 121.132823276738421, 14.62439845083806 ], [ 121.130929062732918, 14.624557239370642 ], [ 121.125660318580501, 14.625341433835828 ], [ 121.124790781966524, 14.625491117923257 ], [ 121.12431373076231, 14.625505057058062 ], [ 121.114012731889588, 14.623366113099747 ], [ 121.110623449989149, 14.622647949889133 ], [ 121.107874089772949, 14.622055848624054 ], [ 121.105520191761087, 14.621553026183193 ], [ 121.104183757774251, 14.621286392622755 ], [ 121.10197257514406, 14.620897372246956 ], [ 121.102033084050632, 14.621687973417266 ], [ 121.102136343304053, 14.622722213303582 ], [ 121.102225356718691, 14.623401640097855 ], [ 121.102302861643679, 14.624172503517592 ], [ 121.102340946363626, 14.624659990873761 ], [ 121.102357910132397, 14.625526488189797 ], [ 121.102287088203425, 14.626186880586747 ], [ 121.102183936546368, 14.627102149776951 ], [ 121.102146046519877, 14.627426784587444 ], [ 121.101983471610083, 14.628712794958291 ], [ 121.101890663198461, 14.629567518799378 ], [ 121.101871674671216, 14.629773141065117 ], [ 121.101291264221388, 14.629715050610359 ], [ 121.10049316547115, 14.629610158381753 ], [ 121.098240704477348, 14.629344910899521 ], [ 121.098150125428674, 14.630049330538508 ], [ 121.097882363594692, 14.631912246186404 ] ] ] } },
{ "type": "Feature", "properties": { "Agency": "LTFRB", "Type": "PUJ", "Route_Code": "PUJ71A", "Route_Name": "Antipol - Cubao via Imelda", "Route_Begi": "L. Sumulong Memorial Cir, Antipolo City, Manila", "Route_End": "8th Ave, Quezon City, Manila", "Schedule_T": "06:00 - 00:00", "Trip_Code": null, "Schedule_D": "Mondays to Sundays" }, "geometry": { "type": "MultiLineString", "coordinates": [ [ [ 121.062997965099598, 14.627679194816832 ], [ 121.065076388650795, 14.628031803279466 ], [ 121.066539907145696, 14.628266678295375 ], [ 121.067111440987091, 14.628355459696992 ], [ 121.067500543664437, 14.628510994051258 ], [ 121.068445227974024, 14.628940159212817 ], [ 121.072771995326491, 14.631006917843209 ], [ 121.073998948818911, 14.631612187308727 ], [ 121.074432783259368, 14.631811524274418 ], [ 121.075901932492471, 14.632600744126576 ], [ 121.076099613305587, 14.63267294404063 ], [ 121.076440388114591, 14.632689243918223 ], [ 121.076948486354354, 14.632571705474763 ], [ 121.07738323392762, 14.632328993984073 ], [ 121.077783209961581, 14.63202220969556 ], [ 121.078744592164185, 14.630797610052616 ], [ 121.079449982729201, 14.629798673840622 ], [ 121.080243193831592, 14.628648432521539 ], [ 121.081659548437614, 14.627024108346847 ], [ 121.082871816505715, 14.625802909784261 ], [ 121.084316234559765, 14.624205102297223 ], [ 121.087743311451774, 14.620697349374529 ], [ 121.08925766590572, 14.61918632596206 ], [ 121.089621696333424, 14.618943462646811 ], [ 121.090338642040521, 14.618615711532225 ], [ 121.090671779235421, 14.618532515910024 ], [ 121.091100724546976, 14.618486995778584 ], [ 121.091560311809346, 14.61852001298216 ], [ 121.092028039370817, 14.618562918869319 ], [ 121.096405028696708, 14.619449007884853 ], [ 121.101844203231607, 14.620569617471567 ], [ 121.101633042092672, 14.618812757342212 ], [ 121.101566396822776, 14.618215054625916 ], [ 121.101554125011745, 14.617827070371352 ], [ 121.101569144772782, 14.617422626291498 ], [ 121.101659620853908, 14.616638567345314 ], [ 121.101853507811882, 14.615840443038826 ], [ 121.102519665806085, 14.613641414509649 ], [ 121.103054253430983, 14.611851146783122 ], [ 121.103018184597076, 14.611782778390685 ], [ 121.104005777797155, 14.608623403100541 ], [ 121.105577727290807, 14.603849445599401 ], [ 121.105687838967825, 14.603453623739107 ], [ 121.107292561693797, 14.600768925925646 ], [ 121.114643990835006, 14.588945737694456 ], [ 121.11477069419324, 14.586467422139425 ], [ 121.138301690040521, 14.579167775409761 ], [ 121.142961374725218, 14.577667074859544 ], [ 121.143135748341521, 14.57748185166944 ], [ 121.143203291969058, 14.5774875252095 ], [ 121.143371805303687, 14.577608042634321 ], [ 121.143491524558613, 14.57767981488017 ], [ 121.143844808062255, 14.577750073774896 ], [ 121.144242306499422, 14.577900913908753 ], [ 121.144373392359185, 14.577995844589227 ], [ 121.14460499946189, 14.578192991492092 ], [ 121.144983454030367, 14.578631609368482 ], [ 121.145428558950186, 14.579246239245698 ], [ 121.145652399436344, 14.579417585930603 ], [ 121.14589961827896, 14.57952693739046 ], [ 121.146050513980455, 14.579552805925875 ], [ 121.14655417427295, 14.579603100009026 ], [ 121.146858658664726, 14.579684599590685 ], [ 121.147009753041658, 14.579812784721884 ], [ 121.147353744495575, 14.580651342920644 ], [ 121.147467452582205, 14.580826845614871 ], [ 121.147698100077477, 14.581133463984136 ], [ 121.14795578389969, 14.581298375722129 ], [ 121.148397950743686, 14.581399817186202 ], [ 121.149024806962686, 14.581480114840449 ], [ 121.14941765133905, 14.581516976246011 ], [ 121.149623003548513, 14.581584043090798 ], [ 121.149775691889133, 14.581669744596612 ], [ 121.151441879407358, 14.583245254009119 ], [ 121.15231926364855, 14.584292096831543 ], [ 121.152420350870997, 14.584368110770686 ], [ 121.15258774094734, 14.584456077525061 ], [ 121.152807795570467, 14.584525408643257 ], [ 121.152921680466562, 14.584582680036569 ], [ 121.153010921312031, 14.584687940762423 ], [ 121.153047071268858, 14.584847161373668 ], [ 121.153038257960077, 14.584944959126426 ], [ 121.152924606610668, 14.585455800149489 ], [ 121.152996550407011, 14.585900425576067 ], [ 121.153302753203434, 14.586361113146985 ], [ 121.154086000580563, 14.586727920097282 ], [ 121.15434243922958, 14.586758839039263 ], [ 121.155755687689989, 14.586559887759009 ], [ 121.156235997770153, 14.586582172241325 ], [ 121.156768962539871, 14.586705798603306 ], [ 121.15699378491135, 14.586707669947467 ], [ 121.157240400718663, 14.58676016061176 ], [ 121.158350019923745, 14.586839568416288 ], [ 121.159657928014468, 14.586797846323069 ], [ 121.160165526166708, 14.586761319241424 ], [ 121.160948492137919, 14.586764663735119 ], [ 121.161949761375269, 14.586587817457598 ], [ 121.162997878083203, 14.586368126971962 ], [ 121.163840703581812, 14.586232227184563 ], [ 121.163992347676697, 14.58622626126799 ], [ 121.164233770962454, 14.58625140138345 ], [ 121.164290873833622, 14.586281785055712 ], [ 121.164570142973062, 14.586564804692069 ], [ 121.164736797710034, 14.586684585442471 ], [ 121.165061653866502, 14.586790778746101 ], [ 121.165153653048165, 14.586846395391046 ], [ 121.165365566313525, 14.587025806776063 ], [ 121.165723079332068, 14.587612638288007 ], [ 121.165887907128109, 14.587832263479381 ], [ 121.166093772535092, 14.587894861556808 ], [ 121.166302047986633, 14.587854035404957 ], [ 121.167087929721561, 14.587749481089112 ], [ 121.167331103403498, 14.58767389729919 ], [ 121.167611980123212, 14.587494504142873 ], [ 121.167866843606276, 14.587267942050877 ], [ 121.168235630543506, 14.586953808337004 ], [ 121.168565655850159, 14.586562145203384 ], [ 121.168646454158107, 14.58635406335455 ], [ 121.168676122927593, 14.586141551644708 ], [ 121.168699035247158, 14.585534395656243 ], [ 121.168697304981492, 14.585035220255588 ], [ 121.168800521749034, 14.582974360907267 ], [ 121.168871595752123, 14.582558915393212 ], [ 121.169084639394583, 14.581970713784925 ], [ 121.169270074173625, 14.58167777351985 ], [ 121.169639722497337, 14.581238442284649 ], [ 121.170206375525723, 14.580753955201857 ], [ 121.170843185440049, 14.580423999305296 ], [ 121.171139487380557, 14.580335024352408 ], [ 121.171817743066654, 14.580262635738839 ], [ 121.172235016380014, 14.580269129606984 ], [ 121.173000404450505, 14.580358633410667 ], [ 121.17386043550367, 14.580492934388003 ], [ 121.175851951070811, 14.580798189414498 ], [ 121.177867370396896, 14.581087258256744 ] ] ] } }
]
}
